-- phpMyAdmin SQL Dump
-- version 5.2.0
-- https://www.phpmyadmin.net/
--
-- Host: localhost:3306
-- Generation Time: Jun 16, 2025 at 04:13 PM
-- Server version: 8.0.30
-- PHP Version: 8.3.13

SET SQL_MODE = "NO_AUTO_VALUE_ON_ZERO";
START TRANSACTION;
SET time_zone = "+00:00";


/*!40101 SET @OLD_CHARACTER_SET_CLIENT=@@CHARACTER_SET_CLIENT */;
/*!40101 SET @OLD_CHARACTER_SET_RESULTS=@@CHARACTER_SET_RESULTS */;
/*!40101 SET @OLD_COLLATION_CONNECTION=@@COLLATION_CONNECTION */;
/*!40101 SET NAMES utf8mb4 */;

--
-- Database: `mahfuza_overseas`
--

-- --------------------------------------------------------

--
-- Table structure for table `agents`
--

CREATE TABLE `agents` (
  `id` bigint UNSIGNED NOT NULL,
  `company_id` bigint UNSIGNED NOT NULL,
  `branch_id` bigint UNSIGNED NOT NULL,
  `first_name` varchar(255) COLLATE utf8mb4_unicode_ci NOT NULL,
  `last_name` varchar(255) COLLATE utf8mb4_unicode_ci NOT NULL,
  `agent_code` varchar(255) COLLATE utf8mb4_unicode_ci NOT NULL,
  `phone_number` varchar(255) COLLATE utf8mb4_unicode_ci NOT NULL,
  `email` varchar(255) COLLATE utf8mb4_unicode_ci DEFAULT NULL,
  `opening_balance` decimal(25,2) DEFAULT NULL,
  `date_of_birth` date NOT NULL,
  `take_registration_fee` int NOT NULL DEFAULT '0',
  `registration_fee_amount` decimal(10,2) DEFAULT NULL,
  `country_id` bigint UNSIGNED NOT NULL,
  `division_id` bigint UNSIGNED NOT NULL,
  `district_id` bigint UNSIGNED NOT NULL,
  `thana_id` bigint UNSIGNED NOT NULL,
  `employee_id` bigint UNSIGNED NOT NULL,
  `user_id` bigint UNSIGNED NOT NULL,
  `agent_photo` text COLLATE utf8mb4_unicode_ci,
  `passport_scan_copy` text COLLATE utf8mb4_unicode_ci,
  `attachment` text COLLATE utf8mb4_unicode_ci,
  `opening_balance_sheet` text COLLATE utf8mb4_unicode_ci,
  `current_address` text COLLATE utf8mb4_unicode_ci,
  `parmanent_address` text COLLATE utf8mb4_unicode_ci,
  `note` text COLLATE utf8mb4_unicode_ci,
  `status` int NOT NULL DEFAULT '1',
  `created_at` timestamp NULL DEFAULT NULL,
  `updated_at` timestamp NULL DEFAULT NULL
) ENGINE=InnoDB DEFAULT CHARSET=utf8mb4 COLLATE=utf8mb4_unicode_ci;

-- --------------------------------------------------------

--
-- Table structure for table `airline_offices`
--

CREATE TABLE `airline_offices` (
  `id` bigint UNSIGNED NOT NULL,
  `name` varchar(255) COLLATE utf8mb4_unicode_ci NOT NULL,
  `phone_number` varchar(255) COLLATE utf8mb4_unicode_ci NOT NULL,
  `email` varchar(255) COLLATE utf8mb4_unicode_ci NOT NULL,
  `is_budget_career` int NOT NULL DEFAULT '0',
  `is_IATA` int NOT NULL DEFAULT '0',
  `note` text COLLATE utf8mb4_unicode_ci,
  `status` int NOT NULL DEFAULT '1',
  `company_id` bigint UNSIGNED NOT NULL,
  `user_id` bigint UNSIGNED NOT NULL,
  `created_at` timestamp NULL DEFAULT NULL,
  `updated_at` timestamp NULL DEFAULT NULL
) ENGINE=InnoDB DEFAULT CHARSET=utf8mb4 COLLATE=utf8mb4_unicode_ci;

-- --------------------------------------------------------

--
-- Table structure for table `air_tickets`
--

CREATE TABLE `air_tickets` (
  `id` bigint UNSIGNED NOT NULL,
  `air_ticket_file_id` bigint UNSIGNED NOT NULL,
  `destination_from` varchar(255) COLLATE utf8mb4_unicode_ci NOT NULL,
  `destination_to` varchar(255) COLLATE utf8mb4_unicode_ci NOT NULL,
  `flight_date` date NOT NULL,
  `transit_time` varchar(255) COLLATE utf8mb4_unicode_ci NOT NULL,
  `luggage` varchar(255) COLLATE utf8mb4_unicode_ci NOT NULL,
  `food` varchar(255) COLLATE utf8mb4_unicode_ci NOT NULL,
  `b2b_fare` decimal(10,2) NOT NULL,
  `b2c_fare` decimal(10,2) NOT NULL,
  `group` varchar(255) COLLATE utf8mb4_unicode_ci NOT NULL,
  `full_airport_name` varchar(255) COLLATE utf8mb4_unicode_ci NOT NULL,
  `airlines` varchar(255) COLLATE utf8mb4_unicode_ci NOT NULL,
  `status` varchar(255) COLLATE utf8mb4_unicode_ci NOT NULL DEFAULT '0',
  `created_at` timestamp NULL DEFAULT NULL,
  `updated_at` timestamp NULL DEFAULT NULL
) ENGINE=InnoDB DEFAULT CHARSET=utf8mb4 COLLATE=utf8mb4_unicode_ci;

--
-- Dumping data for table `air_tickets`
--

INSERT INTO `air_tickets` (`id`, `air_ticket_file_id`, `destination_from`, `destination_to`, `flight_date`, `transit_time`, `luggage`, `food`, `b2b_fare`, `b2c_fare`, `group`, `full_airport_name`, `airlines`, `status`, `created_at`, `updated_at`) VALUES
(3065, 64, 'DHAKA', 'RUH', '2027-01-05', 'YES', 'YES', 'YES', '42900.00', '43400.00', 'YES', 'RIYAD', 'US Bangla', '1', '2025-05-24 04:06:17', '2025-05-24 04:06:17'),
(3066, 64, 'DHAKA', 'RUH', '2027-02-05', 'YES', 'YES', 'YES', '42900.00', '43400.00', 'YES', 'RIYAD', 'US Bangla', '1', '2025-05-24 04:06:17', '2025-05-24 04:06:17'),
(3067, 64, 'DHAKA', 'RUH', '2027-03-05', 'YES', 'YES', 'YES', '42900.00', '43400.00', 'YES', 'RIYAD', 'US Bangla', '1', '2025-05-24 04:06:17', '2025-05-24 04:06:17'),
(3068, 64, 'DHAKA', 'RUH', '2027-04-05', 'YES', 'YES', 'YES', '42900.00', '43400.00', 'YES', 'RIYAD', 'US Bangla', '1', '2025-05-24 04:06:17', '2025-05-24 04:06:17'),
(3069, 64, 'DHAKA', 'RUH', '2027-05-05', 'YES', 'YES', 'YES', '42900.00', '43400.00', 'YES', 'RIYAD', 'US Bangla', '1', '2025-05-24 04:06:17', '2025-05-24 04:06:17'),
(3070, 64, 'DHAKA', 'RUH', '2027-06-05', 'YES', 'YES', 'YES', '42900.00', '43400.00', 'YES', 'RIYAD', 'US Bangla', '1', '2025-05-24 04:06:17', '2025-05-24 04:06:17'),
(3071, 64, 'DHAKA', 'RUH', '2027-07-05', 'YES', 'YES', 'YES', '42900.00', '43400.00', 'YES', 'RIYAD', 'US Bangla', '1', '2025-05-24 04:06:17', '2025-05-24 04:06:17'),
(3072, 64, 'DHAKA', 'RUH', '2025-01-06', 'YES', 'YES', 'YES', '42900.00', '43400.00', 'YES', 'RIYAD', 'US Bangla', '1', '2025-05-24 04:06:17', '2025-05-24 04:06:17'),
(3073, 64, 'DHAKA', 'RUH', '2025-02-06', 'YES', 'YES', 'YES', '42900.00', '43400.00', 'YES', 'RIYAD', 'US Bangla', '1', '2025-05-24 04:06:17', '2025-05-24 04:06:17'),
(3074, 64, 'DHAKA', 'RUH', '2025-03-06', 'YES', 'YES', 'YES', '42900.00', '43400.00', 'YES', 'RIYAD', 'US Bangla', '1', '2025-05-24 04:06:17', '2025-05-24 04:06:17'),
(3075, 64, 'DHAKA', 'RUH', '2025-04-06', 'YES', 'YES', 'YES', '42900.00', '43400.00', 'YES', 'RIYAD', 'US Bangla', '1', '2025-05-24 04:06:17', '2025-05-24 04:06:17'),
(3076, 64, 'DHAKA', 'RUH', '2025-05-06', 'YES', 'YES', 'YES', '42900.00', '43400.00', 'YES', 'RIYAD', 'US Bangla', '1', '2025-05-24 04:06:17', '2025-05-24 04:06:17'),
(3077, 64, 'DHAKA', 'RUH', '2025-06-06', 'YES', 'YES', 'YES', '42900.00', '43400.00', 'YES', 'RIYAD', 'US Bangla', '1', '2025-05-24 04:06:17', '2025-05-24 04:06:17'),
(3078, 64, 'DHAKA', 'RUH', '2025-07-06', 'YES', 'YES', 'YES', '42900.00', '43400.00', 'YES', 'RIYAD', 'US Bangla', '1', '2025-05-24 04:06:17', '2025-05-24 04:06:17'),
(3079, 64, 'DHAKA', 'RUH', '2025-08-06', 'YES', 'YES', 'YES', '42900.00', '43400.00', 'YES', 'RIYAD', 'US Bangla', '1', '2025-05-24 04:06:17', '2025-05-24 04:06:17'),
(3080, 64, 'DHAKA', 'RUH', '2025-09-06', 'YES', 'YES', 'YES', '42900.00', '43400.00', 'YES', 'RIYAD', 'US Bangla', '1', '2025-05-24 04:06:17', '2025-05-24 04:06:17'),
(3081, 64, 'DHAKA', 'RUH', '2025-10-06', 'YES', 'YES', 'YES', '42900.00', '43400.00', 'YES', 'RIYAD', 'US Bangla', '1', '2025-05-24 04:06:17', '2025-05-24 04:06:17'),
(3082, 64, 'DHAKA', 'RUH', '2027-06-05', 'YES', 'YES', 'YES', '38000.00', '38500.00', 'YES', 'RIYAD', 'US Bangla', '1', '2025-05-24 04:06:17', '2025-05-24 04:06:17'),
(3083, 64, 'DHAKA', 'JED', '2026-08-05', 'YES', 'YES', 'YES', '50500.00', '51000.00', 'YES', 'JEDDAH', 'US Bangla', '1', '2025-05-24 04:06:17', '2025-05-24 04:06:17'),
(3084, 64, 'DHAKA', 'JED', '2026-09-05', 'YES', 'YES', 'YES', '50500.00', '51000.00', 'YES', 'JEDDAH', 'US Bangla', '1', '2025-05-24 04:06:17', '2025-05-24 04:06:17'),
(3085, 64, 'DHAKA', 'JED', '2026-10-05', 'YES', 'YES', 'YES', '50500.00', '51000.00', 'YES', 'JEDDAH', 'US Bangla', '1', '2025-05-24 04:06:17', '2025-05-24 04:06:17'),
(3086, 64, 'DHAKA', 'JED', '2026-11-05', 'YES', 'YES', 'YES', '50500.00', '51000.00', 'YES', 'JEDDAH', 'US Bangla', '1', '2025-05-24 04:06:17', '2025-05-24 04:06:17'),
(3087, 64, 'DHAKA', 'JED', '2026-12-05', 'YES', 'YES', 'YES', '50500.00', '51000.00', 'YES', 'JEDDAH', 'US Bangla', '1', '2025-05-24 04:06:18', '2025-05-24 04:06:18'),
(3088, 64, 'DHAKA', 'JED', '2027-01-05', 'YES', 'YES', 'YES', '50500.00', '51000.00', 'YES', 'JEDDAH', 'US Bangla', '1', '2025-05-24 04:06:18', '2025-05-24 04:06:18'),
(3089, 64, 'DHAKA', 'JED', '2027-02-05', 'YES', 'YES', 'YES', '50500.00', '51000.00', 'YES', 'JEDDAH', 'US Bangla', '1', '2025-05-24 04:06:18', '2025-05-24 04:06:18'),
(3090, 64, 'DHAKA', 'JED', '2027-03-05', 'YES', 'YES', 'YES', '50500.00', '51000.00', 'YES', 'JEDDAH', 'US Bangla', '1', '2025-05-24 04:06:18', '2025-05-24 04:06:18'),
(3091, 64, 'DHAKA', 'JED', '2027-04-05', 'YES', 'YES', 'YES', '50500.00', '51000.00', 'YES', 'JEDDAH', 'US Bangla', '1', '2025-05-24 04:06:18', '2025-05-24 04:06:18'),
(3092, 64, 'DHAKA', 'JED', '2027-05-05', 'YES', 'YES', 'YES', '50500.00', '51000.00', 'YES', 'JEDDAH', 'US Bangla', '1', '2025-05-24 04:06:18', '2025-05-24 04:06:18'),
(3093, 64, 'DHAKA', 'JED', '2027-06-05', 'YES', 'YES', 'YES', '50500.00', '51000.00', 'YES', 'JEDDAH', 'US Bangla', '1', '2025-05-24 04:06:18', '2025-05-24 04:06:18'),
(3094, 64, 'DHAKA', 'JED', '2027-07-05', 'YES', 'YES', 'YES', '50500.00', '51000.00', 'YES', 'JEDDAH', 'US Bangla', '1', '2025-05-24 04:06:18', '2025-05-24 04:06:18'),
(3095, 64, 'DHAKA', 'JED', '2027-01-05', 'YES', 'YES', 'YES', '40300.00', '40800.00', 'YES', 'JEDDAH', 'Indigo Air', '1', '2025-05-24 04:06:18', '2025-05-24 04:06:18'),
(3096, 64, 'DHAKA', 'JED', '2027-02-05', 'YES', 'YES', 'YES', '40300.00', '40800.00', 'YES', 'JEDDAH', 'Indigo Air', '1', '2025-05-24 04:06:18', '2025-05-24 04:06:18'),
(3097, 64, 'DHAKA', 'JED', '2027-03-05', 'YES', 'YES', 'YES', '40300.00', '40800.00', 'YES', 'JEDDAH', 'Indigo Air', '1', '2025-05-24 04:06:18', '2025-05-24 04:06:18'),
(3098, 64, 'DHAKA', 'JED', '2027-04-05', 'YES', 'YES', 'YES', '40300.00', '40800.00', 'YES', 'JEDDAH', 'Indigo Air', '1', '2025-05-24 04:06:18', '2025-05-24 04:06:18'),
(3099, 64, 'DHAKA', 'JED', '2027-05-05', 'YES', 'YES', 'YES', '40300.00', '40800.00', 'YES', 'JEDDAH', 'Indigo Air', '1', '2025-05-24 04:06:18', '2025-05-24 04:06:18'),
(3100, 64, 'DHAKA', 'JED', '2027-06-05', 'YES', 'YES', 'YES', '40300.00', '40800.00', 'YES', 'JEDDAH', 'Indigo Air', '1', '2025-05-24 04:06:18', '2025-05-24 04:06:18'),
(3101, 64, 'DHAKA', 'JED', '2027-07-05', 'YES', 'YES', 'YES', '40300.00', '40800.00', 'YES', 'JEDDAH', 'Indigo Air', '1', '2025-05-24 04:06:18', '2025-05-24 04:06:18'),
(3102, 64, 'DHAKA', 'JED', '2025-05-06', 'YES', 'YES', 'YES', '38000.00', '38500.00', 'YES', 'JEDDAH', 'Salam Air', '1', '2025-05-24 04:06:18', '2025-05-24 04:06:18'),
(3103, 64, 'DHAKA', 'JED', '2025-06-06', 'YES', 'YES', 'YES', '38000.00', '38500.00', 'YES', 'JEDDAH', 'Salam Air', '1', '2025-05-24 04:06:18', '2025-05-24 04:06:18'),
(3104, 64, 'DHAKA', 'JED', '2025-07-06', 'YES', 'YES', 'YES', '38000.00', '38500.00', 'YES', 'JEDDAH', 'Salam Air', '1', '2025-05-24 04:06:18', '2025-05-24 04:06:18'),
(3105, 64, 'DHAKA', 'JED', '2025-08-06', 'YES', 'YES', 'YES', '38000.00', '38500.00', 'YES', 'JEDDAH', 'Salam Air', '1', '2025-05-24 04:06:18', '2025-05-24 04:06:18'),
(3106, 64, 'DHAKA', 'JED', '2025-09-06', 'YES', 'YES', 'YES', '38000.00', '38500.00', 'YES', 'JEDDAH', 'Salam Air', '1', '2025-05-24 04:06:18', '2025-05-24 04:06:18'),
(3107, 64, 'DHAKA', 'DMM', '2027-03-05', 'YES', 'YES', 'YES', '36500.00', '37000.00', 'YES', 'DAMMAM', 'Indigo Air', '1', '2025-05-24 04:06:18', '2025-05-24 04:06:18'),
(3108, 64, 'DHAKA', 'DMM', '2027-04-05', 'YES', 'YES', 'YES', '36500.00', '37000.00', 'YES', 'DAMMAM', 'Indigo Air', '1', '2025-05-24 04:06:18', '2025-05-24 04:06:18'),
(3109, 64, 'DHAKA', 'DMM', '2027-05-05', 'YES', 'YES', 'YES', '36500.00', '37000.00', 'YES', 'DAMMAM', 'Indigo Air', '1', '2025-05-24 04:06:18', '2025-05-24 04:06:18'),
(3110, 64, 'DHAKA', 'DMM', '2027-06-05', 'YES', 'YES', 'YES', '36500.00', '37000.00', 'YES', 'DAMMAM', 'Indigo Air', '1', '2025-05-24 04:06:18', '2025-05-24 04:06:18'),
(3111, 64, 'DHAKA', 'DMM', '2027-07-05', 'YES', 'YES', 'YES', '36500.00', '37000.00', 'YES', 'DAMMAM', 'Indigo Air', '1', '2025-05-24 04:06:18', '2025-05-24 04:06:18'),
(3112, 64, 'DHAKA', 'MED', '2026-12-05', 'YES', 'YES', 'YES', '34100.00', '34600.00', 'YES', 'Prince Mohammad Bin Abdulaziz Int. Air', 'Indigo Air', '1', '2025-05-24 04:06:18', '2025-05-24 04:06:18'),
(3113, 64, 'DHAKA', 'MED', '2025-02-06', 'YES', 'YES', 'YES', '34100.00', '34600.00', 'YES', 'Prince Mohammad Bin Abdulaziz Int. Air', 'Indigo Air', '1', '2025-05-24 04:06:18', '2025-05-24 04:06:18'),
(3114, 64, 'DHAKA', 'MED', '2025-05-06', 'YES', 'YES', 'YES', '34100.00', '34600.00', 'YES', 'Prince Mohammad Bin Abdulaziz Int. Air', 'Indigo Air', '1', '2025-05-24 04:06:18', '2025-05-24 04:06:18'),
(3115, 64, 'DHAKA', 'MED', '2025-07-06', 'YES', 'YES', 'YES', '34100.00', '34600.00', 'YES', 'Prince Mohammad Bin Abdulaziz Int. Air', 'Indigo Air', '1', '2025-05-24 04:06:18', '2025-05-24 04:06:18'),
(3116, 64, 'DHAKA', 'MED', '2025-09-06', 'YES', 'YES', 'YES', '34100.00', '34600.00', 'YES', 'Prince Mohammad Bin Abdulaziz Int. Air', 'Indigo Air', '1', '2025-05-24 04:06:18', '2025-05-24 04:06:18'),
(3117, 64, 'DHAKA', 'TUU', '2027-07-05', 'YES', 'YES', 'YES', '39500.00', '40000.00', 'YES', 'Prince Sultan Bin Abdulaziz Int. Air', 'Fly Dubai', '1', '2025-05-24 04:06:18', '2025-05-24 04:06:18'),
(3118, 64, 'DHAKA', 'DOH', '2027-03-05', 'YES', 'YES', 'YES', '44000.00', '44500.00', 'YES', 'Doha Int. Air', 'Qatar Air', '1', '2025-05-24 04:06:18', '2025-05-24 04:06:18'),
(3119, 64, 'DHAKA', 'DOH', '2027-04-05', 'YES', 'YES', 'YES', '44000.00', '44500.00', 'YES', 'Doha Int. Air', 'Qatar Air', '1', '2025-05-24 04:06:18', '2025-05-24 04:06:18'),
(3120, 64, 'DHAKA', 'DOH', '2026-12-05', 'YES', 'YES', 'YES', '44000.00', '44500.00', 'YES', 'Doha Int. Air', 'US Bangla', '1', '2025-05-24 04:06:18', '2025-05-24 04:06:18'),
(3121, 64, 'DHAKA', 'DOH', '2027-01-05', 'YES', 'YES', 'YES', '44000.00', '44500.00', 'YES', 'Doha Int. Air', 'US Bangla', '1', '2025-05-24 04:06:18', '2025-05-24 04:06:18'),
(3122, 64, 'DHAKA', 'DOH', '2027-02-05', 'YES', 'YES', 'YES', '44000.00', '44500.00', 'YES', 'Doha Int. Air', 'US Bangla', '1', '2025-05-24 04:06:18', '2025-05-24 04:06:18'),
(3123, 64, 'DHAKA', 'DOH', '2027-03-05', 'YES', 'YES', 'YES', '44000.00', '44500.00', 'YES', 'Doha Int. Air', 'US Bangla', '1', '2025-05-24 04:06:18', '2025-05-24 04:06:18'),
(3124, 64, 'DHAKA', 'DOH', '2027-04-05', 'YES', 'YES', 'YES', '44000.00', '44500.00', 'YES', 'Doha Int. Air', 'US Bangla', '1', '2025-05-24 04:06:18', '2025-05-24 04:06:18'),
(3125, 64, 'DHAKA', 'DOH', '2027-05-05', 'YES', 'YES', 'YES', '44000.00', '44500.00', 'YES', 'Doha Int. Air', 'US Bangla', '1', '2025-05-24 04:06:18', '2025-05-24 04:06:18'),
(3126, 64, 'DHAKA', 'DOH', '2027-06-05', 'YES', 'YES', 'YES', '44000.00', '44500.00', 'YES', 'Doha Int. Air', 'US Bangla', '1', '2025-05-24 04:06:18', '2025-05-24 04:06:18'),
(3127, 64, 'DHAKA', 'DOH', '2027-07-05', 'YES', 'YES', 'YES', '44000.00', '44500.00', 'YES', 'Doha Int. Air', 'US Bangla', '1', '2025-05-24 04:06:18', '2025-05-24 04:06:18'),
(3128, 64, 'DHAKA', 'MCT', '2026-08-05', 'YES', 'YES', 'YES', '32300.00', '32800.00', 'YES', 'Muscat Air', 'US Bangla', '1', '2025-05-24 04:06:18', '2025-05-24 04:06:18'),
(3129, 64, 'DHAKA', 'MCT', '2026-09-05', 'YES', 'YES', 'YES', '32300.00', '32800.00', 'YES', 'Muscat Air', 'US Bangla', '1', '2025-05-24 04:06:18', '2025-05-24 04:06:18'),
(3130, 64, 'DHAKA', 'MCT', '2026-10-05', 'YES', 'YES', 'YES', '32300.00', '32800.00', 'YES', 'Muscat Air', 'US Bangla', '1', '2025-05-24 04:06:18', '2025-05-24 04:06:18'),
(3131, 64, 'DHAKA', 'MCT', '2026-11-05', 'YES', 'YES', 'YES', '32300.00', '32800.00', 'YES', 'Muscat Air', 'US Bangla', '1', '2025-05-24 04:06:18', '2025-05-24 04:06:18'),
(3132, 64, 'DHAKA', 'MCT', '2026-12-05', 'YES', 'YES', 'YES', '32300.00', '32800.00', 'YES', 'Muscat Air', 'US Bangla', '1', '2025-05-24 04:06:18', '2025-05-24 04:06:18'),
(3133, 64, 'DHAKA', 'MCT', '2027-01-05', 'YES', 'YES', 'YES', '32300.00', '32800.00', 'YES', 'Muscat Air', 'US Bangla', '1', '2025-05-24 04:06:18', '2025-05-24 04:06:18'),
(3134, 64, 'DHAKA', 'MCT', '2027-02-05', 'YES', 'YES', 'YES', '32300.00', '32800.00', 'YES', 'Muscat Air', 'US Bangla', '1', '2025-05-24 04:06:18', '2025-05-24 04:06:18'),
(3135, 64, 'DHAKA', 'MCT', '2027-03-05', 'YES', 'YES', 'YES', '32300.00', '32800.00', 'YES', 'Muscat Air', 'US Bangla', '1', '2025-05-24 04:06:18', '2025-05-24 04:06:18'),
(3136, 64, 'DHAKA', 'MCT', '2027-04-05', 'YES', 'YES', 'YES', '32300.00', '32800.00', 'YES', 'Muscat Air', 'US Bangla', '1', '2025-05-24 04:06:18', '2025-05-24 04:06:18'),
(3137, 64, 'DHAKA', 'MCT', '2027-05-05', 'YES', 'YES', 'YES', '32300.00', '32800.00', 'YES', 'Muscat Air', 'US Bangla', '1', '2025-05-24 04:06:18', '2025-05-24 04:06:18'),
(3138, 64, 'DHAKA', 'MCT', '2027-06-05', 'YES', 'YES', 'YES', '32300.00', '32800.00', 'YES', 'Muscat Air', 'US Bangla', '1', '2025-05-24 04:06:18', '2025-05-24 04:06:18'),
(3139, 64, 'DHAKA', 'MCT', '2026-07-05', 'YES', 'YES', 'YES', '27300.00', '27800.00', 'YES', 'Muscat Air', 'Indigo Air', '1', '2025-05-24 04:06:18', '2025-05-24 04:06:18'),
(3140, 64, 'DHAKA', 'MCT', '2026-08-05', 'YES', 'YES', 'YES', '27300.00', '27800.00', 'YES', 'Muscat Air', 'Indigo Air', '1', '2025-05-24 04:06:18', '2025-05-24 04:06:18'),
(3141, 64, 'DHAKA', 'MCT', '2026-09-05', 'YES', 'YES', 'YES', '27300.00', '27800.00', 'YES', 'Muscat Air', 'Indigo Air', '1', '2025-05-24 04:06:18', '2025-05-24 04:06:18'),
(3142, 64, 'DHAKA', 'MCT', '2026-10-05', 'YES', 'YES', 'YES', '27300.00', '27800.00', 'YES', 'Muscat Air', 'Indigo Air', '1', '2025-05-24 04:06:18', '2025-05-24 04:06:18'),
(3143, 64, 'DHAKA', 'MCT', '2026-11-05', 'YES', 'YES', 'YES', '27300.00', '27800.00', 'YES', 'Muscat Air', 'Indigo Air', '1', '2025-05-24 04:06:18', '2025-05-24 04:06:18'),
(3144, 64, 'DHAKA', 'MCT', '2026-12-05', 'YES', 'YES', 'YES', '27300.00', '27800.00', 'YES', 'Muscat Air', 'Indigo Air', '1', '2025-05-24 04:06:18', '2025-05-24 04:06:18'),
(3145, 64, 'DHAKA', 'MCT', '2027-01-05', 'YES', 'YES', 'YES', '27300.00', '27800.00', 'YES', 'Muscat Air', 'Indigo Air', '1', '2025-05-24 04:06:18', '2025-05-24 04:06:18'),
(3146, 64, 'DHAKA', 'MCT', '2027-02-05', 'YES', 'YES', 'YES', '27300.00', '27800.00', 'YES', 'Muscat Air', 'Indigo Air', '1', '2025-05-24 04:06:18', '2025-05-24 04:06:18'),
(3147, 64, 'DHAKA', 'MCT', '2027-03-05', 'YES', 'YES', 'YES', '27300.00', '27800.00', 'YES', 'Muscat Air', 'Indigo Air', '1', '2025-05-24 04:06:18', '2025-05-24 04:06:18'),
(3148, 64, 'DHAKA', 'MCT', '2027-04-05', 'YES', 'YES', 'YES', '27300.00', '27800.00', 'YES', 'Muscat Air', 'Indigo Air', '1', '2025-05-24 04:06:18', '2025-05-24 04:06:18'),
(3149, 64, 'DHAKA', 'MCT', '2027-05-05', 'YES', 'YES', 'YES', '27300.00', '27800.00', 'YES', 'Muscat Air', 'Indigo Air', '1', '2025-05-24 04:06:18', '2025-05-24 04:06:18'),
(3150, 64, 'DHAKA', 'MCT', '2027-06-05', 'YES', 'YES', 'YES', '27300.00', '27800.00', 'YES', 'Muscat Air', 'Indigo Air', '1', '2025-05-24 04:06:18', '2025-05-24 04:06:18'),
(3151, 64, 'DHAKA', 'MCT', '2027-07-05', 'YES', 'YES', 'YES', '27300.00', '27800.00', 'YES', 'Muscat Air', 'Indigo Air', '1', '2025-05-24 04:06:18', '2025-05-24 04:06:18'),
(3152, 65, 'DHAKA', 'RUH', '2025-01-06', 'YES', 'YES', 'YES', '36500.00', '37000.00', 'YES', 'RIYAD', 'AIR ARABIA', '1', '2025-05-24 07:05:27', '2025-05-24 07:05:27'),
(3153, 65, 'DHAKA', 'RUH', '2025-02-06', 'YES', 'YES', 'YES', '36500.00', '37000.00', 'YES', 'RIYAD', 'AIR ARABIA', '1', '2025-05-24 07:05:27', '2025-05-24 07:05:27'),
(3154, 65, 'DHAKA', 'RUH', '2025-03-06', 'YES', 'YES', 'YES', '36500.00', '37000.00', 'YES', 'RIYAD', 'AIR ARABIA', '1', '2025-05-24 07:05:27', '2025-05-24 07:05:27'),
(3155, 65, 'DHAKA', 'RUH', '2027-04-05', 'YES', 'YES', 'YES', '39500.00', '40000.00', 'YES', 'RIYAD', 'Srilankan Air', '1', '2025-05-24 07:05:27', '2025-05-24 07:05:27'),
(3156, 65, 'DHAKA', 'RUH', '2025-04-06', 'YES', 'YES', 'YES', '39000.00', '39500.00', 'YES', 'RIYAD', 'AIR ARABIA', '1', '2025-05-24 07:05:27', '2025-05-24 07:05:27'),
(3157, 65, 'DHAKA', 'DMM', '2027-05-05', 'YES', 'YES', 'YES', '37000.00', '37500.00', 'YES', 'DAMMAM', 'AIR ARABIA', '1', '2025-05-24 07:05:27', '2025-05-24 07:05:27'),
(3158, 65, 'DHAKA', 'DMM', '2027-05-05', 'YES', 'YES', 'YES', '39000.00', '39500.00', 'YES', 'DAMMAM', 'SALAM AIR', '1', '2025-05-24 07:05:27', '2025-05-24 07:05:27'),
(3159, 65, 'DHAKA', 'DMM', '2025-01-06', 'YES', 'YES', 'YES', '39300.00', '39800.00', 'YES', 'DAMMAM', 'AIR ARABIA', '1', '2025-05-24 07:05:27', '2025-05-24 07:05:27'),
(3160, 65, 'DHAKA', 'DMM', '2025-02-06', 'YES', 'YES', 'YES', '39300.00', '39800.00', 'YES', 'DAMMAM', 'AIR ARABIA', '1', '2025-05-24 07:05:27', '2025-05-24 07:05:27'),
(3161, 65, 'DHAKA', 'DMM', '2025-03-06', 'YES', 'YES', 'YES', '39300.00', '39800.00', 'YES', 'DAMMAM', 'AIR ARABIA', '1', '2025-05-24 07:05:27', '2025-05-24 07:05:27'),
(3162, 65, 'DHAKA', 'DMM', '2025-04-06', 'YES', 'YES', 'YES', '39300.00', '39800.00', 'YES', 'DAMMAM', 'AIR ARABIA', '1', '2025-05-24 07:05:27', '2025-05-24 07:05:27'),
(3163, 65, 'DHAKA', 'JED', '2027-05-05', 'YES', 'YES', 'YES', '39000.00', '39500.00', 'YES', 'JEDDAH', 'AIR ARABIA', '1', '2025-05-24 07:05:27', '2025-05-24 07:05:27'),
(3164, 65, 'DHAKA', 'DOH', '2027-04-05', 'YES', 'YES', 'YES', '37000.00', '37500.00', 'YES', 'DOHA INT. AIR', 'SALAM AIR', '1', '2025-05-24 07:05:27', '2025-05-24 07:05:27'),
(3165, 65, 'DHAKA', 'DOH', '2027-05-05', 'YES', 'YES', 'YES', '37000.00', '37500.00', 'YES', 'DOHA INT. AIR', 'SALAM AIR', '1', '2025-05-24 07:05:27', '2025-05-24 07:05:27'),
(3166, 65, 'DHAKA', 'DOH', '2027-06-05', 'YES', 'YES', 'YES', '37000.00', '37500.00', 'YES', 'DOHA INT. AIR', 'SALAM AIR', '1', '2025-05-24 07:05:27', '2025-05-24 07:05:27'),
(3167, 65, 'DHAKA', 'DOH', '2027-07-05', 'YES', 'YES', 'YES', '37000.00', '37500.00', 'YES', 'DOHA INT. AIR', 'SALAM AIR', '1', '2025-05-24 07:05:27', '2025-05-24 07:05:27'),
(3168, 65, 'DHAKA', 'ELQ', '2025-04-06', 'YES', 'YES', 'YES', '38500.00', '39000.00', 'YES', 'Prince Naif Bin Abdulaziz Int. Air', 'JAZEERA AIR', '1', '2025-05-24 07:05:27', '2025-05-24 07:05:27'),
(3169, 65, 'DHAKA', 'EAM', '2027-02-05', 'YES', 'YES', 'YES', '39500.00', '40000.00', 'YES', 'NAJRAN DOMESTIC AIR', 'SALAM AIR', '1', '2025-05-24 07:05:27', '2025-05-24 07:05:27'),
(3170, 65, 'DHAKA', 'EAM', '2027-04-05', 'YES', 'YES', 'YES', '39500.00', '40000.00', 'YES', 'NAJRAN DOMESTIC AIR', 'FLY DUBAI', '1', '2025-05-24 07:05:27', '2025-05-24 07:05:27'),
(3171, 65, 'DHAKA', 'HAS', '2027-03-05', 'YES', 'YES', 'YES', '40000.00', '40500.00', 'YES', 'HAIL INT. AIR', 'FLY DUBAI', '1', '2025-05-24 07:05:27', '2025-05-24 07:05:27'),
(3172, 65, 'DHAKA', 'HAS', '2027-05-05', 'YES', 'YES', 'YES', '40000.00', '40500.00', 'YES', 'HAIL INT. AIR', 'FLY DUBAI', '1', '2025-05-24 07:05:27', '2025-05-24 07:05:27'),
(3173, 65, 'DHAKA', 'TUU', '2027-05-05', 'YES', 'YES', 'NO', '39000.00', '39500.00', 'YES', 'Prince Sultn Bin Abdulaziz Int. Air', 'FLY DUBAI', '1', '2025-05-24 07:05:27', '2025-05-24 07:05:27'),
(3174, 65, 'DHAKA', 'AHB', '2027-04-05', 'YES', 'YES', 'YES', '40500.00', '41000.00', 'YES', 'Abha Int. Air', 'FLY DUBAI', '1', '2025-05-24 07:05:27', '2025-05-24 07:05:27'),
(3175, 66, 'DHAKA', 'RUH', '2027-05-05', 'YES', 'YES', 'YES', '40000.00', '40500.00', 'YES', 'RIYAD', 'GULF AIR', '1', '2025-05-25 01:04:42', '2025-05-25 01:04:42'),
(3176, 66, 'DHAKA', 'RUH', '2027-06-05', 'YES', 'YES', 'YES', '40000.00', '40500.00', 'YES', 'RIYAD', 'GULF AIR', '1', '2025-05-25 01:04:42', '2025-05-25 01:04:42'),
(3177, 66, 'DHAKA', 'RUH', '2027-07-05', 'YES', 'YES', 'YES', '40000.00', '40500.00', 'YES', 'RIYAD', 'GULF AIR', '1', '2025-05-25 01:04:42', '2025-05-25 01:04:42'),
(3178, 66, 'DHAKA', 'RUH', '2025-01-06', 'YES', 'YES', 'YES', '36000.00', '36500.00', 'YES', 'RIYAD', 'AIR ARABIA', '1', '2025-05-25 01:04:42', '2025-05-25 01:04:42'),
(3179, 66, 'DHAKA', 'RUH', '2025-04-06', 'YES', 'YES', 'YES', '39000.00', '39500.00', 'YES', 'RIYAD', 'AIR ARABIA', '1', '2025-05-25 01:04:42', '2025-05-25 01:04:42'),
(3180, 66, 'DHAKA', 'RUH', '2025-10-06', 'YES', 'YES', 'YES', '39000.00', '39500.00', 'YES', 'RIYAD', 'SALAM AIR', '1', '2025-05-25 01:04:42', '2025-05-25 01:04:42'),
(3181, 66, 'DHAKA', 'DMM', '2027-05-05', 'YES', 'YES', 'YES', '37200.00', '37700.00', 'YES', 'DAMMAM', 'AIR ARABIA', '1', '2025-05-25 01:04:42', '2025-05-25 01:04:42'),
(3182, 66, 'DHAKA', 'DMM', '2027-06-05', 'YES', 'YES', 'YES', '37200.00', '37700.00', 'YES', 'DAMMAM', 'AIR ARABIA', '1', '2025-05-25 01:04:42', '2025-05-25 01:04:42'),
(3183, 66, 'DHAKA', 'DMM', '2027-07-05', 'YES', 'YES', 'YES', '37200.00', '37700.00', 'YES', 'DAMMAM', 'AIR ARABIA', '1', '2025-05-25 01:04:42', '2025-05-25 01:04:42'),
(3184, 66, 'DHAKA', 'DMM', '2025-01-06', 'YES', 'YES', 'YES', '39000.00', '39500.00', 'YES', 'DAMMAM', 'AIR ARABIA', '1', '2025-05-25 01:04:42', '2025-05-25 01:04:42'),
(3185, 66, 'DHAKA', 'DMM', '2025-02-06', 'YES', 'YES', 'YES', '39000.00', '39500.00', 'YES', 'DAMMAM', 'AIR ARABIA', '1', '2025-05-25 01:04:42', '2025-05-25 01:04:42'),
(3186, 66, 'DHAKA', 'DMM', '2025-03-06', 'YES', 'YES', 'YES', '39000.00', '39500.00', 'YES', 'DAMMAM', 'AIR ARABIA', '1', '2025-05-25 01:04:42', '2025-05-25 01:04:42'),
(3187, 66, 'DHAKA', 'DMM', '2025-04-06', 'YES', 'YES', 'YES', '39000.00', '39500.00', 'YES', 'DAMMAM', 'SALAM AIR', '1', '2025-05-25 01:04:42', '2025-05-25 01:04:42'),
(3188, 66, 'DHAKA', 'DMM', '2027-07-05', 'YES', 'YES', 'YES', '39300.00', '39800.00', 'YES', 'DAMMAM', 'SALAM AIR', '1', '2025-05-25 01:04:42', '2025-05-25 01:04:42'),
(3189, 66, 'DHAKA', 'DMM', '2025-10-06', 'YES', 'YES', 'YES', '39300.00', '39800.00', 'YES', 'DAMMAM', 'SALAM AIR', '1', '2025-05-25 01:04:42', '2025-05-25 01:04:42'),
(3190, 66, 'DHAKA', 'DOH', '2027-04-05', 'YES', 'YES', 'YES', '37000.00', '37500.00', 'YES', 'DOHA INT. AIR', 'SALAM AIR', '1', '2025-05-25 01:04:42', '2025-05-25 01:04:42'),
(3191, 66, 'DHAKA', 'DOH', '2027-05-05', 'YES', 'YES', 'YES', '37000.00', '37500.00', 'YES', 'DOHA INT. AIR', 'SALAM AIR', '1', '2025-05-25 01:04:42', '2025-05-25 01:04:42'),
(3192, 66, 'DHAKA', 'DOH', '2027-06-05', 'YES', 'YES', 'YES', '37000.00', '37500.00', 'YES', 'DOHA INT. AIR', 'SALAM AIR', '1', '2025-05-25 01:04:42', '2025-05-25 01:04:42'),
(3193, 66, 'DHAKA', 'DOH', '2027-07-05', 'YES', 'YES', 'YES', '37000.00', '37500.00', 'YES', 'DOHA INT. AIR', 'SALAM AIR', '1', '2025-05-25 01:04:42', '2025-05-25 01:04:42'),
(3194, 66, 'DHAKA', 'DOH', '2025-01-06', 'YES', 'YES', 'YES', '37000.00', '37500.00', 'YES', 'DOHA INT. AIR', 'SALAM AIR', '1', '2025-05-25 01:04:42', '2025-05-25 01:04:42'),
(3195, 66, 'DHAKA', 'DOH', '2025-02-06', 'YES', 'YES', 'YES', '37000.00', '37500.00', 'YES', 'DOHA INT. AIR', 'SALAM AIR', '1', '2025-05-25 01:04:42', '2025-05-25 01:04:42'),
(3196, 66, 'DHAKA', 'DOH', '2025-07-06', 'YES', 'YES', 'YES', '29000.00', '29500.00', 'YES', 'DOHA INT. AIR', 'SALAM AIR', '1', '2025-05-25 01:04:42', '2025-05-25 01:04:42'),
(3197, 66, 'DHAKA', 'JED', '2025-02-06', 'YES', 'YES', 'YES', '37000.00', '37500.00', 'YES', 'JEDDAH', 'AIR ARABIA', '1', '2025-05-25 01:04:42', '2025-05-25 01:04:42'),
(3198, 66, 'DHAKA', 'ELQ', '2025-04-06', 'YES', 'YES', 'YES', '38500.00', '39000.00', 'YES', 'Prince Naif Bin Abdulaziz In. Air0', 'JAZEERA AIR', '1', '2025-05-25 01:04:42', '2025-05-25 01:04:42'),
(3199, 66, 'DHAKA', 'AHB', '2025-02-06', 'YES', 'YES', 'YES', '39300.00', '39800.00', 'YES', 'ABHA INT. AIR', 'AIR ARABIA', '1', '2025-05-25 01:04:42', '2025-05-25 01:04:42'),
(3200, 66, 'DHAKA', 'AHB', '2025-03-06', 'YES', 'YES', 'YES', '39300.00', '39800.00', 'YES', 'ABHA INT. AIR', 'AIR ARABIA', '1', '2025-05-25 01:04:42', '2025-05-25 01:04:42'),
(3201, 66, 'DHAKA', 'AHB', '2025-04-06', 'YES', 'YES', 'YES', '39300.00', '40000.00', 'YES', 'ABHA INT. AIR', 'AIR ARABIA', '1', '2025-05-25 01:04:42', '2025-05-25 01:04:42'),
(3202, 66, 'DHAKA', 'ELQ', '2025-02-06', 'YES', 'YES', 'YES', '39500.00', '40000.00', 'YES', 'Prince Naif Bin Abdulaziz In. Air0', 'JAZEERA AIR', '1', '2025-05-25 01:04:42', '2025-05-25 01:04:42'),
(3203, 66, 'DHAKA', 'ELQ', '2025-06-06', 'YES', 'YES', 'YES', '39500.00', '40000.00', 'YES', 'Prince Naif Bin Abdulaziz In. Air0', 'JAZEERA AIR', '1', '2025-05-25 01:04:42', '2025-05-25 01:04:42'),
(3204, 66, 'DHAKA', 'EAM', '2027-02-05', 'YES', 'YES', 'YES', '39500.00', '40000.00', 'YES', 'Najran Domestic Air', 'Fly Dubai', '1', '2025-05-25 01:04:42', '2025-05-25 01:04:42'),
(3205, 66, 'DHAKA', 'EAM', '2027-04-05', 'YES', 'YES', 'YES', '39500.00', '40000.00', 'YES', 'Najran Domestic Air', 'Fly Dubai', '1', '2025-05-25 01:04:42', '2025-05-25 01:04:42'),
(3206, 66, 'DHAKA', 'TUU', '2027-04-05', 'YES', 'YES', 'NO', '38500.00', '39000.00', 'YES', 'Prince Sultan Bin Abdulaziz Int. Air', 'Fly Dubai', '1', '2025-05-25 01:04:42', '2025-05-25 01:04:42'),
(3207, 66, 'DHAKA', 'HAS', '2027-03-05', 'YES', 'YES', 'YES', '37500.00', '38000.00', 'YES', 'Hail Int. Air', 'Fly Dubai', '1', '2025-05-25 01:04:42', '2025-05-25 01:04:42'),
(3208, 66, 'DHAKA', 'AJF', '2025-01-06', 'YES', 'YES', 'YES', '41000.00', '41500.00', 'YES', 'AI Jouf Int. Air', 'Fly Dubai', '1', '2025-05-25 01:04:42', '2025-05-25 01:04:42'),
(3209, 67, 'DHAKA', 'RUH', '2027-01-05', 'YES', 'YES', 'YES', '42900.00', '43400.00', 'YES', 'RIYAD', 'US BANGLA', '1', '2025-05-25 02:15:11', '2025-05-25 02:15:11'),
(3210, 67, 'DHAKA', 'RUH', '2027-02-05', 'YES', 'YES', 'YES', '42900.00', '43400.00', 'YES', 'RIYAD', 'US BANGLA', '1', '2025-05-25 02:15:11', '2025-05-25 02:15:11'),
(3211, 67, 'DHAKA', 'RUH', '2027-03-05', 'YES', 'YES', 'YES', '42900.00', '43400.00', 'YES', 'RIYAD', 'US BANGLA', '1', '2025-05-25 02:15:11', '2025-05-25 02:15:11'),
(3212, 67, 'DHAKA', 'RUH', '2027-04-05', 'YES', 'YES', 'YES', '42900.00', '43400.00', 'YES', 'RIYAD', 'US BANGLA', '1', '2025-05-25 02:15:11', '2025-05-25 02:15:11'),
(3213, 67, 'DHAKA', 'RUH', '2027-05-05', 'YES', 'YES', 'YES', '42900.00', '43400.00', 'YES', 'RIYAD', 'US BANGLA', '1', '2025-05-25 02:15:11', '2025-05-25 02:15:11'),
(3214, 67, 'DHAKA', 'RUH', '2027-06-05', 'YES', 'YES', 'YES', '42900.00', '43400.00', 'YES', 'RIYAD', 'US BANGLA', '1', '2025-05-25 02:15:11', '2025-05-25 02:15:11'),
(3215, 67, 'DHAKA', 'RUH', '2027-07-05', 'YES', 'YES', 'YES', '42900.00', '43400.00', 'YES', 'RIYAD', 'US BANGLA', '1', '2025-05-25 02:15:11', '2025-05-25 02:15:11'),
(3216, 67, 'DHAKA', 'RUH', '2025-01-06', 'YES', 'YES', 'YES', '42900.00', '43400.00', 'YES', 'RIYAD', 'US BANGLA', '1', '2025-05-25 02:15:11', '2025-05-25 02:15:11'),
(3217, 67, 'DHAKA', 'RUH', '2025-02-06', 'YES', 'YES', 'YES', '42900.00', '43400.00', 'YES', 'RIYAD', 'US BANGLA', '1', '2025-05-25 02:15:11', '2025-05-25 02:15:11'),
(3218, 67, 'DHAKA', 'RUH', '2025-03-06', 'YES', 'YES', 'YES', '42900.00', '43400.00', 'YES', 'RIYAD', 'US BANGLA', '1', '2025-05-25 02:15:11', '2025-05-25 02:15:11'),
(3219, 67, 'DHAKA', 'RUH', '2025-04-06', 'YES', 'YES', 'YES', '42900.00', '43400.00', 'YES', 'RIYAD', 'US BANGLA', '1', '2025-05-25 02:15:11', '2025-05-25 02:15:11'),
(3220, 67, 'DHAKA', 'RUH', '2025-05-06', 'YES', 'YES', 'YES', '42900.00', '43400.00', 'YES', 'RIYAD', 'US BANGLA', '1', '2025-05-25 02:15:11', '2025-05-25 02:15:11'),
(3221, 67, 'DHAKA', 'RUH', '2025-06-06', 'YES', 'YES', 'YES', '42900.00', '43400.00', 'YES', 'RIYAD', 'US BANGLA', '1', '2025-05-25 02:15:11', '2025-05-25 02:15:11'),
(3222, 67, 'DHAKA', 'RUH', '2025-07-06', 'YES', 'YES', 'YES', '42900.00', '43400.00', 'YES', 'RIYAD', 'US BANGLA', '1', '2025-05-25 02:15:11', '2025-05-25 02:15:11'),
(3223, 67, 'DHAKA', 'RUH', '2025-08-06', 'YES', 'YES', 'YES', '42900.00', '43400.00', 'YES', 'RIYAD', 'US BANGLA', '1', '2025-05-25 02:15:11', '2025-05-25 02:15:11'),
(3224, 67, 'DHAKA', 'RUH', '2025-09-06', 'YES', 'YES', 'YES', '42900.00', '43400.00', 'YES', 'RIYAD', 'US BANGLA', '1', '2025-05-25 02:15:11', '2025-05-25 02:15:11'),
(3225, 67, 'DHAKA', 'RUH', '2025-10-06', 'YES', 'YES', 'YES', '42900.00', '43400.00', 'YES', 'RIYAD', 'US BANGLA', '1', '2025-05-25 02:15:11', '2025-05-25 02:15:11'),
(3226, 67, 'DHAKA', 'RUH', '2027-06-05', 'YES', 'YES', 'YES', '38000.00', '38500.00', 'YES', 'RIYAD', 'FLY DUBAI', '1', '2025-05-25 02:15:11', '2025-05-25 02:15:11'),
(3227, 67, 'DHAKA', 'RUH', '2027-04-05', 'YES', 'YES', 'YES', '39000.00', '39500.00', 'YES', 'RIYAD', 'QATAR AIR', '1', '2025-05-25 02:15:11', '2025-05-25 02:15:11'),
(3228, 67, 'DHAKA', 'RUH', '2027-05-05', 'YES', 'YES', 'YES', '39000.00', '39500.00', 'YES', 'RIYAD', 'QATAR AIR', '1', '2025-05-25 02:15:11', '2025-05-25 02:15:11'),
(3229, 67, 'DHAKA', 'JED', '2027-03-05', 'YES', 'YES', 'YES', '50500.00', '51000.00', 'YES', 'JEDDAH', 'US BANGLA', '1', '2025-05-25 02:15:11', '2025-05-25 02:15:11'),
(3230, 67, 'DHAKA', 'JED', '2027-04-05', 'YES', 'YES', 'YES', '50500.00', '51000.00', 'YES', 'JEDDAH', 'US BANGLA', '1', '2025-05-25 02:15:11', '2025-05-25 02:15:11'),
(3231, 67, 'DHAKA', 'JED', '2027-05-05', 'YES', 'YES', 'YES', '50500.00', '51000.00', 'YES', 'JEDDAH', 'US BANGLA', '1', '2025-05-25 02:15:11', '2025-05-25 02:15:11'),
(3232, 67, 'DHAKA', 'JED', '2027-06-05', 'YES', 'YES', 'YES', '50500.00', '51000.00', 'YES', 'JEDDAH', 'US BANGLA', '1', '2025-05-25 02:15:11', '2025-05-25 02:15:11'),
(3233, 67, 'DHAKA', 'JED', '2027-07-05', 'YES', 'YES', 'YES', '50500.00', '51000.00', 'YES', 'JEDDAH', 'US BANGLA', '1', '2025-05-25 02:15:11', '2025-05-25 02:15:11'),
(3234, 67, 'DHAKA', 'JED', '2025-01-06', 'YES', 'YES', 'YES', '50500.00', '51000.00', 'YES', 'JEDDAH', 'US BANGLA', '1', '2025-05-25 02:15:11', '2025-05-25 02:15:11'),
(3235, 67, 'DHAKA', 'JED', '2025-02-06', 'YES', 'YES', 'YES', '50500.00', '51000.00', 'YES', 'JEDDAH', 'US BANGLA', '1', '2025-05-25 02:15:11', '2025-05-25 02:15:11'),
(3236, 67, 'DHAKA', 'JED', '2025-03-06', 'YES', 'YES', 'YES', '50500.00', '51000.00', 'YES', 'JEDDAH', 'US BANGLA', '1', '2025-05-25 02:15:11', '2025-05-25 02:15:11'),
(3237, 67, 'DHAKA', 'JED', '2025-04-06', 'YES', 'YES', 'YES', '50500.00', '51000.00', 'YES', 'JEDDAH', 'US BANGLA', '1', '2025-05-25 02:15:11', '2025-05-25 02:15:11'),
(3238, 67, 'DHAKA', 'JED', '2025-05-06', 'YES', 'YES', 'YES', '50500.00', '51000.00', 'YES', 'JEDDAH', 'US BANGLA', '1', '2025-05-25 02:15:11', '2025-05-25 02:15:11'),
(3239, 67, 'DHAKA', 'JED', '2025-06-06', 'YES', 'YES', 'YES', '50500.00', '51000.00', 'YES', 'JEDDAH', 'US BANGLA', '1', '2025-05-25 02:15:11', '2025-05-25 02:15:11'),
(3240, 67, 'DHAKA', 'JED', '2025-07-06', 'YES', 'YES', 'YES', '50500.00', '51000.00', 'YES', 'JEDDAH', 'US BANGLA', '1', '2025-05-25 02:15:11', '2025-05-25 02:15:11'),
(3241, 67, 'DHAKA', 'JED', '2025-08-06', 'YES', 'YES', 'YES', '50500.00', '51000.00', 'YES', 'JEDDAH', 'US BANGLA', '1', '2025-05-25 02:15:11', '2025-05-25 02:15:11'),
(3242, 67, 'DHAKA', 'JED', '2025-09-06', 'YES', 'YES', 'YES', '50500.00', '51000.00', 'YES', 'JEDDAH', 'US BANGLA', '1', '2025-05-25 02:15:11', '2025-05-25 02:15:11'),
(3243, 67, 'DHAKA', 'JED', '2025-10-06', 'YES', 'YES', 'YES', '50500.00', '51000.00', 'YES', 'JEDDAH', 'US BANGLA', '1', '2025-05-25 02:15:11', '2025-05-25 02:15:11'),
(3244, 67, 'DHAKA', 'JED', '2025-11-06', 'YES', 'YES', 'YES', '50500.00', '51000.00', 'YES', 'JEDDAH', 'US BANGLA', '1', '2025-05-25 02:15:11', '2025-05-25 02:15:11'),
(3245, 67, 'DHAKA', 'JED', '2025-12-06', 'YES', 'YES', 'YES', '50500.00', '51000.00', 'YES', 'JEDDAH', 'US BANGLA', '1', '2025-05-25 02:15:11', '2025-05-25 02:15:11'),
(3246, 67, 'DHAKA', 'JED', '2026-01-06', 'YES', 'YES', 'YES', '50500.00', '51000.00', 'YES', 'JEDDAH', 'US BANGLA', '1', '2025-05-25 02:15:11', '2025-05-25 02:15:11'),
(3247, 67, 'DHAKA', 'JED', '2026-02-06', 'YES', 'YES', 'YES', '50500.00', '51000.00', 'YES', 'JEDDAH', 'US BANGLA', '1', '2025-05-25 02:15:11', '2025-05-25 02:15:11'),
(3248, 67, 'DHAKA', 'JED', '2027-01-05', 'YES', 'YES', 'YES', '40300.00', '40800.00', 'YES', 'JEDDAH', 'INDIGO AIR', '1', '2025-05-25 02:15:11', '2025-05-25 02:15:11'),
(3249, 67, 'DHAKA', 'JED', '2027-02-05', 'YES', 'YES', 'YES', '40300.00', '40800.00', 'YES', 'JEDDAH', 'INDIGO AIR', '1', '2025-05-25 02:15:11', '2025-05-25 02:15:11'),
(3250, 67, 'DHAKA', 'JED', '2027-03-05', 'YES', 'YES', 'YES', '40300.00', '40800.00', 'YES', 'JEDDAH', 'INDIGO AIR', '1', '2025-05-25 02:15:11', '2025-05-25 02:15:11'),
(3251, 67, 'DHAKA', 'JED', '2027-04-05', 'YES', 'YES', 'YES', '40300.00', '40800.00', 'YES', 'JEDDAH', 'INDIGO AIR', '1', '2025-05-25 02:15:11', '2025-05-25 02:15:11'),
(3252, 67, 'DHAKA', 'JED', '2027-05-05', 'YES', 'YES', 'YES', '40300.00', '40800.00', 'YES', 'JEDDAH', 'INDIGO AIR', '1', '2025-05-25 02:15:11', '2025-05-25 02:15:11'),
(3253, 67, 'DHAKA', 'JED', '2027-06-05', 'YES', 'YES', 'YES', '40300.00', '40800.00', 'YES', 'JEDDAH', 'INDIGO AIR', '1', '2025-05-25 02:15:11', '2025-05-25 02:15:11'),
(3254, 67, 'DHAKA', 'JED', '2027-07-05', 'YES', 'YES', 'YES', '40300.00', '40800.00', 'YES', 'JEDDAH', 'INDIGO AIR', '1', '2025-05-25 02:15:11', '2025-05-25 02:15:11'),
(3255, 67, 'DHAKA', 'JED', '2025-06-06', 'YES', 'YES', 'YES', '38000.00', '38500.00', 'YES', 'JEDDAH', 'SALAM AIR', '1', '2025-05-25 02:15:11', '2025-05-25 02:15:11'),
(3256, 67, 'DHAKA', 'JED', '2025-07-06', 'YES', 'YES', 'YES', '38000.00', '38500.00', 'YES', 'JEDDAH', 'SALAM AIR', '1', '2025-05-25 02:15:11', '2025-05-25 02:15:11'),
(3257, 67, 'DHAKA', 'DMM', '2027-03-05', 'YES', 'YES', 'YES', '36500.00', '37000.00', 'YES', 'DAMMAM', 'INDIGO AIR', '1', '2025-05-25 02:15:11', '2025-05-25 02:15:11'),
(3258, 67, 'DHAKA', 'DMM', '2027-04-05', 'YES', 'YES', 'YES', '36500.00', '37000.00', 'YES', 'DAMMAM', 'INDIGO AIR', '1', '2025-05-25 02:15:11', '2025-05-25 02:15:11'),
(3259, 67, 'DHAKA', 'DMM', '2027-05-05', 'YES', 'YES', 'YES', '36500.00', '37000.00', 'YES', 'DAMMAM', 'INDIGO AIR', '1', '2025-05-25 02:15:11', '2025-05-25 02:15:11'),
(3260, 67, 'DHAKA', 'DMM', '2027-06-05', 'YES', 'YES', 'YES', '36500.00', '37000.00', 'YES', 'DAMMAM', 'INDIGO AIR', '1', '2025-05-25 02:15:11', '2025-05-25 02:15:11'),
(3261, 67, 'DHAKA', 'DMM', '2027-07-05', 'YES', 'YES', 'YES', '36500.00', '37000.00', 'YES', 'DAMMAM', 'INDIGO AIR', '1', '2025-05-25 02:15:11', '2025-05-25 02:15:11'),
(3262, 67, 'DHAKA', 'MED', '2025-02-06', 'YES', 'YES', 'YES', '34000.00', '34500.00', 'YES', 'Prince Mohammad Bin Abdulaziz Int. Air', 'INDIGO AIR', '1', '2025-05-25 02:15:11', '2025-05-25 02:15:11'),
(3263, 67, 'DHAKA', 'MED', '2025-05-06', 'YES', 'YES', 'YES', '34000.00', '34500.00', 'YES', 'Prince Mohammad Bin Abdulaziz Int. Air', 'INDIGO AIR', '1', '2025-05-25 02:15:11', '2025-05-25 02:15:11'),
(3264, 67, 'DHAKA', 'MED', '2025-07-06', 'YES', 'YES', 'YES', '34000.00', '34500.00', 'YES', 'Prince Mohammad Bin Abdulaziz Int. Air', 'INDIGO AIR', '1', '2025-05-25 02:15:11', '2025-05-25 02:15:11'),
(3265, 67, 'DHAKA', 'MED', '2025-09-06', 'YES', 'YES', 'YES', '34000.00', '34500.00', 'YES', 'Prince Mohammad Bin Abdulaziz Int. Air', 'INDIGO AIR', '1', '2025-05-25 02:15:11', '2025-05-25 02:15:11'),
(3266, 67, 'DHAKA', 'DOH', '2027-04-05', 'YES', 'YES', 'YES', '43500.00', '44000.00', 'YES', 'Doha Int. Air', 'QATAR AIR', '1', '2025-05-25 02:15:11', '2025-05-25 02:15:11'),
(3267, 67, 'DHAKA', 'DOH', '2027-06-05', 'YES', 'YES', 'YES', '43500.00', '44000.00', 'YES', 'Doha Int. Air', 'QATAR AIR', '1', '2025-05-25 02:15:11', '2025-05-25 02:15:11'),
(3268, 67, 'DHAKA', 'DOH', '2027-02-05', 'YES', 'YES', 'YES', '44000.00', '44500.00', 'YES', 'Doha Int. Air', 'US BANGLA', '1', '2025-05-25 02:15:11', '2025-05-25 02:15:11'),
(3269, 67, 'DHAKA', 'DOH', '2027-03-05', 'YES', 'YES', 'YES', '44000.00', '44500.00', 'YES', 'Doha Int. Air', 'US BANGLA', '1', '2025-05-25 02:15:11', '2025-05-25 02:15:11'),
(3270, 67, 'DHAKA', 'DOH', '2027-04-05', 'YES', 'YES', 'YES', '44000.00', '44500.00', 'YES', 'Doha Int. Air', 'US BANGLA', '1', '2025-05-25 02:15:11', '2025-05-25 02:15:11'),
(3271, 67, 'DHAKA', 'DOH', '2027-05-05', 'YES', 'YES', 'YES', '44000.00', '44500.00', 'YES', 'Doha Int. Air', 'US BANGLA', '1', '2025-05-25 02:15:11', '2025-05-25 02:15:11'),
(3272, 67, 'DHAKA', 'DOH', '2027-06-05', 'YES', 'YES', 'YES', '44000.00', '44500.00', 'YES', 'Doha Int. Air', 'US BANGLA', '1', '2025-05-25 02:15:11', '2025-05-25 02:15:11'),
(3273, 67, 'DHAKA', 'DOH', '2027-07-05', 'YES', 'YES', 'YES', '44000.00', '44500.00', 'YES', 'Doha Int. Air', 'US BANGLA', '1', '2025-05-25 02:15:11', '2025-05-25 02:15:11'),
(3274, 67, 'DHAKA', 'MCT', '2026-08-05', 'YES', 'YES', 'YES', '32300.00', '32800.00', 'YES', 'Muscat Air', 'US BANGLA', '1', '2025-05-25 02:15:11', '2025-05-25 02:15:11'),
(3275, 67, 'DHAKA', 'MCT', '2026-09-05', 'YES', 'YES', 'YES', '32300.00', '32800.00', 'YES', 'Muscat Air', 'US BANGLA', '1', '2025-05-25 02:15:11', '2025-05-25 02:15:11'),
(3276, 67, 'DHAKA', 'MCT', '2026-10-05', 'YES', 'YES', 'YES', '32300.00', '32800.00', 'YES', 'Muscat Air', 'US BANGLA', '1', '2025-05-25 02:15:11', '2025-05-25 02:15:11'),
(3277, 67, 'DHAKA', 'MCT', '2026-11-05', 'YES', 'YES', 'YES', '32300.00', '32800.00', 'YES', 'Muscat Air', 'US BANGLA', '1', '2025-05-25 02:15:11', '2025-05-25 02:15:11'),
(3278, 67, 'DHAKA', 'MCT', '2026-12-05', 'YES', 'YES', 'YES', '32300.00', '32800.00', 'YES', 'Muscat Air', 'US BANGLA', '1', '2025-05-25 02:15:11', '2025-05-25 02:15:11'),
(3279, 67, 'DHAKA', 'MCT', '2027-01-05', 'YES', 'YES', 'YES', '32300.00', '32800.00', 'YES', 'Muscat Air', 'US BANGLA', '1', '2025-05-25 02:15:11', '2025-05-25 02:15:11'),
(3280, 67, 'DHAKA', 'MCT', '2027-02-05', 'YES', 'YES', 'YES', '32300.00', '32800.00', 'YES', 'Muscat Air', 'US BANGLA', '1', '2025-05-25 02:15:11', '2025-05-25 02:15:11'),
(3281, 67, 'DHAKA', 'MCT', '2027-03-05', 'YES', 'YES', 'YES', '32300.00', '32800.00', 'YES', 'Muscat Air', 'US BANGLA', '1', '2025-05-25 02:15:11', '2025-05-25 02:15:11'),
(3282, 67, 'DHAKA', 'MCT', '2027-04-05', 'YES', 'YES', 'YES', '32300.00', '32800.00', 'YES', 'Muscat Air', 'US BANGLA', '1', '2025-05-25 02:15:12', '2025-05-25 02:15:12'),
(3283, 67, 'DHAKA', 'MCT', '2027-05-05', 'YES', 'YES', 'YES', '32300.00', '32800.00', 'YES', 'Muscat Air', 'US BANGLA', '1', '2025-05-25 02:15:12', '2025-05-25 02:15:12'),
(3284, 67, 'DHAKA', 'MCT', '2027-06-05', 'YES', 'YES', 'YES', '32300.00', '32800.00', 'YES', 'Muscat Air', 'US BANGLA', '1', '2025-05-25 02:15:12', '2025-05-25 02:15:12'),
(3285, 67, 'DHAKA', 'MCT', '2026-07-05', 'YES', 'YES', 'YES', '27300.00', '27800.00', 'YES', 'Muscat Air', 'INDIGO AIR', '1', '2025-05-25 02:15:12', '2025-05-25 02:15:12'),
(3286, 67, 'DHAKA', 'MCT', '2026-08-05', 'YES', 'YES', 'YES', '27300.00', '27800.00', 'YES', 'Muscat Air', 'INDIGO AIR', '1', '2025-05-25 02:15:12', '2025-05-25 02:15:12'),
(3287, 67, 'DHAKA', 'MCT', '2026-09-05', 'YES', 'YES', 'YES', '27300.00', '27800.00', 'YES', 'Muscat Air', 'INDIGO AIR', '1', '2025-05-25 02:15:12', '2025-05-25 02:15:12'),
(3288, 67, 'DHAKA', 'MCT', '2026-10-05', 'YES', 'YES', 'YES', '27300.00', '27800.00', 'YES', 'Muscat Air', 'INDIGO AIR', '1', '2025-05-25 02:15:12', '2025-05-25 02:15:12'),
(3289, 67, 'DHAKA', 'MCT', '2026-11-05', 'YES', 'YES', 'YES', '27300.00', '27800.00', 'YES', 'Muscat Air', 'INDIGO AIR', '1', '2025-05-25 02:15:12', '2025-05-25 02:15:12'),
(3290, 67, 'DHAKA', 'MCT', '2026-12-05', 'YES', 'YES', 'YES', '27300.00', '27800.00', 'YES', 'Muscat Air', 'INDIGO AIR', '1', '2025-05-25 02:15:12', '2025-05-25 02:15:12'),
(3291, 67, 'DHAKA', 'MCT', '2027-01-05', 'YES', 'YES', 'YES', '27300.00', '27800.00', 'YES', 'Muscat Air', 'INDIGO AIR', '1', '2025-05-25 02:15:12', '2025-05-25 02:15:12'),
(3292, 67, 'DHAKA', 'MCT', '2027-02-05', 'YES', 'YES', 'YES', '27300.00', '27800.00', 'YES', 'Muscat Air', 'INDIGO AIR', '1', '2025-05-25 02:15:12', '2025-05-25 02:15:12'),
(3293, 67, 'DHAKA', 'MCT', '2027-03-05', 'YES', 'YES', 'YES', '27300.00', '27800.00', 'YES', 'Muscat Air', 'INDIGO AIR', '1', '2025-05-25 02:15:12', '2025-05-25 02:15:12'),
(3294, 67, 'DHAKA', 'MCT', '2027-04-05', 'YES', 'YES', 'YES', '27300.00', '27800.00', 'YES', 'Muscat Air', 'INDIGO AIR', '1', '2025-05-25 02:15:12', '2025-05-25 02:15:12'),
(3295, 67, 'DHAKA', 'MCT', '2027-05-05', 'YES', 'YES', 'YES', '27300.00', '27800.00', 'YES', 'Muscat Air', 'INDIGO AIR', '1', '2025-05-25 02:15:12', '2025-05-25 02:15:12'),
(3296, 67, 'DHAKA', 'MCT', '2027-06-05', 'YES', 'YES', 'YES', '27300.00', '27800.00', 'YES', 'Muscat Air', 'INDIGO AIR', '1', '2025-05-25 02:15:12', '2025-05-25 02:15:12'),
(3297, 67, 'DHAKA', 'MCT', '2027-07-05', 'YES', 'YES', 'YES', '27300.00', '27800.00', 'YES', 'Muscat Air', 'INDIGO AIR', '1', '2025-05-25 02:15:12', '2025-05-25 02:15:12'),
(3298, 67, 'DHAKA', 'MCT', '2027-06-05', 'YES', 'YES', 'YES', '27300.00', '27800.00', 'YES', 'Muscat Air', 'INDIGO AIR', '1', '2025-05-25 02:15:12', '2025-05-25 02:15:12'),
(3299, 67, 'DHAKA', 'MCT', '2027-07-05', 'YES', 'YES', 'YES', '27300.00', '27800.00', 'YES', 'Muscat Air', 'INDIGO AIR', '1', '2025-05-25 02:15:12', '2025-05-25 02:15:12'),
(3300, 68, 'DHAKA', 'RUH', '2027-03-05', 'YES', 'YES', 'YES', '43000.00', '43500.00', 'YES', 'RIYAD', 'US BANGLA', '1', '2025-05-26 03:00:25', '2025-05-26 03:00:25'),
(3301, 68, 'DHAKA', 'RUH', '2027-04-05', 'YES', 'YES', 'YES', '43000.00', '43500.00', 'YES', 'RIYAD', 'US BANGLA', '1', '2025-05-26 03:00:25', '2025-05-26 03:00:25'),
(3302, 68, 'DHAKA', 'RUH', '2027-05-05', 'YES', 'YES', 'YES', '43000.00', '43500.00', 'YES', 'RIYAD', 'US BANGLA', '1', '2025-05-26 03:00:25', '2025-05-26 03:00:25'),
(3303, 68, 'DHAKA', 'RUH', '2027-06-05', 'YES', 'YES', 'YES', '43000.00', '43500.00', 'YES', 'RIYAD', 'US BANGLA', '1', '2025-05-26 03:00:25', '2025-05-26 03:00:25'),
(3304, 68, 'DHAKA', 'RUH', '2027-07-05', 'YES', 'YES', 'YES', '43000.00', '43500.00', 'YES', 'RIYAD', 'US BANGLA', '1', '2025-05-26 03:00:25', '2025-05-26 03:00:25'),
(3305, 68, 'DHAKA', 'RUH', '2025-01-06', 'YES', 'YES', 'YES', '43000.00', '43500.00', 'YES', 'RIYAD', 'US BANGLA', '1', '2025-05-26 03:00:25', '2025-05-26 03:00:25'),
(3306, 68, 'DHAKA', 'RUH', '2025-02-06', 'YES', 'YES', 'YES', '43000.00', '43500.00', 'YES', 'RIYAD', 'US BANGLA', '1', '2025-05-26 03:00:25', '2025-05-26 03:00:25'),
(3307, 68, 'DHAKA', 'RUH', '2025-03-06', 'YES', 'YES', 'YES', '43000.00', '43500.00', 'YES', 'RIYAD', 'US BANGLA', '1', '2025-05-26 03:00:25', '2025-05-26 03:00:25'),
(3308, 68, 'DHAKA', 'RUH', '2025-04-06', 'YES', 'YES', 'YES', '43000.00', '43500.00', 'YES', 'RIYAD', 'US BANGLA', '1', '2025-05-26 03:00:25', '2025-05-26 03:00:25'),
(3309, 68, 'DHAKA', 'RUH', '2025-05-06', 'YES', 'YES', 'YES', '43000.00', '43500.00', 'YES', 'RIYAD', 'US BANGLA', '1', '2025-05-26 03:00:25', '2025-05-26 03:00:25'),
(3310, 68, 'DHAKA', 'RUH', '2025-06-06', 'YES', 'YES', 'YES', '43000.00', '43500.00', 'YES', 'RIYAD', 'US BANGLA', '1', '2025-05-26 03:00:25', '2025-05-26 03:00:25'),
(3311, 68, 'DHAKA', 'RUH', '2025-07-06', 'YES', 'YES', 'YES', '43000.00', '43500.00', 'YES', 'RIYAD', 'US BANGLA', '1', '2025-05-26 03:00:25', '2025-05-26 03:00:25'),
(3312, 68, 'DHAKA', 'RUH', '2025-08-06', 'YES', 'YES', 'YES', '43000.00', '43500.00', 'YES', 'RIYAD', 'US BANGLA', '1', '2025-05-26 03:00:25', '2025-05-26 03:00:25'),
(3313, 68, 'DHAKA', 'RUH', '2027-06-05', 'YES', 'YES', 'YES', '37500.00', '38000.00', 'YES', 'RIYAD', 'FLY DUBAI', '1', '2025-05-26 03:00:25', '2025-05-26 03:00:25'),
(3314, 68, 'DHAKA', 'RUH', '2027-04-05', 'YES', 'YES', 'YES', '39000.00', '39500.00', 'YES', 'RIYAD', 'QATAR AIR', '1', '2025-05-26 03:00:25', '2025-05-26 03:00:25'),
(3315, 68, 'DHAKA', 'RUH', '2027-05-05', 'YES', 'YES', 'YES', '39000.00', '39500.00', 'YES', 'RIYAD', 'QATAR AIR', '1', '2025-05-26 03:00:25', '2025-05-26 03:00:25'),
(3316, 68, 'DHAKA', 'JED', '2027-03-05', 'YES', 'YES', 'YES', '50500.00', '51000.00', 'YES', 'JEDDAH', 'US BANGLA', '1', '2025-05-26 03:00:25', '2025-05-26 03:00:25'),
(3317, 68, 'DHAKA', 'JED', '2027-04-05', 'YES', 'YES', 'YES', '50500.00', '51000.00', 'YES', 'JEDDAH', 'US BANGLA', '1', '2025-05-26 03:00:25', '2025-05-26 03:00:25'),
(3318, 68, 'DHAKA', 'JED', '2027-05-05', 'YES', 'YES', 'YES', '50500.00', '51000.00', 'YES', 'JEDDAH', 'US BANGLA', '1', '2025-05-26 03:00:25', '2025-05-26 03:00:25'),
(3319, 68, 'DHAKA', 'JED', '2027-06-05', 'YES', 'YES', 'YES', '50500.00', '51000.00', 'YES', 'JEDDAH', 'US BANGLA', '1', '2025-05-26 03:00:25', '2025-05-26 03:00:25'),
(3320, 68, 'DHAKA', 'JED', '2027-07-05', 'YES', 'YES', 'YES', '50500.00', '51000.00', 'YES', 'JEDDAH', 'US BANGLA', '1', '2025-05-26 03:00:25', '2025-05-26 03:00:25'),
(3321, 68, 'DHAKA', 'JED', '2025-01-06', 'YES', 'YES', 'YES', '50500.00', '51000.00', 'YES', 'JEDDAH', 'US BANGLA', '1', '2025-05-26 03:00:25', '2025-05-26 03:00:25'),
(3322, 68, 'DHAKA', 'JED', '2025-02-06', 'YES', 'YES', 'YES', '50500.00', '51000.00', 'YES', 'JEDDAH', 'US BANGLA', '1', '2025-05-26 03:00:25', '2025-05-26 03:00:25'),
(3323, 68, 'DHAKA', 'JED', '2025-03-06', 'YES', 'YES', 'YES', '50500.00', '51000.00', 'YES', 'JEDDAH', 'US BANGLA', '1', '2025-05-26 03:00:25', '2025-05-26 03:00:25'),
(3324, 68, 'DHAKA', 'JED', '2025-04-06', 'YES', 'YES', 'YES', '50500.00', '51000.00', 'YES', 'JEDDAH', 'US BANGLA', '1', '2025-05-26 03:00:25', '2025-05-26 03:00:25'),
(3325, 68, 'DHAKA', 'JED', '2025-05-06', 'YES', 'YES', 'YES', '50500.00', '51000.00', 'YES', 'JEDDAH', 'US BANGLA', '1', '2025-05-26 03:00:25', '2025-05-26 03:00:25'),
(3326, 68, 'DHAKA', 'JED', '2025-06-06', 'YES', 'YES', 'YES', '50500.00', '51000.00', 'YES', 'JEDDAH', 'US BANGLA', '1', '2025-05-26 03:00:25', '2025-05-26 03:00:25'),
(3327, 68, 'DHAKA', 'JED', '2025-07-06', 'YES', 'YES', 'YES', '50500.00', '51000.00', 'YES', 'JEDDAH', 'US BANGLA', '1', '2025-05-26 03:00:25', '2025-05-26 03:00:25'),
(3328, 68, 'DHAKA', 'JED', '2025-08-06', 'YES', 'YES', 'YES', '50500.00', '51000.00', 'YES', 'JEDDAH', 'US BANGLA', '1', '2025-05-26 03:00:25', '2025-05-26 03:00:25'),
(3329, 68, 'DHAKA', 'JED', '2025-09-06', 'YES', 'YES', 'YES', '50500.00', '51000.00', 'YES', 'JEDDAH', 'US BANGLA', '1', '2025-05-26 03:00:25', '2025-05-26 03:00:25'),
(3330, 68, 'DHAKA', 'JED', '2025-10-06', 'YES', 'YES', 'YES', '50500.00', '51000.00', 'YES', 'JEDDAH', 'US BANGLA', '1', '2025-05-26 03:00:25', '2025-05-26 03:00:25'),
(3331, 68, 'DHAKA', 'JED', '2025-11-06', 'YES', 'YES', 'YES', '50500.00', '51000.00', 'YES', 'JEDDAH', 'US BANGLA', '1', '2025-05-26 03:00:25', '2025-05-26 03:00:25'),
(3332, 68, 'DHAKA', 'JED', '2025-12-06', 'YES', 'YES', 'YES', '50500.00', '51000.00', 'YES', 'JEDDAH', 'US BANGLA', '1', '2025-05-26 03:00:25', '2025-05-26 03:00:25'),
(3333, 68, 'DHAKA', 'JED', '2026-01-06', 'YES', 'YES', 'YES', '50500.00', '51000.00', 'YES', 'JEDDAH', 'US BANGLA', '1', '2025-05-26 03:00:25', '2025-05-26 03:00:25'),
(3334, 68, 'DHAKA', 'JED', '2026-02-06', 'YES', 'YES', 'YES', '50500.00', '51000.00', 'YES', 'JEDDAH', 'US BANGLA', '1', '2025-05-26 03:00:25', '2025-05-26 03:00:25'),
(3335, 68, 'DHAKA', 'DMM', '2027-03-05', 'YES', 'YES', 'YES', '36500.00', '37000.00', 'YES', 'DAMMAM', 'INDIGO AIR', '1', '2025-05-26 03:00:25', '2025-05-26 03:00:25'),
(3336, 68, 'DHAKA', 'DMM', '2027-04-05', 'YES', 'YES', 'YES', '36500.00', '37000.00', 'YES', 'DAMMAM', 'INDIGO AIR', '1', '2025-05-26 03:00:25', '2025-05-26 03:00:25'),
(3337, 68, 'DHAKA', 'DMM', '2027-05-05', 'YES', 'YES', 'YES', '36500.00', '37000.00', 'YES', 'DAMMAM', 'INDIGO AIR', '1', '2025-05-26 03:00:25', '2025-05-26 03:00:25'),
(3338, 68, 'DHAKA', 'DMM', '2027-06-05', 'YES', 'YES', 'YES', '36500.00', '37000.00', 'YES', 'DAMMAM', 'INDIGO AIR', '1', '2025-05-26 03:00:25', '2025-05-26 03:00:25'),
(3339, 68, 'DHAKA', 'DMM', '2027-07-05', 'YES', 'YES', 'YES', '36500.00', '37000.00', 'YES', 'DAMMAM', 'INDIGO AIR', '1', '2025-05-26 03:00:25', '2025-05-26 03:00:25'),
(3340, 68, 'DHAKA', 'MED', '2025-05-06', 'YES', 'YES', 'YES', '34000.00', '34500.00', 'YES', 'Prince Mohammad Bin Abdulaziz Int. Air', 'INDIGO AIR', '1', '2025-05-26 03:00:25', '2025-05-26 03:00:25'),
(3341, 68, 'DHAKA', 'MED', '2025-07-06', 'YES', 'YES', 'YES', '34000.00', '34500.00', 'YES', 'Prince Mohammad Bin Abdulaziz Int. Air', 'INDIGO AIR', '1', '2025-05-26 03:00:25', '2025-05-26 03:00:25'),
(3342, 68, 'DHAKA', 'MED', '2025-09-06', 'YES', 'YES', 'YES', '34000.00', '34500.00', 'YES', 'Prince Mohammad Bin Abdulaziz Int. Air', 'INDIGO AIR', '1', '2025-05-26 03:00:25', '2025-05-26 03:00:25'),
(3343, 68, 'DHAKA', 'DOH', '2027-05-05', 'YES', 'YES', 'YES', '44000.00', '44500.00', 'YES', 'Doha Int. Air', 'US BANGLA', '1', '2025-05-26 03:00:25', '2025-05-26 03:00:25'),
(3344, 68, 'DHAKA', 'DOH', '2027-06-05', 'YES', 'YES', 'YES', '44000.00', '44500.00', 'YES', 'Doha Int. Air', 'US BANGLA', '1', '2025-05-26 03:00:25', '2025-05-26 03:00:25'),
(3345, 68, 'DHAKA', 'DOH', '2027-07-05', 'YES', 'YES', 'YES', '44000.00', '44500.00', 'YES', 'Doha Int. Air', 'US BANGLA', '1', '2025-05-26 03:00:25', '2025-05-26 03:00:25'),
(3346, 68, 'DHAKA', 'MCT', '2027-03-05', 'YES', 'YES', 'YES', '32300.00', '32800.00', 'YES', 'Muscat Air', 'US BANGLA', '1', '2025-05-26 03:00:25', '2025-05-26 03:00:25'),
(3347, 68, 'DHAKA', 'MCT', '2027-04-05', 'YES', 'YES', 'YES', '32300.00', '32800.00', 'YES', 'Muscat Air', 'US BANGLA', '1', '2025-05-26 03:00:25', '2025-05-26 03:00:25'),
(3348, 68, 'DHAKA', 'MCT', '2027-05-05', 'YES', 'YES', 'YES', '32300.00', '32800.00', 'YES', 'Muscat Air', 'US BANGLA', '1', '2025-05-26 03:00:25', '2025-05-26 03:00:25'),
(3349, 68, 'DHAKA', 'MCT', '2027-06-05', 'YES', 'YES', 'YES', '32300.00', '32800.00', 'YES', 'Muscat Air', 'US BANGLA', '1', '2025-05-26 03:00:25', '2025-05-26 03:00:25'),
(3350, 68, 'DHAKA', 'MCT', '2027-03-05', 'YES', 'YES', 'YES', '27300.00', '27800.00', 'YES', 'Muscat Air', 'INDIGO AIR', '1', '2025-05-26 03:00:25', '2025-05-26 03:00:25'),
(3351, 68, 'DHAKA', 'MCT', '2027-04-05', 'YES', 'YES', 'YES', '27300.00', '27800.00', 'YES', 'Muscat Air', 'INDIGO AIR', '1', '2025-05-26 03:00:25', '2025-05-26 03:00:25'),
(3352, 68, 'DHAKA', 'MCT', '2027-05-05', 'YES', 'YES', 'YES', '27300.00', '27800.00', 'YES', 'Muscat Air', 'INDIGO AIR', '1', '2025-05-26 03:00:25', '2025-05-26 03:00:25'),
(3353, 68, 'DHAKA', 'MCT', '2027-06-05', 'YES', 'YES', 'YES', '27300.00', '27800.00', 'YES', 'Muscat Air', 'INDIGO AIR', '1', '2025-05-26 03:00:25', '2025-05-26 03:00:25'),
(3354, 68, 'DHAKA', 'MCT', '2027-07-05', 'YES', 'YES', 'YES', '27300.00', '27800.00', 'YES', 'Muscat Air', 'INDIGO AIR', '1', '2025-05-26 03:00:25', '2025-05-26 03:00:25'),
(3355, 69, 'DHAKA', 'RUH', '2027-05-05', 'YES', 'YES', 'YES', '38000.00', '38500.00', 'YES', 'RIYAD', 'AIR ARABIA', '1', '2025-05-27 02:43:21', '2025-05-27 02:43:21'),
(3356, 69, 'DHAKA', 'RUH', '2027-06-05', 'YES', 'YES', 'YES', '38500.00', '39000.00', 'YES', 'RIYAD', 'GULF AIR', '1', '2025-05-27 02:43:21', '2025-05-27 02:43:21');
INSERT INTO `air_tickets` (`id`, `air_ticket_file_id`, `destination_from`, `destination_to`, `flight_date`, `transit_time`, `luggage`, `food`, `b2b_fare`, `b2c_fare`, `group`, `full_airport_name`, `airlines`, `status`, `created_at`, `updated_at`) VALUES
(3357, 69, 'DHAKA', 'RUH', '2027-07-05', 'YES', 'YES', 'YES', '38500.00', '39000.00', 'YES', 'RIYAD', 'GULF AIR', '1', '2025-05-27 02:43:21', '2025-05-27 02:43:21'),
(3358, 69, 'DHAKA', 'RUH', '2025-02-06', 'YES', 'YES', 'YES', '39000.00', '39500.00', 'YES', 'RIYAD', 'GULF AIR', '1', '2025-05-27 02:43:21', '2025-05-27 02:43:21'),
(3359, 69, 'DHAKA', 'RUH', '2025-03-06', 'YES', 'YES', 'YES', '39000.00', '39500.00', 'YES', 'RIYAD', 'GULF AIR', '1', '2025-05-27 02:43:21', '2025-05-27 02:43:21'),
(3360, 69, 'DHAKA', 'RUH', '2025-04-06', 'YES', 'YES', 'YES', '39000.00', '39500.00', 'YES', 'RIYAD', 'GULF AIR', '1', '2025-05-27 02:43:21', '2025-05-27 02:43:21'),
(3361, 69, 'DHAKA', 'RUH', '2025-01-06', 'YES', 'YES', 'YES', '38300.00', '38800.00', 'YES', 'RIYAD', 'AIR ARABIA', '1', '2025-05-27 02:43:21', '2025-05-27 02:43:21'),
(3362, 69, 'DHAKA', 'RUH', '2025-02-06', 'YES', 'YES', 'YES', '38300.00', '38800.00', 'YES', 'RIYAD', 'AIR ARABIA', '1', '2025-05-27 02:43:21', '2025-05-27 02:43:21'),
(3363, 69, 'DHAKA', 'RUH', '2025-03-06', 'YES', 'YES', 'YES', '38300.00', '38800.00', 'YES', 'RIYAD', 'AIR ARABIA', '1', '2025-05-27 02:43:21', '2025-05-27 02:43:21'),
(3364, 69, 'DHAKA', 'RUH', '2025-04-06', 'YES', 'YES', 'YES', '38300.00', '38800.00', 'YES', 'RIYAD', 'AIR ARABIA', '1', '2025-05-27 02:43:21', '2025-05-27 02:43:21'),
(3365, 69, 'DHAKA', 'RUH', '2025-05-06', 'YES', 'YES', 'YES', '38300.00', '38800.00', 'YES', 'RIYAD', 'AIR ARABIA', '1', '2025-05-27 02:43:21', '2025-05-27 02:43:21'),
(3366, 69, 'DHAKA', 'RUH', '2025-06-06', 'YES', 'YES', 'YES', '38300.00', '38800.00', 'YES', 'RIYAD', 'AIR ARABIA', '1', '2025-05-27 02:43:21', '2025-05-27 02:43:21'),
(3367, 69, 'DHAKA', 'RUH', '2025-07-06', 'YES', 'YES', 'YES', '38300.00', '38800.00', 'YES', 'RIYAD', 'AIR ARABIA', '1', '2025-05-27 02:43:22', '2025-05-27 02:43:22'),
(3368, 69, 'DHAKA', 'RUH', '2025-08-06', 'YES', 'YES', 'YES', '38300.00', '38800.00', 'YES', 'RIYAD', 'AIR ARABIA', '1', '2025-05-27 02:43:22', '2025-05-27 02:43:22'),
(3369, 69, 'DHAKA', 'RUH', '2027-07-05', 'YES', 'YES', 'YES', '39000.00', '38800.00', 'YES', 'RIYAD', 'SRILANKAN AIR', '1', '2025-05-27 02:43:22', '2025-05-27 02:43:22'),
(3370, 69, 'DHAKA', 'RUH', '2025-02-06', 'YES', 'YES', 'YES', '39000.00', '38800.00', 'YES', 'RIYAD', 'SRILANKAN AIR', '1', '2025-05-27 02:43:22', '2025-05-27 02:43:22'),
(3371, 69, 'DHAKA', 'RUH', '2025-03-06', 'YES', 'YES', 'YES', '38300.00', '38800.00', 'YES', 'RIYAD', 'SALAM AIR', '1', '2025-05-27 02:43:22', '2025-05-27 02:43:22'),
(3372, 69, 'DHAKA', 'DMM', '2027-06-05', 'YES', 'YES', 'YES', '36300.00', '36800.00', 'YES', 'DAMMAM', 'AIR ARABIA', '1', '2025-05-27 02:43:22', '2025-05-27 02:43:22'),
(3373, 69, 'DHAKA', 'DMM', '2025-05-06', 'YES', 'YES', 'YES', '36300.00', '36800.00', 'YES', 'DAMMAM', 'AIR ARABIA', '1', '2025-05-27 02:43:22', '2025-05-27 02:43:22'),
(3374, 69, 'DHAKA', 'DMM', '2025-01-06', 'YES', 'YES', 'YES', '38000.00', '38500.00', 'YES', 'DAMMAM', 'AIR ARABIA', '1', '2025-05-27 02:43:22', '2025-05-27 02:43:22'),
(3375, 69, 'DHAKA', 'DMM', '2025-02-06', 'YES', 'YES', 'YES', '38000.00', '385000.00', 'YES', 'DAMMAM', 'AIR ARABIA', '1', '2025-05-27 02:43:22', '2025-05-27 02:43:22'),
(3376, 69, 'DHAKA', 'DMM', '2025-03-06', 'YES', 'YES', 'YES', '38000.00', '38500.00', 'YES', 'DAMMAM', 'AIR ARABIA', '1', '2025-05-27 02:43:22', '2025-05-27 02:43:22'),
(3377, 69, 'DHAKA', 'DMM', '2025-04-06', 'YES', 'YES', 'YES', '38000.00', '38500.00', 'YES', 'DAMMAM', 'AIR ARABIA', '1', '2025-05-27 02:43:22', '2025-05-27 02:43:22'),
(3378, 69, 'DHAKA', 'DMM', '2027-07-05', 'YES', 'YES', 'YES', '39300.00', '39800.00', 'YES', 'DAMMAM', 'SALAM AIR', '1', '2025-05-27 02:43:22', '2025-05-27 02:43:22'),
(3379, 69, 'DHAKA', 'DMM', '2025-10-06', 'YES', 'YES', 'YES', '39300.00', '39800.00', 'YES', 'DAMMAM', 'SALAM AIR', '1', '2025-05-27 02:43:22', '2025-05-27 02:43:22'),
(3380, 69, 'DHAKA', 'JED', '2025-02-06', 'YES', 'YES', 'YES', '36500.00', '37000.00', 'YES', 'JEDDAH', 'SALAM AIR', '1', '2025-05-27 02:43:22', '2025-05-27 02:43:22'),
(3381, 69, 'DHAKA', 'JED', '2025-05-06', 'YES', 'YES', 'YES', '36500.00', '37000.00', 'YES', 'JEDDAH', 'JAZEERA AIR', '1', '2025-05-27 02:43:22', '2025-05-27 02:43:22'),
(3382, 69, 'DHAKA', 'DOH', '2027-07-05', 'YES', 'YES', 'YES', '36300.00', '36800.00', 'YES', 'DOHA INT.AIR', 'SALAM AIR', '1', '2025-05-27 02:43:22', '2025-05-27 02:43:22'),
(3383, 69, 'DHAKA', 'DOH', '2025-01-06', 'YES', 'YES', 'YES', '36300.00', '36800.00', 'YES', 'DOHA INT.AIR', 'SALAM AIR', '1', '2025-05-27 02:43:22', '2025-05-27 02:43:22'),
(3384, 69, 'DHAKA', 'DOH', '2025-10-06', 'YES', 'YES', 'YES', '39000.00', '39500.00', 'YES', 'DOHA INT.AIR', 'SALAM AIR', '1', '2025-05-27 02:43:22', '2025-05-27 02:43:22'),
(3385, 69, 'DHAKA', 'DOH', '2025-12-06', 'YES', 'YES', 'YES', '39000.00', '39500.00', 'YES', 'DOHA INT.AIR', 'SALAM AIR', '1', '2025-05-27 02:43:22', '2025-05-27 02:43:22'),
(3386, 69, 'DHAKA', 'ABH', '2027-06-05', 'YES', 'YES', 'YES', '39500.00', '40000.00', 'YES', 'ABHA INT. AIR', 'FLY DUBAI', '1', '2025-05-27 02:43:22', '2025-05-27 02:43:22'),
(3387, 69, 'DHAKA', 'ABH', '2027-07-05', 'YES', 'YES', 'YES', '39500.00', '40000.00', 'YES', 'ABHA INT. AIR', 'FLY DUBAI', '1', '2025-05-27 02:43:22', '2025-05-27 02:43:22'),
(3388, 69, 'DHAKA', 'TUU', '2025-01-06', 'YES', 'YES', 'YES', '38500.00', '39000.00', 'YES', 'Prince Sultan Bin Abdulaziz Int. Air', 'FLY DUBAI', '1', '2025-05-27 02:43:22', '2025-05-27 02:43:22'),
(3389, 69, 'DHAKA', 'TUU', '2025-02-06', 'YES', 'YES', 'YES', '38500.00', '39000.00', 'YES', 'Prince Sultan Bin Abdulaziz Int. Air', 'FLY DUBAI', '1', '2025-05-27 02:43:22', '2025-05-27 02:43:22'),
(3390, 70, 'DHAKA', 'RUH', '2027-06-05', 'YES', 'YES', 'YES', '36500.00', '37000.00', 'YES', 'RIYAD', 'AIR ARABIA', '1', '2025-05-28 00:46:43', '2025-05-28 00:46:43'),
(3391, 70, 'DHAKA', 'RUH', '2027-07-05', 'YES', 'YES', 'YES', '36500.00', '37000.00', 'YES', 'RIYAD', 'GULF AIR', '1', '2025-05-28 00:46:43', '2025-05-28 00:46:43'),
(3392, 70, 'DHAKA', 'RUH', '2025-02-06', 'YES', 'YES', 'YES', '38000.00', '35000.00', 'YES', 'RIYAD', 'GULF AIR', '1', '2025-05-28 00:46:43', '2025-05-28 00:46:43'),
(3393, 70, 'DHAKA', 'RUH', '2025-03-06', 'YES', 'YES', 'YES', '38000.00', '38500.00', 'YES', 'RIYAD', 'GULF AIR', '1', '2025-05-28 00:46:43', '2025-05-28 00:46:43'),
(3394, 70, 'DHAKA', 'RUH', '2025-04-06', 'YES', 'YES', 'YES', '38000.00', '38500.00', 'YES', 'RIYAD', 'GULF AIR', '1', '2025-05-28 00:46:43', '2025-05-28 00:46:43'),
(3395, 70, 'DHAKA', 'RUH', '2027-07-05', 'YES', 'YES', 'YES', '38000.00', '38500.00', 'YES', 'RIYAD', 'GULF AIR', '1', '2025-05-28 00:46:43', '2025-05-28 00:46:43'),
(3396, 70, 'DHAKA', 'RUH', '2025-02-06', 'YES', 'YES', 'YES', '38000.00', '38500.00', 'YES', 'RIYAD', 'AIR ARABIA', '1', '2025-05-28 00:46:43', '2025-05-28 00:46:43'),
(3397, 70, 'DHAKA', 'RUH', '2025-05-06', 'YES', 'YES', 'YES', '35000.00', '35000.00', 'YES', 'RIYAD', 'AIR ARABIA', '1', '2025-05-28 00:46:43', '2025-05-28 00:46:43'),
(3398, 70, 'DHAKA', 'RUH', '2025-06-06', 'YES', 'YES', 'YES', '34000.00', '34500.00', 'YES', 'RIYAD', 'AIR ARABIA', '1', '2025-05-28 00:46:43', '2025-05-28 00:46:43'),
(3399, 70, 'DHAKA', 'RUH', '2025-08-06', 'YES', 'YES', 'YES', '34000.00', '34500.00', 'YES', 'RIYAD', 'AIR ARABIA', '1', '2025-05-28 00:46:43', '2025-05-28 00:46:43'),
(3400, 70, 'DHAKA', 'RUH', '2025-10-06', 'YES', 'YES', 'YES', '40000.00', '40500.00', 'YES', 'RIYAD', 'SRILANKAN AIR', '1', '2025-05-28 00:46:43', '2025-05-28 00:46:43'),
(3401, 70, 'DHAKA', 'RUH', '2025-12-06', 'YES', 'YES', 'YES', '41300.00', '41800.00', 'YES', 'RIYAD', 'SRILANKAN AIR', '1', '2025-05-28 00:46:43', '2025-05-28 00:46:43'),
(3402, 70, 'DHAKA', 'RUH', '2026-02-06', 'YES', 'YES', 'YES', '41300.00', '41800.00', 'YES', 'RIYAD', 'SALAM AIR', '1', '2025-05-28 00:46:43', '2025-05-28 00:46:43'),
(3403, 70, 'DHAKA', 'DMM', '2027-06-05', 'YES', 'YES', 'YES', '34500.00', '35000.00', 'YES', 'DAMMAM', 'AIR ARABIA', '1', '2025-05-28 00:46:43', '2025-05-28 00:46:43'),
(3404, 70, 'DHAKA', 'DMM', '2025-07-06', 'YES', 'YES', 'YES', '34500.00', '35000.00', 'YES', 'DAMMAM', 'AIR ARABIA', '1', '2025-05-28 00:46:43', '2025-05-28 00:46:43'),
(3405, 70, 'DHAKA', 'DMM', '2025-02-06', 'YES', 'YES', 'YES', '36300.00', '36800.00', 'YES', 'DAMMAM', 'AIR ARABIA', '1', '2025-05-28 00:46:43', '2025-05-28 00:46:43'),
(3406, 70, 'DHAKA', 'DMM', '2025-03-06', 'YES', 'YES', 'YES', '36300.00', '36800.00', 'YES', 'DAMMAM', 'AIR ARABIA', '1', '2025-05-28 00:46:43', '2025-05-28 00:46:43'),
(3407, 70, 'DHAKA', 'DMM', '2025-04-06', 'YES', 'YES', 'YES', '36300.00', '36800.00', 'YES', 'DAMMAM', 'AIR ARABIA', '1', '2025-05-28 00:46:43', '2025-05-28 00:46:43'),
(3408, 70, 'DHAKA', 'DMM', '2025-06-06', 'YES', 'YES', 'YES', '34000.00', '34500.00', 'YES', 'DAMMAM', 'AIR ARABIA', '1', '2025-05-28 00:46:43', '2025-05-28 00:46:43'),
(3409, 70, 'DHAKA', 'DMM', '2025-10-06', 'YES', 'YES', 'YES', '39500.00', '40000.00', 'YES', 'DAMMAM', 'SALAM AIR', '1', '2025-05-28 00:46:43', '2025-05-28 00:46:43'),
(3410, 70, 'DHAKA', 'DMM', '2025-12-06', 'YES', 'YES', 'YES', '41000.00', '41500.00', 'YES', 'DAMMAM', 'SALAM AIR', '1', '2025-05-28 00:46:43', '2025-05-28 00:46:43'),
(3411, 70, 'DHAKA', 'DOH', '2025-01-06', 'YES', 'YES', 'YES', '35000.00', '35500.00', 'YES', 'DOHA INT.AIR', 'SALAM AIR', '1', '2025-05-28 00:46:43', '2025-05-28 00:46:43'),
(3412, 70, 'DHAKA', 'DOH', '2025-02-06', 'YES', 'YES', 'YES', '35000.00', '35500.00', 'YES', 'DOHA INT.AIR', 'JAZEERA AIR', '1', '2025-05-28 00:46:43', '2025-05-28 00:46:43'),
(3413, 70, 'DHAKA', 'DOH', '2025-03-06', 'YES', 'YES', 'YES', '35000.00', '35500.00', 'YES', 'DOHA INT.AIR', 'SALAM AIR', '1', '2025-05-28 00:46:43', '2025-05-28 00:46:43'),
(3414, 70, 'DHAKA', 'DOH', '2025-04-06', 'YES', 'YES', 'YES', '35000.00', '35500.00', 'YES', 'DOHA INT.AIR', 'SALAM AIR', '1', '2025-05-28 00:46:43', '2025-05-28 00:46:43'),
(3415, 70, 'DHAKA', 'DOH', '2025-05-06', 'YES', 'YES', 'YES', '35000.00', '35500.00', 'YES', 'DOHA INT.AIR', 'SALAM AIR', '1', '2025-05-28 00:46:43', '2025-05-28 00:46:43'),
(3416, 70, 'DHAKA', 'DOH', '2025-12-06', 'YES', 'YES', 'YES', '41000.00', '41500.00', 'YES', 'DOHA INT.AIR', 'SALAM AIR', '1', '2025-05-28 00:46:43', '2025-05-28 00:46:43'),
(3417, 70, 'DHAKA', 'DOH', '2026-01-06', 'YES', 'YES', 'YES', '41000.00', '41500.00', 'YES', 'DOHA INT.AIR', 'FLY DUBAI', '1', '2025-05-28 00:46:43', '2025-05-28 00:46:43'),
(3418, 70, 'DHAKA', 'JED', '2025-05-06', 'YES', 'YES', 'YES', '36500.00', '37000.00', 'YES', 'JEDDAH', 'FLY DUBAI', '1', '2025-05-28 00:46:43', '2025-05-28 00:46:43'),
(3419, 70, 'DHAKA', 'ELQ', '2025-03-06', 'YES', 'YES', 'YES', '39500.00', '40000.00', 'YES', 'Prince Sultan Bin Abdulaziz Int. Air', 'FLY DUBAI', '1', '2025-05-28 00:46:43', '2025-05-28 00:46:43'),
(3420, 70, 'DHAKA', 'TUU', '2025-01-06', 'YES', 'YES', 'YES', '38500.00', '39000.00', 'YES', 'Prince Sultan Bin Abdulaziz Int. Air', 'FLY DUBAI', '1', '2025-05-28 00:46:43', '2025-05-28 00:46:43'),
(3421, 70, 'DHAKA', 'AHB', '2027-07-05', 'YES', 'YES', 'YES', '40000.00', '40500.00', 'YES', 'ABHA INT. AIR', '', '1', '2025-05-28 00:46:43', '2025-05-28 00:46:43'),
(3422, 71, 'DHAKA', 'RUH', '2027-06-05', 'YES', 'YES', 'YES', '36500.00', '37000.00', 'YES', 'RIYAD', 'AIR ARABIA', '1', '2025-05-28 01:16:49', '2025-05-28 01:16:49'),
(3423, 71, 'DHAKA', 'RUH', '2027-07-05', 'YES', 'YES', 'YES', '36500.00', '37000.00', 'YES', 'RIYAD', 'GULF AIR', '1', '2025-05-28 01:16:49', '2025-05-28 01:16:49'),
(3424, 71, 'DHAKA', 'RUH', '2025-02-06', 'YES', 'YES', 'YES', '38000.00', '35000.00', 'YES', 'RIYAD', 'GULF AIR', '1', '2025-05-28 01:16:49', '2025-05-28 01:16:49'),
(3425, 71, 'DHAKA', 'RUH', '2025-03-06', 'YES', 'YES', 'YES', '38000.00', '38500.00', 'YES', 'RIYAD', 'GULF AIR', '1', '2025-05-28 01:16:49', '2025-05-28 01:16:49'),
(3426, 71, 'DHAKA', 'RUH', '2025-04-06', 'YES', 'YES', 'YES', '38000.00', '38500.00', 'YES', 'RIYAD', 'GULF AIR', '1', '2025-05-28 01:16:49', '2025-05-28 01:16:49'),
(3427, 71, 'DHAKA', 'RUH', '2027-07-05', 'YES', 'YES', 'YES', '38000.00', '38500.00', 'YES', 'RIYAD', 'GULF AIR', '1', '2025-05-28 01:16:49', '2025-05-28 01:16:49'),
(3428, 71, 'DHAKA', 'RUH', '2025-02-06', 'YES', 'YES', 'YES', '38000.00', '38500.00', 'YES', 'RIYAD', 'AIR ARABIA', '1', '2025-05-28 01:16:49', '2025-05-28 01:16:49'),
(3429, 71, 'DHAKA', 'RUH', '2025-05-06', 'YES', 'YES', 'YES', '35000.00', '35000.00', 'YES', 'RIYAD', 'AIR ARABIA', '1', '2025-05-28 01:16:49', '2025-05-28 01:16:49'),
(3430, 71, 'DHAKA', 'RUH', '2025-06-06', 'YES', 'YES', 'YES', '34000.00', '34500.00', 'YES', 'RIYAD', 'AIR ARABIA', '1', '2025-05-28 01:16:49', '2025-05-28 01:16:49'),
(3431, 71, 'DHAKA', 'RUH', '2025-08-06', 'YES', 'YES', 'YES', '34000.00', '34500.00', 'YES', 'RIYAD', 'AIR ARABIA', '1', '2025-05-28 01:16:49', '2025-05-28 01:16:49'),
(3432, 71, 'DHAKA', 'RUH', '2025-10-06', 'YES', 'YES', 'YES', '40000.00', '40500.00', 'YES', 'RIYAD', 'SRILANKAN AIR', '1', '2025-05-28 01:16:49', '2025-05-28 01:16:49'),
(3433, 71, 'DHAKA', 'RUH', '2025-12-06', 'YES', 'YES', 'YES', '41300.00', '41800.00', 'YES', 'RIYAD', 'SRILANKAN AIR', '1', '2025-05-28 01:16:49', '2025-05-28 01:16:49'),
(3434, 71, 'DHAKA', 'RUH', '2026-02-06', 'YES', 'YES', 'YES', '41300.00', '41800.00', 'YES', 'RIYAD', 'SALAM AIR', '1', '2025-05-28 01:16:49', '2025-05-28 01:16:49'),
(3435, 71, 'DHAKA', 'DMM', '2027-06-05', 'YES', 'YES', 'YES', '34500.00', '35000.00', 'YES', 'DAMMAM', 'AIR ARABIA', '1', '2025-05-28 01:16:49', '2025-05-28 01:16:49'),
(3436, 71, 'DHAKA', 'DMM', '2025-07-06', 'YES', 'YES', 'YES', '34500.00', '35000.00', 'YES', 'DAMMAM', 'AIR ARABIA', '1', '2025-05-28 01:16:49', '2025-05-28 01:16:49'),
(3437, 71, 'DHAKA', 'DMM', '2025-02-06', 'YES', 'YES', 'YES', '36300.00', '36800.00', 'YES', 'DAMMAM', 'AIR ARABIA', '1', '2025-05-28 01:16:49', '2025-05-28 01:16:49'),
(3438, 71, 'DHAKA', 'DMM', '2025-03-06', 'YES', 'YES', 'YES', '36300.00', '36800.00', 'YES', 'DAMMAM', 'AIR ARABIA', '1', '2025-05-28 01:16:49', '2025-05-28 01:16:49'),
(3439, 71, 'DHAKA', 'DMM', '2025-04-06', 'YES', 'YES', 'YES', '36300.00', '36800.00', 'YES', 'DAMMAM', 'AIR ARABIA', '1', '2025-05-28 01:16:49', '2025-05-28 01:16:49'),
(3440, 71, 'DHAKA', 'DMM', '2025-06-06', 'YES', 'YES', 'YES', '34000.00', '34500.00', 'YES', 'DAMMAM', 'AIR ARABIA', '1', '2025-05-28 01:16:49', '2025-05-28 01:16:49'),
(3441, 71, 'DHAKA', 'DMM', '2025-10-06', 'YES', 'YES', 'YES', '39500.00', '40000.00', 'YES', 'DAMMAM', 'SALAM AIR', '1', '2025-05-28 01:16:49', '2025-05-28 01:16:49'),
(3442, 71, 'DHAKA', 'DMM', '2025-12-06', 'YES', 'YES', 'YES', '41000.00', '41500.00', 'YES', 'DAMMAM', 'SALAM AIR', '1', '2025-05-28 01:16:49', '2025-05-28 01:16:49'),
(3443, 71, 'DHAKA', 'DOH', '2025-01-06', 'YES', 'YES', 'YES', '35000.00', '35500.00', 'YES', 'DOHA INT.AIR', 'SALAM AIR', '1', '2025-05-28 01:16:49', '2025-05-28 01:16:49'),
(3444, 71, 'DHAKA', 'DOH', '2025-02-06', 'YES', 'YES', 'YES', '35000.00', '35500.00', 'YES', 'DOHA INT.AIR', 'JAZEERA AIR', '1', '2025-05-28 01:16:49', '2025-05-28 01:16:49'),
(3445, 71, 'DHAKA', 'DOH', '2025-03-06', 'YES', 'YES', 'YES', '35000.00', '35500.00', 'YES', 'DOHA INT.AIR', 'SALAM AIR', '1', '2025-05-28 01:16:49', '2025-05-28 01:16:49'),
(3446, 71, 'DHAKA', 'DOH', '2025-04-06', 'YES', 'YES', 'YES', '35000.00', '35500.00', 'YES', 'DOHA INT.AIR', 'SALAM AIR', '1', '2025-05-28 01:16:49', '2025-05-28 01:16:49'),
(3447, 71, 'DHAKA', 'DOH', '2025-05-06', 'YES', 'YES', 'YES', '35000.00', '35500.00', 'YES', 'DOHA INT.AIR', 'SALAM AIR', '1', '2025-05-28 01:16:49', '2025-05-28 01:16:49'),
(3448, 71, 'DHAKA', 'DOH', '2025-12-06', 'YES', 'YES', 'YES', '41000.00', '41500.00', 'YES', 'DOHA INT.AIR', 'SALAM AIR', '1', '2025-05-28 01:16:49', '2025-05-28 01:16:49'),
(3449, 71, 'DHAKA', 'DOH', '2026-01-06', 'YES', 'YES', 'YES', '41000.00', '41500.00', 'YES', 'DOHA INT.AIR', 'FLY DUBAI', '1', '2025-05-28 01:16:49', '2025-05-28 01:16:49'),
(3450, 71, 'DHAKA', 'JED', '2025-05-06', 'YES', 'YES', 'YES', '36500.00', '37000.00', 'YES', 'JEDDAH', 'FLY DUBAI', '1', '2025-05-28 01:16:49', '2025-05-28 01:16:49'),
(3451, 71, 'DHAKA', 'ELQ', '2025-03-06', 'YES', 'YES', 'YES', '39500.00', '40000.00', 'YES', 'Prince Sultan Bin Abdulaziz Int. Air', 'FLY DUBAI', '1', '2025-05-28 01:16:49', '2025-05-28 01:16:49'),
(3452, 71, 'DHAKA', 'TUU', '2025-01-06', 'YES', 'YES', 'YES', '38500.00', '39000.00', 'YES', 'Prince Sultan Bin Abdulaziz Int. Air', 'FLY DUBAI', '1', '2025-05-28 01:16:49', '2025-05-28 01:16:49'),
(3453, 71, 'DHAKA', 'AHB', '2027-07-05', 'YES', 'YES', 'YES', '40000.00', '40500.00', 'YES', 'ABHA INT. AIR', '', '1', '2025-05-28 01:16:49', '2025-05-28 01:16:49'),
(3454, 72, 'DHAKA', 'RUH', '2025-01-06', 'YES', 'YES', 'YES', '42900.00', '43400.00', 'YES', 'RIYAD', 'US BANGLA', '1', '2025-05-28 04:26:28', '2025-05-28 04:26:28'),
(3455, 72, 'DHAKA', 'RUH', '2025-02-06', 'YES', 'YES', 'YES', '42900.00', '43400.00', 'YES', 'RIYAD', 'US BANGLA', '1', '2025-05-28 04:26:28', '2025-05-28 04:26:28'),
(3456, 72, 'DHAKA', 'RUH', '2025-03-06', 'YES', 'YES', 'YES', '42900.00', '43400.00', 'YES', 'RIYAD', 'US BANGLA', '1', '2025-05-28 04:26:28', '2025-05-28 04:26:28'),
(3457, 72, 'DHAKA', 'RUH', '2025-04-06', 'YES', 'YES', 'YES', '42900.00', '43400.00', 'YES', 'RIYAD', 'US BANGLA', '1', '2025-05-28 04:26:28', '2025-05-28 04:26:28'),
(3458, 72, 'DHAKA', 'RUH', '2025-05-06', 'YES', 'YES', 'YES', '42900.00', '43400.00', 'YES', 'RIYAD', 'US BANGLA', '1', '2025-05-28 04:26:28', '2025-05-28 04:26:28'),
(3459, 72, 'DHAKA', 'RUH', '2025-06-06', 'YES', 'YES', 'YES', '42900.00', '43400.00', 'YES', 'RIYAD', 'US BANGLA', '1', '2025-05-28 04:26:28', '2025-05-28 04:26:28'),
(3460, 72, 'DHAKA', 'RUH', '2025-07-06', 'YES', 'YES', 'YES', '42900.00', '43400.00', 'YES', 'RIYAD', 'US BANGLA', '1', '2025-05-28 04:26:28', '2025-05-28 04:26:28'),
(3461, 72, 'DHAKA', 'RUH', '2025-08-06', 'YES', 'YES', 'YES', '42900.00', '43400.00', 'YES', 'RIYAD', 'US BANGLA', '1', '2025-05-28 04:26:28', '2025-05-28 04:26:28'),
(3462, 72, 'DHAKA', 'RUH', '2027-06-05', 'YES', 'YES', 'YES', '37500.00', '38000.00', 'YES', 'RIYAD', 'FLY DUBAI', '1', '2025-05-28 04:26:28', '2025-05-28 04:26:28'),
(3463, 72, 'DHAKA', 'JED', '2025-05-06', 'YES', 'YES', 'YES', '35500.00', '36000.00', 'YES', 'JEDDAH', 'JAZEERA AIR', '1', '2025-05-28 04:26:28', '2025-05-28 04:26:28'),
(3464, 72, 'DHAKA', 'JED', '2027-05-05', 'YES', 'YES', 'YES', '50000.00', '50500.00', 'YES', 'JEDDAH', 'US BANGLA', '1', '2025-05-28 04:26:28', '2025-05-28 04:26:28'),
(3465, 72, 'DHAKA', 'JED', '2027-06-05', 'YES', 'YES', 'YES', '50000.00', '50500.00', 'YES', 'JEDDAH', 'US BANGLA', '1', '2025-05-28 04:26:28', '2025-05-28 04:26:28'),
(3466, 72, 'DHAKA', 'JED', '2027-07-05', 'YES', 'YES', 'YES', '50000.00', '50500.00', 'YES', 'JEDDAH', 'US BANGLA', '1', '2025-05-28 04:26:28', '2025-05-28 04:26:28'),
(3467, 72, 'DHAKA', 'JED', '2025-01-06', 'YES', 'YES', 'YES', '50000.00', '50500.00', 'YES', 'JEDDAH', 'US BANGLA', '1', '2025-05-28 04:26:28', '2025-05-28 04:26:28'),
(3468, 72, 'DHAKA', 'JED', '2025-02-06', 'YES', 'YES', 'YES', '50000.00', '50500.00', 'YES', 'JEDDAH', 'US BANGLA', '1', '2025-05-28 04:26:28', '2025-05-28 04:26:28'),
(3469, 72, 'DHAKA', 'JED', '2025-03-06', 'YES', 'YES', 'YES', '50000.00', '50500.00', 'YES', 'JEDDAH', 'US BANGLA', '1', '2025-05-28 04:26:28', '2025-05-28 04:26:28'),
(3470, 72, 'DHAKA', 'JED', '2025-04-06', 'YES', 'YES', 'YES', '50000.00', '50500.00', 'YES', 'JEDDAH', 'US BANGLA', '1', '2025-05-28 04:26:28', '2025-05-28 04:26:28'),
(3471, 72, 'DHAKA', 'JED', '2025-05-06', 'YES', 'YES', 'YES', '50000.00', '50500.00', 'YES', 'JEDDAH', 'US BANGLA', '1', '2025-05-28 04:26:28', '2025-05-28 04:26:28'),
(3472, 72, 'DHAKA', 'JED', '2025-06-06', 'YES', 'YES', 'YES', '50000.00', '50500.00', 'YES', 'JEDDAH', 'US BANGLA', '1', '2025-05-28 04:26:28', '2025-05-28 04:26:28'),
(3473, 72, 'DHAKA', 'JED', '2025-07-06', 'YES', 'YES', 'YES', '50000.00', '50500.00', 'YES', 'JEDDAH', 'US BANGLA', '1', '2025-05-28 04:26:28', '2025-05-28 04:26:28'),
(3474, 72, 'DHAKA', 'JED', '2025-08-06', 'YES', 'YES', 'YES', '50000.00', '50500.00', 'YES', 'JEDDAH', 'US BANGLA', '1', '2025-05-28 04:26:28', '2025-05-28 04:26:28'),
(3475, 72, 'DHAKA', 'JED', '2025-09-06', 'YES', 'YES', 'YES', '50000.00', '50500.00', 'YES', 'JEDDAH', 'US BANGLA', '1', '2025-05-28 04:26:28', '2025-05-28 04:26:28'),
(3476, 72, 'DHAKA', 'JED', '2025-10-06', 'YES', 'YES', 'YES', '50000.00', '50500.00', 'YES', 'JEDDAH', 'US BANGLA', '1', '2025-05-28 04:26:28', '2025-05-28 04:26:28'),
(3477, 72, 'DHAKA', 'JED', '2025-11-06', 'YES', 'YES', 'YES', '50000.00', '50500.00', 'YES', 'JEDDAH', 'US BANGLA', '1', '2025-05-28 04:26:28', '2025-05-28 04:26:28'),
(3478, 72, 'DHAKA', 'JED', '2025-12-06', 'YES', 'YES', 'YES', '50000.00', '50500.00', 'YES', 'JEDDAH', 'US BANGLA', '1', '2025-05-28 04:26:28', '2025-05-28 04:26:28'),
(3479, 72, 'DHAKA', 'JED', '2026-01-06', 'YES', 'YES', 'YES', '50000.00', '50500.00', 'YES', 'JEDDAH', 'US BANGLA', '1', '2025-05-28 04:26:28', '2025-05-28 04:26:28'),
(3480, 72, 'DHAKA', 'JED', '2026-02-06', 'YES', 'YES', 'YES', '50000.00', '50500.00', 'YES', 'JEDDAH', 'US BANGLA', '1', '2025-05-28 04:26:28', '2025-05-28 04:26:28'),
(3481, 72, 'DHAKA', 'DMM', '2027-03-05', 'YES', 'YES', 'YES', '36500.00', '37000.00', 'YES', 'DAMMAN', 'INDIGO AIR', '1', '2025-05-28 04:26:28', '2025-05-28 04:26:28'),
(3482, 72, 'DHAKA', 'DMM', '2027-04-05', 'YES', 'YES', 'YES', '36500.00', '37000.00', 'YES', 'DAMMAN', 'INDIGO AIR', '1', '2025-05-28 04:26:28', '2025-05-28 04:26:28'),
(3483, 72, 'DHAKA', 'DMM', '2027-05-05', 'YES', 'YES', 'YES', '36500.00', '37000.00', 'YES', 'DAMMAN', 'INDIGO AIR', '1', '2025-05-28 04:26:28', '2025-05-28 04:26:28'),
(3484, 72, 'DHAKA', 'DMM', '2027-06-05', 'YES', 'YES', 'YES', '36500.00', '37000.00', 'YES', 'DAMMAN', 'INDIGO AIR', '1', '2025-05-28 04:26:28', '2025-05-28 04:26:28'),
(3485, 72, 'DHAKA', 'DMM', '2027-07-05', 'YES', 'YES', 'YES', '36500.00', '37000.00', 'YES', 'DAMMAN', 'INDIGO AIR', '1', '2025-05-28 04:26:28', '2025-05-28 04:26:28'),
(3486, 72, 'DHAKA', 'MED', '2025-05-06', 'YES', 'YES', 'YES', '34000.00', '34500.00', 'YES', 'Prince Mohammad Bin Abdulaziz Int. Air', 'INDIGO AIR', '1', '2025-05-28 04:26:28', '2025-05-28 04:26:28'),
(3487, 72, 'DHAKA', 'MED', '2025-07-06', 'YES', 'YES', 'YES', '34000.00', '34500.00', 'YES', 'Prince Mohammad Bin Abdulaziz Int. Air', 'INDIGO AIR', '1', '2025-05-28 04:26:28', '2025-05-28 04:26:28'),
(3488, 72, 'DHAKA', 'MED', '2025-09-06', 'YES', 'YES', 'YES', '34000.00', '34500.00', 'YES', 'Prince Mohammad Bin Abdulaziz Int. Air', 'INDIGO AIR', '1', '2025-05-28 04:26:28', '2025-05-28 04:26:28'),
(3489, 72, 'DHAKA', 'AHB', '2025-04-06', 'YES', 'YES', 'YES', '38000.00', '38500.00', 'YES', 'Abha Int. Air', 'FLY DUBAI', '1', '2025-05-28 04:26:28', '2025-05-28 04:26:28'),
(3490, 72, 'DHAKA', 'DOH', '2025-02-06', 'YES', 'YES', 'YES', '43500.00', '44000.00', 'YES', 'DOHA INT. AIR', 'QATAR AIR', '1', '2025-05-28 04:26:28', '2025-05-28 04:26:28'),
(3491, 72, 'DHAKA', 'DOH', '2027-05-05', 'YES', 'YES', 'YES', '44000.00', '44500.00', 'YES', 'DOHA INT. AIR', 'US BANGLA', '1', '2025-05-28 04:26:28', '2025-05-28 04:26:28'),
(3492, 72, 'DHAKA', 'DOH', '2027-06-05', 'YES', 'YES', 'YES', '44000.00', '44500.00', 'YES', 'DOHA INT. AIR', 'US BANGLA', '1', '2025-05-28 04:26:28', '2025-05-28 04:26:28'),
(3493, 72, 'DHAKA', 'DOH', '2027-07-05', 'YES', 'YES', 'YES', '44000.00', '44500.00', 'YES', 'DOHA INT. AIR', 'US BANGLA', '1', '2025-05-28 04:26:28', '2025-05-28 04:26:28'),
(3494, 72, 'DHAKA', 'MCT', '2027-04-05', 'YES', 'YES', 'YES', '32300.00', '32800.00', 'YES', 'Muscat Air', 'US BANGLA', '1', '2025-05-28 04:26:28', '2025-05-28 04:26:28'),
(3495, 72, 'DHAKA', 'MCT', '2027-05-05', 'YES', 'YES', 'YES', '32300.00', '32800.00', 'YES', 'Muscat Air', 'US BANGLA', '1', '2025-05-28 04:26:28', '2025-05-28 04:26:28'),
(3496, 72, 'DHAKA', 'MCT', '2027-06-05', 'YES', 'YES', 'YES', '32300.00', '32800.00', 'YES', 'Muscat Air', 'US BANGLA', '1', '2025-05-28 04:26:28', '2025-05-28 04:26:28'),
(3497, 72, 'DHAKA', 'MCT', '2027-04-05', 'YES', 'YES', 'YES', '27300.00', '27800.00', 'YES', 'Muscat Air', 'FLY DUBAI', '1', '2025-05-28 04:26:28', '2025-05-28 04:26:28'),
(3498, 72, 'DHAKA', 'MCT', '2027-05-05', 'YES', 'YES', 'YES', '27300.00', '27800.00', 'YES', 'Muscat Air', 'FLY DUBAI', '1', '2025-05-28 04:26:28', '2025-05-28 04:26:28'),
(3499, 72, 'DHAKA', 'MCT', '2027-06-05', 'YES', 'YES', 'YES', '27300.00', '27800.00', 'YES', 'Muscat Air', 'FLY DUBAI', '1', '2025-05-28 04:26:28', '2025-05-28 04:26:28'),
(3500, 72, 'DHAKA', 'MCT', '2027-07-05', 'YES', 'YES', 'YES', '27300.00', '27800.00', 'YES', 'Muscat Air', 'FLY DUBAI', '1', '2025-05-28 04:26:28', '2025-05-28 04:26:28'),
(3501, 73, 'DHAKA', 'RUH', '2025-01-06', 'YES', 'YES', 'YES', '42900.00', '43400.00', 'YES', 'RIYAD', 'US BANGLA', '1', '2025-05-28 04:34:31', '2025-05-28 04:34:31'),
(3502, 73, 'DHAKA', 'RUH', '2025-02-06', 'YES', 'YES', 'YES', '42900.00', '43400.00', 'YES', 'RIYAD', 'US BANGLA', '1', '2025-05-28 04:34:31', '2025-05-28 04:34:31'),
(3503, 73, 'DHAKA', 'RUH', '2025-03-06', 'YES', 'YES', 'YES', '42900.00', '43400.00', 'YES', 'RIYAD', 'US BANGLA', '1', '2025-05-28 04:34:31', '2025-05-28 04:34:31'),
(3504, 73, 'DHAKA', 'RUH', '2025-04-06', 'YES', 'YES', 'YES', '42900.00', '43400.00', 'YES', 'RIYAD', 'US BANGLA', '1', '2025-05-28 04:34:31', '2025-05-28 04:34:31'),
(3505, 73, 'DHAKA', 'RUH', '2025-05-06', 'YES', 'YES', 'YES', '42900.00', '43400.00', 'YES', 'RIYAD', 'US BANGLA', '1', '2025-05-28 04:34:31', '2025-05-28 04:34:31'),
(3506, 73, 'DHAKA', 'RUH', '2025-06-06', 'YES', 'YES', 'YES', '42900.00', '43400.00', 'YES', 'RIYAD', 'US BANGLA', '1', '2025-05-28 04:34:31', '2025-05-28 04:34:31'),
(3507, 73, 'DHAKA', 'RUH', '2025-07-06', 'YES', 'YES', 'YES', '42900.00', '43400.00', 'YES', 'RIYAD', 'US BANGLA', '1', '2025-05-28 04:34:31', '2025-05-28 04:34:31'),
(3508, 73, 'DHAKA', 'RUH', '2025-08-06', 'YES', 'YES', 'YES', '42900.00', '43400.00', 'YES', 'RIYAD', 'US BANGLA', '1', '2025-05-28 04:34:31', '2025-05-28 04:34:31'),
(3509, 73, 'DHAKA', 'RUH', '2027-06-05', 'YES', 'YES', 'YES', '37500.00', '38000.00', 'YES', 'RIYAD', 'FLY DUBAI', '1', '2025-05-28 04:34:31', '2025-05-28 04:34:31'),
(3510, 73, 'DHAKA', 'JED', '2025-05-06', 'YES', 'YES', 'YES', '35500.00', '36000.00', 'YES', 'JEDDAH', 'JAZEERA AIR', '1', '2025-05-28 04:34:31', '2025-05-28 04:34:31'),
(3511, 73, 'DHAKA', 'JED', '2027-05-05', 'YES', 'YES', 'YES', '50000.00', '50500.00', 'YES', 'JEDDAH', 'US BANGLA', '1', '2025-05-28 04:34:31', '2025-05-28 04:34:31'),
(3512, 73, 'DHAKA', 'JED', '2027-06-05', 'YES', 'YES', 'YES', '50000.00', '50500.00', 'YES', 'JEDDAH', 'US BANGLA', '1', '2025-05-28 04:34:31', '2025-05-28 04:34:31'),
(3513, 73, 'DHAKA', 'JED', '2027-07-05', 'YES', 'YES', 'YES', '50000.00', '50500.00', 'YES', 'JEDDAH', 'US BANGLA', '1', '2025-05-28 04:34:31', '2025-05-28 04:34:31'),
(3514, 73, 'DHAKA', 'JED', '2025-01-06', 'YES', 'YES', 'YES', '50000.00', '50500.00', 'YES', 'JEDDAH', 'US BANGLA', '1', '2025-05-28 04:34:31', '2025-05-28 04:34:31'),
(3515, 73, 'DHAKA', 'JED', '2025-02-06', 'YES', 'YES', 'YES', '50000.00', '50500.00', 'YES', 'JEDDAH', 'US BANGLA', '1', '2025-05-28 04:34:31', '2025-05-28 04:34:31'),
(3516, 73, 'DHAKA', 'JED', '2025-03-06', 'YES', 'YES', 'YES', '50000.00', '50500.00', 'YES', 'JEDDAH', 'US BANGLA', '1', '2025-05-28 04:34:31', '2025-05-28 04:34:31'),
(3517, 73, 'DHAKA', 'JED', '2025-04-06', 'YES', 'YES', 'YES', '50000.00', '50500.00', 'YES', 'JEDDAH', 'US BANGLA', '1', '2025-05-28 04:34:31', '2025-05-28 04:34:31'),
(3518, 73, 'DHAKA', 'JED', '2025-05-06', 'YES', 'YES', 'YES', '50000.00', '50500.00', 'YES', 'JEDDAH', 'US BANGLA', '1', '2025-05-28 04:34:31', '2025-05-28 04:34:31'),
(3519, 73, 'DHAKA', 'JED', '2025-06-06', 'YES', 'YES', 'YES', '50000.00', '50500.00', 'YES', 'JEDDAH', 'US BANGLA', '1', '2025-05-28 04:34:31', '2025-05-28 04:34:31'),
(3520, 73, 'DHAKA', 'JED', '2025-07-06', 'YES', 'YES', 'YES', '50000.00', '50500.00', 'YES', 'JEDDAH', 'US BANGLA', '1', '2025-05-28 04:34:31', '2025-05-28 04:34:31'),
(3521, 73, 'DHAKA', 'JED', '2025-08-06', 'YES', 'YES', 'YES', '50000.00', '50500.00', 'YES', 'JEDDAH', 'US BANGLA', '1', '2025-05-28 04:34:31', '2025-05-28 04:34:31'),
(3522, 73, 'DHAKA', 'JED', '2025-09-06', 'YES', 'YES', 'YES', '50000.00', '50500.00', 'YES', 'JEDDAH', 'US BANGLA', '1', '2025-05-28 04:34:31', '2025-05-28 04:34:31'),
(3523, 73, 'DHAKA', 'JED', '2025-10-06', 'YES', 'YES', 'YES', '50000.00', '50500.00', 'YES', 'JEDDAH', 'US BANGLA', '1', '2025-05-28 04:34:31', '2025-05-28 04:34:31'),
(3524, 73, 'DHAKA', 'JED', '2025-11-06', 'YES', 'YES', 'YES', '50000.00', '50500.00', 'YES', 'JEDDAH', 'US BANGLA', '1', '2025-05-28 04:34:31', '2025-05-28 04:34:31'),
(3525, 73, 'DHAKA', 'JED', '2025-12-06', 'YES', 'YES', 'YES', '50000.00', '50500.00', 'YES', 'JEDDAH', 'US BANGLA', '1', '2025-05-28 04:34:31', '2025-05-28 04:34:31'),
(3526, 73, 'DHAKA', 'JED', '2026-01-06', 'YES', 'YES', 'YES', '50000.00', '50500.00', 'YES', 'JEDDAH', 'US BANGLA', '1', '2025-05-28 04:34:31', '2025-05-28 04:34:31'),
(3527, 73, 'DHAKA', 'JED', '2026-02-06', 'YES', 'YES', 'YES', '50000.00', '50500.00', 'YES', 'JEDDAH', 'US BANGLA', '1', '2025-05-28 04:34:31', '2025-05-28 04:34:31'),
(3528, 73, 'DHAKA', 'DMM', '2027-03-05', 'YES', 'YES', 'YES', '36500.00', '37000.00', 'YES', 'DAMMAN', 'INDIGO AIR', '1', '2025-05-28 04:34:31', '2025-05-28 04:34:31'),
(3529, 73, 'DHAKA', 'DMM', '2027-04-05', 'YES', 'YES', 'YES', '36500.00', '37000.00', 'YES', 'DAMMAN', 'INDIGO AIR', '1', '2025-05-28 04:34:31', '2025-05-28 04:34:31'),
(3530, 73, 'DHAKA', 'DMM', '2027-05-05', 'YES', 'YES', 'YES', '36500.00', '37000.00', 'YES', 'DAMMAN', 'INDIGO AIR', '1', '2025-05-28 04:34:31', '2025-05-28 04:34:31'),
(3531, 73, 'DHAKA', 'DMM', '2027-06-05', 'YES', 'YES', 'YES', '36500.00', '37000.00', 'YES', 'DAMMAN', 'INDIGO AIR', '1', '2025-05-28 04:34:31', '2025-05-28 04:34:31'),
(3532, 73, 'DHAKA', 'DMM', '2027-07-05', 'YES', 'YES', 'YES', '36500.00', '37000.00', 'YES', 'DAMMAN', 'INDIGO AIR', '1', '2025-05-28 04:34:31', '2025-05-28 04:34:31'),
(3533, 73, 'DHAKA', 'MED', '2025-05-06', 'YES', 'YES', 'YES', '34000.00', '34500.00', 'YES', 'Prince Mohammad Bin Abdulaziz Int. Air', 'INDIGO AIR', '1', '2025-05-28 04:34:31', '2025-05-28 04:34:31'),
(3534, 73, 'DHAKA', 'MED', '2025-07-06', 'YES', 'YES', 'YES', '34000.00', '34500.00', 'YES', 'Prince Mohammad Bin Abdulaziz Int. Air', 'INDIGO AIR', '1', '2025-05-28 04:34:31', '2025-05-28 04:34:31'),
(3535, 73, 'DHAKA', 'MED', '2025-09-06', 'YES', 'YES', 'YES', '34000.00', '34500.00', 'YES', 'Prince Mohammad Bin Abdulaziz Int. Air', 'INDIGO AIR', '1', '2025-05-28 04:34:31', '2025-05-28 04:34:31'),
(3536, 73, 'DHAKA', 'AHB', '2025-04-06', 'YES', 'YES', 'YES', '38000.00', '38500.00', 'YES', 'Abha Int. Air', 'FLY DUBAI', '1', '2025-05-28 04:34:31', '2025-05-28 04:34:31'),
(3537, 73, 'DHAKA', 'DOH', '2025-02-06', 'YES', 'YES', 'YES', '43500.00', '44000.00', 'YES', 'DOHA INT. AIR', 'QATAR AIR', '1', '2025-05-28 04:34:31', '2025-05-28 04:34:31'),
(3538, 73, 'DHAKA', 'DOH', '2027-05-05', 'YES', 'YES', 'YES', '44000.00', '44500.00', 'YES', 'DOHA INT. AIR', 'US BANGLA', '1', '2025-05-28 04:34:31', '2025-05-28 04:34:31'),
(3539, 73, 'DHAKA', 'DOH', '2027-06-05', 'YES', 'YES', 'YES', '44000.00', '44500.00', 'YES', 'DOHA INT. AIR', 'US BANGLA', '1', '2025-05-28 04:34:31', '2025-05-28 04:34:31'),
(3540, 73, 'DHAKA', 'DOH', '2027-07-05', 'YES', 'YES', 'YES', '44000.00', '44500.00', 'YES', 'DOHA INT. AIR', 'US BANGLA', '1', '2025-05-28 04:34:31', '2025-05-28 04:34:31'),
(3541, 73, 'DHAKA', 'MCT', '2027-04-05', 'YES', 'YES', 'YES', '32300.00', '32800.00', 'YES', 'Muscat Air', 'US BANGLA', '1', '2025-05-28 04:34:31', '2025-05-28 04:34:31'),
(3542, 73, 'DHAKA', 'MCT', '2027-05-05', 'YES', 'YES', 'YES', '32300.00', '32800.00', 'YES', 'Muscat Air', 'US BANGLA', '1', '2025-05-28 04:34:31', '2025-05-28 04:34:31'),
(3543, 73, 'DHAKA', 'MCT', '2027-06-05', 'YES', 'YES', 'YES', '32300.00', '32800.00', 'YES', 'Muscat Air', 'US BANGLA', '1', '2025-05-28 04:34:31', '2025-05-28 04:34:31'),
(3544, 73, 'DHAKA', 'MCT', '2027-04-05', 'YES', 'YES', 'YES', '27300.00', '27800.00', 'YES', 'Muscat Air', 'FLY DUBAI', '1', '2025-05-28 04:34:31', '2025-05-28 04:34:31'),
(3545, 73, 'DHAKA', 'MCT', '2027-05-05', 'YES', 'YES', 'YES', '27300.00', '27800.00', 'YES', 'Muscat Air', 'FLY DUBAI', '1', '2025-05-28 04:34:31', '2025-05-28 04:34:31'),
(3546, 73, 'DHAKA', 'MCT', '2027-06-05', 'YES', 'YES', 'YES', '27300.00', '27800.00', 'YES', 'Muscat Air', 'FLY DUBAI', '1', '2025-05-28 04:34:31', '2025-05-28 04:34:31'),
(3547, 73, 'DHAKA', 'MCT', '2027-07-05', 'YES', 'YES', 'YES', '27300.00', '27800.00', 'YES', 'Muscat Air', 'FLY DUBAI', '1', '2025-05-28 04:34:31', '2025-05-28 04:34:31'),
(3548, 81, 'DHAKA', 'RUH', '2025-06-20', 'YES', 'YES', 'YES', '50000.00', '50500.00', 'YES', 'RIYAD', 'GULF AIR', '1', '2025-06-14 00:10:39', '2025-06-14 00:10:39'),
(3549, 81, 'DHAKA', 'RUH', '2025-06-21', 'YES', 'YES', 'YES', '49000.00', '49500.00', 'YES', 'RIYAD', 'AIR ARABIA', '1', '2025-06-14 00:10:39', '2025-06-14 00:10:39'),
(3550, 81, 'DHAKA', 'RUH', '2025-06-21', 'YES', 'YES', 'YES', '50000.00', '50500.00', 'YES', 'RIYAD', 'AIR ARABIA', '1', '2025-06-14 00:10:39', '2025-06-14 00:10:39'),
(3551, 81, 'DHAKA', 'DMM', '2025-06-17', 'YES', 'YES', 'YES', '48300.00', '48800.00', 'YES', 'DAMMAM', 'SALAM AIR', '1', '2025-06-14 00:10:39', '2025-06-14 00:10:39'),
(3552, 81, 'DHAKA', 'DMM', '2025-06-18', 'YES', 'YES', 'YES', '49000.00', '49500.00', 'YES', 'DAMMAM', 'AIR ARABIA', '1', '2025-06-14 00:10:39', '2025-06-14 00:10:39'),
(3553, 81, 'DHAKA', 'DMM', '2025-06-19', 'YES', 'YES', 'YES', '49000.00', '49500.00', 'YES', 'DAMMAM', 'AIR ARABIA', '1', '2025-06-14 00:10:39', '2025-06-14 00:10:39'),
(3554, 81, 'DHAKA', 'JED', '2025-06-18', 'YES', 'YES', 'YES', '39300.00', '39800.00', 'YES', 'JEDDAH', 'SALAM AIR', '1', '2025-06-14 00:10:39', '2025-06-14 00:10:39'),
(3555, 81, 'DHAKA', 'JED', '2025-06-19', 'YES', 'YES', 'YES', '39300.00', '39800.00', 'YES', 'JEDDAH', 'SALAM AIR', '1', '2025-06-14 00:10:39', '2025-06-14 00:10:39'),
(3556, 81, 'DHAKA', 'DOH', '2025-06-19', 'YES', 'YES', 'YES', '42500.00', '43000.00', 'YES', 'DOHA INT.AIR', 'SALAM AIR', '1', '2025-06-14 00:10:39', '2025-06-14 00:10:39'),
(3557, 81, 'DHAKA', 'DOH', '2025-06-23', 'YES', 'YES', 'YES', '45000.00', '45000.00', 'YES', 'DOHA INT.AIR', 'SALAM AIR', '1', '2025-06-14 00:10:39', '2025-06-14 00:10:39'),
(3568, 83, 'DHAKA', 'RUH', '2025-06-20', 'YES', 'YES', 'YES', '50000.00', '50500.00', 'YES', 'RIYAD', 'GULF AIR', '1', '2025-06-14 00:36:29', '2025-06-14 00:36:29'),
(3569, 83, 'DHAKA', 'RUH', '2025-06-21', 'YES', 'YES', 'YES', '49000.00', '49500.00', 'YES', 'RIYAD', 'AIR ARABIA', '1', '2025-06-14 00:36:29', '2025-06-14 00:36:29'),
(3570, 83, 'DHAKA', 'RUH', '2025-06-21', 'YES', 'YES', 'YES', '50000.00', '50500.00', 'YES', 'RIYAD', 'AIR ARABIA', '1', '2025-06-14 00:36:29', '2025-06-14 00:36:29'),
(3571, 83, 'DHAKA', 'DMM', '2025-06-17', 'YES', 'YES', 'YES', '48300.00', '48800.00', 'YES', 'DAMMAM', 'SALAM AIR', '1', '2025-06-14 00:36:29', '2025-06-14 00:36:29'),
(3572, 83, 'DHAKA', 'DMM', '2025-06-18', 'YES', 'YES', 'YES', '49000.00', '49500.00', 'YES', 'DAMMAM', 'AIR ARABIA', '1', '2025-06-14 00:36:29', '2025-06-14 00:36:29'),
(3573, 83, 'DHAKA', 'DMM', '2025-06-19', 'YES', 'YES', 'YES', '49000.00', '49500.00', 'YES', 'DAMMAM', 'AIR ARABIA', '1', '2025-06-14 00:36:29', '2025-06-14 00:36:29'),
(3574, 83, 'DHAKA', 'JED', '2025-06-18', 'YES', 'YES', 'YES', '39300.00', '39800.00', 'YES', 'JEDDAH', 'SALAM AIR', '1', '2025-06-14 00:36:29', '2025-06-14 00:36:29'),
(3575, 83, 'DHAKA', 'JED', '2025-06-19', 'YES', 'YES', 'YES', '39300.00', '39800.00', 'YES', 'JEDDAH', 'SALAM AIR', '1', '2025-06-14 00:36:29', '2025-06-14 00:36:29'),
(3576, 83, 'DHAKA', 'DOH', '2025-06-19', 'YES', 'YES', 'YES', '42500.00', '43000.00', 'YES', 'DOHA INT.AIR', 'SALAM AIR', '1', '2025-06-14 00:36:29', '2025-06-14 00:36:29'),
(3577, 83, 'DHAKA', 'DOH', '2025-06-23', 'YES', 'YES', 'YES', '45000.00', '45000.00', 'YES', 'DOHA INT.AIR', 'SALAM AIR', '1', '2025-06-14 00:36:29', '2025-06-14 00:36:29'),
(3578, 84, 'DHAKA', 'RUH', '2025-06-20', 'YES', 'YES', 'YES', '50000.00', '50500.00', 'YES', 'RIYAD', 'GULF AIR', '1', '2025-06-14 00:38:52', '2025-06-14 00:38:52'),
(3579, 84, 'DHAKA', 'RUH', '2025-06-21', 'YES', 'YES', 'YES', '49000.00', '49500.00', 'YES', 'RIYAD', 'AIR ARABIA', '1', '2025-06-14 00:38:52', '2025-06-14 00:38:52'),
(3580, 84, 'DHAKA', 'RUH', '2025-06-21', 'YES', 'YES', 'YES', '50000.00', '50500.00', 'YES', 'RIYAD', 'AIR ARABIA', '1', '2025-06-14 00:38:52', '2025-06-14 00:38:52'),
(3581, 84, 'DHAKA', 'DMM', '2025-06-17', 'YES', 'YES', 'YES', '48300.00', '48800.00', 'YES', 'DAMMAM', 'SALAM AIR', '1', '2025-06-14 00:38:52', '2025-06-14 00:38:52'),
(3582, 84, 'DHAKA', 'DMM', '2025-06-18', 'YES', 'YES', 'YES', '49000.00', '49500.00', 'YES', 'DAMMAM', 'AIR ARABIA', '1', '2025-06-14 00:38:52', '2025-06-14 00:38:52'),
(3583, 84, 'DHAKA', 'DMM', '2025-06-19', 'YES', 'YES', 'YES', '49000.00', '49500.00', 'YES', 'DAMMAM', 'AIR ARABIA', '1', '2025-06-14 00:38:52', '2025-06-14 00:38:52'),
(3584, 84, 'DHAKA', 'JED', '2025-06-18', 'YES', 'YES', 'YES', '39300.00', '39800.00', 'YES', 'JEDDAH', 'SALAM AIR', '1', '2025-06-14 00:38:52', '2025-06-14 00:38:52'),
(3585, 84, 'DHAKA', 'JED', '2025-06-19', 'YES', 'YES', 'YES', '39300.00', '39800.00', 'YES', 'JEDDAH', 'SALAM AIR', '1', '2025-06-14 00:38:52', '2025-06-14 00:38:52'),
(3586, 84, 'DHAKA', 'DOH', '2025-06-19', 'YES', 'YES', 'YES', '42500.00', '43000.00', 'YES', 'DOHA INT.AIR', 'SALAM AIR', '1', '2025-06-14 00:38:52', '2025-06-14 00:38:52'),
(3587, 84, 'DHAKA', 'DOH', '2025-06-23', 'YES', 'YES', 'YES', '45000.00', '45000.00', 'YES', 'DOHA INT.AIR', 'SALAM AIR', '1', '2025-06-14 00:38:52', '2025-06-14 00:38:52'),
(3588, 85, 'DHAKA', 'RUH', '2025-06-18', 'YES', 'YES', 'YES', '49500.00', '50000.00', 'YES', 'RIYAD', 'AIR ARABIA', '1', '2025-06-14 00:55:16', '2025-06-14 00:55:16'),
(3589, 85, 'DHAKA', 'RUH', '2025-06-19', 'YES', 'YES', 'YES', '49500.00', '50000.00', 'YES', 'RIYAD', 'AIR ARABIA', '1', '2025-06-14 00:55:16', '2025-06-14 00:55:16'),
(3590, 85, 'DHAKA', 'RUH', '2025-06-18', 'YES', 'YES', 'YES', '49500.00', '50000.00', 'YES', 'RIYAD', 'JAZEERA', '1', '2025-06-14 00:55:16', '2025-06-14 00:55:16'),
(3591, 85, 'DHAKA', 'RUH', '2025-06-19', 'YES', 'YES', 'YES', '49500.00', '50000.00', 'YES', 'RIYAD', 'JAZEERA', '1', '2025-06-14 00:55:16', '2025-06-14 00:55:16'),
(3592, 85, 'DHAKA', 'RUH', '2025-06-18', 'YES', 'YES', 'YES', '50500.00', '51000.00', 'YES', 'RIYAD', 'GULF AIR', '1', '2025-06-14 00:55:16', '2025-06-14 00:55:16'),
(3593, 85, 'DHAKA', 'RUH', '2025-06-19', 'YES', 'YES', 'YES', '50500.00', '51000.00', 'YES', 'RIYAD', 'GULF AIR', '1', '2025-06-14 00:55:16', '2025-06-14 00:55:16'),
(3594, 85, 'DHAKA', 'RUH', '2025-06-17', 'YES', 'YES', 'NO', '55000.00', '55500.00', 'YES', 'RIYAD', 'US BANGLA', '1', '2025-06-14 00:55:16', '2025-06-14 00:55:16'),
(3595, 85, 'DHAKA', 'RUH', '2025-06-18', 'YES', 'YES', 'NO', '55000.00', '55500.00', 'YES', 'RIYAD', 'US BANGLA', '1', '2025-06-14 00:55:16', '2025-06-14 00:55:16'),
(3596, 85, 'DHAKA', 'RUH', '2025-06-19', 'YES', 'YES', 'NO', '55000.00', '55500.00', 'YES', 'RIYAD', 'US BANGLA', '1', '2025-06-14 00:55:16', '2025-06-14 00:55:16'),
(3597, 85, 'DHAKA', 'RUH', '2025-06-20', 'YES', 'YES', 'NO', '55000.00', '55500.00', 'YES', 'RIYAD', 'US BANGLA', '1', '2025-06-14 00:55:16', '2025-06-14 00:55:16'),
(3598, 85, 'DHAKA', 'RUH', '2025-06-21', 'YES', 'YES', 'NO', '55000.00', '55500.00', 'YES', 'RIYAD', 'US BANGLA', '1', '2025-06-14 00:55:16', '2025-06-14 00:55:16'),
(3599, 85, 'DHAKA', 'RUH', '2025-06-22', 'YES', 'YES', 'NO', '55000.00', '55500.00', 'YES', 'RIYAD', 'US BANGLA', '1', '2025-06-14 00:55:16', '2025-06-14 00:55:16'),
(3600, 85, 'DHAKA', 'RUH', '2025-06-23', 'YES', 'YES', 'NO', '55000.00', '55500.00', 'YES', 'RIYAD', 'US BANGLA', '1', '2025-06-14 00:55:16', '2025-06-14 00:55:16'),
(3601, 85, 'DHAKA', 'RUH', '2025-06-24', 'YES', 'YES', 'NO', '51000.00', '51500.00', 'YES', 'RIYAD', 'US BANGLA', '1', '2025-06-14 00:55:16', '2025-06-14 00:55:16'),
(3602, 85, 'DHAKA', 'RUH', '2025-06-25', 'YES', 'YES', 'NO', '51000.00', '51500.00', 'YES', 'RIYAD', 'US BANGLA', '1', '2025-06-14 00:55:16', '2025-06-14 00:55:16'),
(3603, 85, 'DHAKA', 'RUH', '2025-06-26', 'YES', 'YES', 'NO', '51000.00', '51500.00', 'YES', 'RIYAD', 'US BANGLA', '1', '2025-06-14 00:55:16', '2025-06-14 00:55:16'),
(3604, 85, 'DHAKA', 'RUH', '2025-06-27', 'YES', 'YES', 'NO', '51000.00', '51500.00', 'YES', 'RIYAD', 'US BANGLA', '1', '2025-06-14 00:55:16', '2025-06-14 00:55:16'),
(3605, 85, 'DHAKA', 'RUH', '2025-06-28', 'YES', 'YES', 'NO', '51000.00', '51500.00', 'YES', 'RIYAD', 'US BANGLA', '1', '2025-06-14 00:55:16', '2025-06-14 00:55:16'),
(3606, 85, 'DHAKA', 'RUH', '2025-06-29', 'YES', 'YES', 'NO', '51000.00', '51500.00', 'YES', 'RIYAD', 'US BANGLA', '1', '2025-06-14 00:55:16', '2025-06-14 00:55:16'),
(3607, 85, 'DHAKA', 'RUH', '2025-06-30', 'YES', 'YES', 'NO', '51000.00', '51500.00', 'YES', 'RIYAD', 'US BANGLA', '1', '2025-06-14 00:55:16', '2025-06-14 00:55:16'),
(3608, 85, 'DHAKA', 'DMM', '2025-06-18', 'YES', 'YES', 'YES', '49500.00', '50000.00', 'YES', 'DAMMAM', 'AIR ARABIA', '1', '2025-06-14 00:55:16', '2025-06-14 00:55:16'),
(3609, 85, 'DHAKA', 'DMM', '2025-06-19', 'YES', 'YES', 'YES', '49500.00', '50000.00', 'YES', 'DAMMAM', 'AIR ARABIA', '1', '2025-06-14 00:55:16', '2025-06-14 00:55:16'),
(3610, 85, 'DHAKA', 'DMM', '2025-06-20', 'YES', 'YES', 'YES', '49500.00', '50000.00', 'YES', 'DAMMAM', 'AIR ARABIA', '1', '2025-06-14 00:55:16', '2025-06-14 00:55:16'),
(3611, 85, 'DHAKA', 'DMM', '2025-06-21', 'YES', 'YES', 'YES', '49500.00', '50000.00', 'YES', 'DAMMAM', 'AIR ARABIA', '1', '2025-06-14 00:55:16', '2025-06-14 00:55:16'),
(3612, 85, 'DHAKA', 'DMM', '2025-06-18', 'YES', 'YES', 'YES', '49500.00', '50000.00', 'YES', 'DAMMAM', 'SALAM  AIR', '1', '2025-06-14 00:55:16', '2025-06-14 00:55:16'),
(3613, 85, 'DHAKA', 'DMM', '2025-06-19', 'YES', 'YES', 'YES', '49500.00', '50000.00', 'YES', 'DAMMAM', 'SALAM  AIR', '1', '2025-06-14 00:55:16', '2025-06-14 00:55:16'),
(3614, 85, 'DHAKA', 'DMM', '2025-06-20', 'YES', 'YES', 'YES', '49500.00', '50000.00', 'YES', 'DAMMAM', 'SALAM  AIR', '1', '2025-06-14 00:55:16', '2025-06-14 00:55:16'),
(3615, 85, 'DHAKA', 'DMM', '2025-06-21', 'YES', 'YES', 'YES', '49500.00', '50000.00', 'YES', 'DAMMAM', 'SALAM  AIR', '1', '2025-06-14 00:55:16', '2025-06-14 00:55:16'),
(3616, 85, 'DHAKA', 'DMM', '2025-06-20', 'YES', 'YES', 'YES', '47500.00', '48000.00', 'YES', 'DAMMAM', 'SALAM  AIR', '1', '2025-06-14 00:55:16', '2025-06-14 00:55:16'),
(3617, 85, 'DHAKA', 'DMM', '2025-06-21', 'YES', 'YES', 'YES', '47500.00', '48000.00', 'YES', 'DAMMAM', 'SALAM  AIR', '1', '2025-06-14 00:55:16', '2025-06-14 00:55:16'),
(3618, 85, 'DHAKA', 'JED', '2025-06-18', 'YES', 'YES', 'YES', '39500.00', '40000.00', 'YES', 'JEDDAH', 'SALAM  AIR', '1', '2025-06-14 00:55:16', '2025-06-14 00:55:16'),
(3619, 85, 'DHAKA', 'JED', '2025-06-19', 'YES', 'YES', 'YES', '39500.00', '40000.00', 'YES', 'JEDDAH', 'SALAM  AIR', '1', '2025-06-14 00:55:16', '2025-06-14 00:55:16'),
(3620, 85, 'DHAKA', 'DOH', '2025-06-18', 'YES', 'YES', 'YES', '41500.00', '42000.00', 'YES', 'DOHA INT.AIR', 'SALAM  AIR', '1', '2025-06-14 00:55:16', '2025-06-14 00:55:16'),
(3621, 85, 'DHAKA', 'DOH', '2025-06-19', 'YES', 'YES', 'YES', '42500.00', '43000.00', 'YES', 'DOHA INT.AIR', 'SALAM  AIR', '1', '2025-06-14 00:55:16', '2025-06-14 00:55:16'),
(3622, 85, 'DHAKA', 'DOH', '2025-06-20', 'YES', 'YES', 'YES', '42500.00', '43000.00', 'YES', 'DOHA INT.AIR', 'SALAM  AIR', '1', '2025-06-14 00:55:16', '2025-06-14 00:55:16'),
(3623, 85, 'DHAKA', 'ELQ', '2025-06-20', 'YES', 'YES', 'YES', '51500.00', '52000.00', 'YES', 'Prince Naif Bin Abdulaziz Int. Air', 'JAZEERA', '1', '2025-06-14 00:55:16', '2025-06-14 00:55:16'),
(3624, 85, 'DHAKA', 'HAS', '2025-06-19', 'YES', 'YES', 'YES', '50500.00', '51000.00', 'YES', 'Hail Int. Air', 'JAZEERA', '1', '2025-06-14 00:55:16', '2025-06-14 00:55:16'),
(3625, 86, 'DHAKA', 'RUH', '2025-06-20', 'YES', 'YES', 'YES', '51000.00', '51500.00', 'YES', 'RIYAD', 'GULF AIR', '1', '2025-06-15 00:52:32', '2025-06-15 00:52:32'),
(3626, 86, 'DHAKA', 'RUH', '2025-06-21', 'YES', 'YES', 'YES', '50300.00', '50800.00', 'YES', 'RIYAD', 'AIR ARABIA', '1', '2025-06-15 00:52:32', '2025-06-15 00:52:32'),
(3627, 86, 'DHAKA', 'RUH', '2025-06-21', 'YES', 'YES', 'YES', '51000.00', '51500.00', 'YES', 'RIYAD', 'AIR ARABIA', '1', '2025-06-15 00:52:32', '2025-06-15 00:52:32'),
(3628, 86, 'DHAKA', 'DMM', '2025-06-17', 'YES', 'YES', 'YES', '48300.00', '48800.00', 'YES', 'DAMMAM', 'SALAM AIR', '1', '2025-06-15 00:52:32', '2025-06-15 00:52:32'),
(3629, 86, 'DHAKA', 'DMM', '2025-06-18', 'YES', 'YES', 'YES', '48300.00', '48800.00', 'YES', 'DAMMAM', 'AIR ARABIA', '1', '2025-06-15 00:52:32', '2025-06-15 00:52:32'),
(3630, 86, 'DHAKA', 'DMM', '2025-06-19', 'YES', 'YES', 'YES', '48000.00', '48500.00', 'YES', 'DAMMAM', 'AIR ARABIA', '1', '2025-06-15 00:52:32', '2025-06-15 00:52:32'),
(3631, 86, 'DHAKA', 'DMM', '2025-06-19', 'YES', 'YES', 'YES', '48500.00', '49000.00', 'YES', 'DAMMAM', 'SALAM AIR', '1', '2025-06-15 00:52:32', '2025-06-15 00:52:32'),
(3632, 86, 'DHAKA', 'DMM', '2025-06-20', 'YES', 'YES', 'YES', '48500.00', '49000.00', 'YES', 'DAMMAM', 'AIR ARABIA', '1', '2025-06-15 00:52:32', '2025-06-15 00:52:32'),
(3633, 86, 'DHAKA', 'DMM', '2025-06-21', 'YES', 'YES', 'YES', '47000.00', '47500.00', 'YES', 'DAMMAM', 'AIR ARABIA', '1', '2025-06-15 00:52:32', '2025-06-15 00:52:32'),
(3634, 86, 'DHAKA', 'DMM', '2025-06-22', 'YES', 'YES', 'YES', '47000.00', '47500.00', 'YES', 'DAMMAM', 'AIR ARABIA', '1', '2025-06-15 00:52:32', '2025-06-15 00:52:32'),
(3635, 86, 'DHAKA', 'JED', '2025-06-18', 'YES', 'YES', 'YES', '36500.00', '37000.00', 'YES', 'JEDDAH', 'SALAM AIR', '1', '2025-06-15 00:52:32', '2025-06-15 00:52:32'),
(3636, 86, 'DHAKA', 'JED', '2025-06-19', 'YES', 'YES', 'YES', '36500.00', '37000.00', 'YES', 'JEDDAH', 'SALAM AIR', '1', '2025-06-15 00:52:32', '2025-06-15 00:52:32'),
(3637, 86, 'DHAKA', 'DOH', '2025-06-18', 'YES', 'YES', 'YES', '42000.00', '42500.00', 'YES', 'DOHA INT.AIR', 'SALAM AIR', '1', '2025-06-15 00:52:32', '2025-06-15 00:52:32'),
(3638, 86, 'DHAKA', 'DOH', '2025-06-19', 'YES', 'YES', 'YES', '42000.00', '42500.00', 'YES', 'DOHA INT.AIR', 'SALAM AIR', '1', '2025-06-15 00:52:32', '2025-06-15 00:52:32'),
(3639, 86, 'DHAKA', 'DOH', '2025-06-20', 'YES', 'YES', 'YES', '44000.00', '44500.00', 'YES', 'DOHA INT.AIR', 'SALAM AIR', '1', '2025-06-15 00:52:32', '2025-06-15 00:52:32'),
(3640, 86, 'DHAKA', 'DOH', '2025-06-21', 'YES', 'YES', 'YES', '44000.00', '44500.00', 'YES', 'DOHA INT.AIR', 'SALAM AIR', '1', '2025-06-15 00:52:32', '2025-06-15 00:52:32'),
(3641, 86, 'DHAKA', 'DOH', '2025-06-22', 'YES', 'YES', 'YES', '44000.00', '44500.00', 'YES', 'DOHA INT.AIR', 'SALAM AIR', '1', '2025-06-15 00:52:32', '2025-06-15 00:52:32'),
(3642, 86, 'DHAKA', 'DOH', '2025-06-23', 'YES', 'YES', 'YES', '44000.00', '44500.00', 'YES', 'DOHA INT.AIR', 'SALAM AIR', '1', '2025-06-15 00:52:32', '2025-06-15 00:52:32'),
(3643, 86, 'DHAKA', 'DOH', '2025-06-24', 'YES', 'YES', 'YES', '44000.00', '44500.00', 'YES', 'DOHA INT.AIR', 'SALAM AIR', '1', '2025-06-15 00:52:32', '2025-06-15 00:52:32'),
(3644, 86, 'DHAKA', 'AHB', '2025-06-23', 'YES', 'YES', 'NO', '49300.00', '49800.00', 'YES', 'ABHA INT. AIR', 'FLY DUBAI', '1', '2025-06-15 00:52:32', '2025-06-15 00:52:32'),
(3645, 86, 'DHAKA', 'TUU', '2025-06-24', 'YES', 'YES', 'NO', '49300.00', '49800.00', 'YES', 'Prince Sultan Bin Abdulaziz Int. Air', 'FLY DUBAI', '1', '2025-06-15 00:52:32', '2025-06-15 00:52:32'),
(3646, 87, 'DHAKA', 'RUH', '2025-06-20', 'YES', 'YES', 'YES', '51000.00', '51500.00', 'YES', 'RIYAD', 'GULF AIR', '1', '2025-06-15 00:53:34', '2025-06-15 00:53:34'),
(3647, 87, 'DHAKA', 'RUH', '2025-06-21', 'YES', 'YES', 'YES', '50300.00', '50800.00', 'YES', 'RIYAD', 'AIR ARABIA', '1', '2025-06-15 00:53:34', '2025-06-15 00:53:34'),
(3648, 87, 'DHAKA', 'RUH', '2025-06-21', 'YES', 'YES', 'YES', '51000.00', '51500.00', 'YES', 'RIYAD', 'AIR ARABIA', '1', '2025-06-15 00:53:34', '2025-06-15 00:53:34'),
(3649, 87, 'DHAKA', 'DMM', '2025-06-17', 'YES', 'YES', 'YES', '48300.00', '48800.00', 'YES', 'DAMMAM', 'SALAM AIR', '1', '2025-06-15 00:53:34', '2025-06-15 00:53:34'),
(3650, 87, 'DHAKA', 'DMM', '2025-06-18', 'YES', 'YES', 'YES', '48300.00', '48800.00', 'YES', 'DAMMAM', 'AIR ARABIA', '1', '2025-06-15 00:53:34', '2025-06-15 00:53:34'),
(3651, 87, 'DHAKA', 'DMM', '2025-06-19', 'YES', 'YES', 'YES', '48000.00', '48500.00', 'YES', 'DAMMAM', 'AIR ARABIA', '1', '2025-06-15 00:53:34', '2025-06-15 00:53:34'),
(3652, 87, 'DHAKA', 'DMM', '2025-06-19', 'YES', 'YES', 'YES', '48500.00', '49000.00', 'YES', 'DAMMAM', 'SALAM AIR', '1', '2025-06-15 00:53:34', '2025-06-15 00:53:34'),
(3653, 87, 'DHAKA', 'DMM', '2025-06-20', 'YES', 'YES', 'YES', '48500.00', '49000.00', 'YES', 'DAMMAM', 'AIR ARABIA', '1', '2025-06-15 00:53:34', '2025-06-15 00:53:34'),
(3654, 87, 'DHAKA', 'DMM', '2025-06-21', 'YES', 'YES', 'YES', '47000.00', '47500.00', 'YES', 'DAMMAM', 'AIR ARABIA', '1', '2025-06-15 00:53:34', '2025-06-15 00:53:34'),
(3655, 87, 'DHAKA', 'DMM', '2025-06-22', 'YES', 'YES', 'YES', '47000.00', '47500.00', 'YES', 'DAMMAM', 'AIR ARABIA', '1', '2025-06-15 00:53:34', '2025-06-15 00:53:34'),
(3656, 87, 'DHAKA', 'JED', '2025-06-18', 'YES', 'YES', 'YES', '36500.00', '37000.00', 'YES', 'JEDDAH', 'SALAM AIR', '1', '2025-06-15 00:53:34', '2025-06-15 00:53:34'),
(3657, 87, 'DHAKA', 'JED', '2025-06-19', 'YES', 'YES', 'YES', '36500.00', '37000.00', 'YES', 'JEDDAH', 'SALAM AIR', '1', '2025-06-15 00:53:34', '2025-06-15 00:53:34'),
(3658, 87, 'DHAKA', 'DOH', '2025-06-18', 'YES', 'YES', 'YES', '42000.00', '42500.00', 'YES', 'DOHA INT.AIR', 'SALAM AIR', '1', '2025-06-15 00:53:34', '2025-06-15 00:53:34'),
(3659, 87, 'DHAKA', 'DOH', '2025-06-19', 'YES', 'YES', 'YES', '42000.00', '42500.00', 'YES', 'DOHA INT.AIR', 'SALAM AIR', '1', '2025-06-15 00:53:34', '2025-06-15 00:53:34'),
(3660, 87, 'DHAKA', 'DOH', '2025-06-20', 'YES', 'YES', 'YES', '44000.00', '44500.00', 'YES', 'DOHA INT.AIR', 'SALAM AIR', '1', '2025-06-15 00:53:34', '2025-06-15 00:53:34');
INSERT INTO `air_tickets` (`id`, `air_ticket_file_id`, `destination_from`, `destination_to`, `flight_date`, `transit_time`, `luggage`, `food`, `b2b_fare`, `b2c_fare`, `group`, `full_airport_name`, `airlines`, `status`, `created_at`, `updated_at`) VALUES
(3661, 87, 'DHAKA', 'DOH', '2025-06-21', 'YES', 'YES', 'YES', '44000.00', '44500.00', 'YES', 'DOHA INT.AIR', 'SALAM AIR', '1', '2025-06-15 00:53:34', '2025-06-15 00:53:34'),
(3662, 87, 'DHAKA', 'DOH', '2025-06-22', 'YES', 'YES', 'YES', '44000.00', '44500.00', 'YES', 'DOHA INT.AIR', 'SALAM AIR', '1', '2025-06-15 00:53:34', '2025-06-15 00:53:34'),
(3663, 87, 'DHAKA', 'DOH', '2025-06-23', 'YES', 'YES', 'YES', '44000.00', '44500.00', 'YES', 'DOHA INT.AIR', 'SALAM AIR', '1', '2025-06-15 00:53:34', '2025-06-15 00:53:34'),
(3664, 87, 'DHAKA', 'DOH', '2025-06-24', 'YES', 'YES', 'YES', '44000.00', '44500.00', 'YES', 'DOHA INT.AIR', 'SALAM AIR', '1', '2025-06-15 00:53:34', '2025-06-15 00:53:34'),
(3665, 87, 'DHAKA', 'AHB', '2025-06-23', 'YES', 'YES', 'NO', '49300.00', '49800.00', 'YES', 'ABHA INT. AIR', 'FLY DUBAI', '1', '2025-06-15 00:53:34', '2025-06-15 00:53:34'),
(3666, 87, 'DHAKA', 'TUU', '2025-06-24', 'YES', 'YES', 'NO', '49300.00', '49800.00', 'YES', 'Prince Sultan Bin Abdulaziz Int. Air', 'FLY DUBAI', '1', '2025-06-15 00:53:34', '2025-06-15 00:53:34'),
(3667, 88, 'DHAKA', 'RUH', '2025-06-20', 'YES', 'YES', 'YES', '51000.00', '51500.00', 'YES', 'RIYAD', 'GULF AIR', '1', '2025-06-15 00:55:06', '2025-06-15 00:55:06'),
(3668, 88, 'DHAKA', 'RUH', '2025-06-21', 'YES', 'YES', 'YES', '50300.00', '50800.00', 'YES', 'RIYAD', 'AIR ARABIA', '1', '2025-06-15 00:55:06', '2025-06-15 00:55:06'),
(3669, 88, 'DHAKA', 'RUH', '2025-06-21', 'YES', 'YES', 'YES', '51000.00', '51500.00', 'YES', 'RIYAD', 'AIR ARABIA', '1', '2025-06-15 00:55:06', '2025-06-15 00:55:06'),
(3670, 88, 'DHAKA', 'DMM', '2025-06-17', 'YES', 'YES', 'YES', '48300.00', '48800.00', 'YES', 'DAMMAM', 'SALAM AIR', '1', '2025-06-15 00:55:06', '2025-06-15 00:55:06'),
(3671, 88, 'DHAKA', 'DMM', '2025-06-18', 'YES', 'YES', 'YES', '48300.00', '48800.00', 'YES', 'DAMMAM', 'AIR ARABIA', '1', '2025-06-15 00:55:06', '2025-06-15 00:55:06'),
(3672, 88, 'DHAKA', 'DMM', '2025-06-19', 'YES', 'YES', 'YES', '48000.00', '48500.00', 'YES', 'DAMMAM', 'AIR ARABIA', '1', '2025-06-15 00:55:06', '2025-06-15 00:55:06'),
(3673, 88, 'DHAKA', 'DMM', '2025-06-19', 'YES', 'YES', 'YES', '48500.00', '49000.00', 'YES', 'DAMMAM', 'SALAM AIR', '1', '2025-06-15 00:55:06', '2025-06-15 00:55:06'),
(3674, 88, 'DHAKA', 'DMM', '2025-06-20', 'YES', 'YES', 'YES', '48500.00', '49000.00', 'YES', 'DAMMAM', 'AIR ARABIA', '1', '2025-06-15 00:55:06', '2025-06-15 00:55:06'),
(3675, 88, 'DHAKA', 'DMM', '2025-06-21', 'YES', 'YES', 'YES', '47000.00', '47500.00', 'YES', 'DAMMAM', 'AIR ARABIA', '1', '2025-06-15 00:55:06', '2025-06-15 00:55:06'),
(3676, 88, 'DHAKA', 'DMM', '2025-06-22', 'YES', 'YES', 'YES', '47000.00', '47500.00', 'YES', 'DAMMAM', 'AIR ARABIA', '1', '2025-06-15 00:55:06', '2025-06-15 00:55:06'),
(3677, 88, 'DHAKA', 'JED', '2025-06-18', 'YES', 'YES', 'YES', '36500.00', '37000.00', 'YES', 'JEDDAH', 'SALAM AIR', '1', '2025-06-15 00:55:06', '2025-06-15 00:55:06'),
(3678, 88, 'DHAKA', 'JED', '2025-06-19', 'YES', 'YES', 'YES', '36500.00', '37000.00', 'YES', 'JEDDAH', 'SALAM AIR', '1', '2025-06-15 00:55:06', '2025-06-15 00:55:06'),
(3679, 88, 'DHAKA', 'DOH', '2025-06-18', 'YES', 'YES', 'YES', '42000.00', '42500.00', 'YES', 'DOHA INT.AIR', 'SALAM AIR', '1', '2025-06-15 00:55:06', '2025-06-15 00:55:06'),
(3680, 88, 'DHAKA', 'DOH', '2025-06-19', 'YES', 'YES', 'YES', '42000.00', '42500.00', 'YES', 'DOHA INT.AIR', 'SALAM AIR', '1', '2025-06-15 00:55:06', '2025-06-15 00:55:06'),
(3681, 88, 'DHAKA', 'DOH', '2025-06-20', 'YES', 'YES', 'YES', '44000.00', '44500.00', 'YES', 'DOHA INT.AIR', 'SALAM AIR', '1', '2025-06-15 00:55:06', '2025-06-15 00:55:06'),
(3682, 88, 'DHAKA', 'DOH', '2025-06-21', 'YES', 'YES', 'YES', '44000.00', '44500.00', 'YES', 'DOHA INT.AIR', 'SALAM AIR', '1', '2025-06-15 00:55:06', '2025-06-15 00:55:06'),
(3683, 88, 'DHAKA', 'DOH', '2025-06-22', 'YES', 'YES', 'YES', '44000.00', '44500.00', 'YES', 'DOHA INT.AIR', 'SALAM AIR', '1', '2025-06-15 00:55:06', '2025-06-15 00:55:06'),
(3684, 88, 'DHAKA', 'DOH', '2025-06-23', 'YES', 'YES', 'YES', '44000.00', '44500.00', 'YES', 'DOHA INT.AIR', 'SALAM AIR', '1', '2025-06-15 00:55:06', '2025-06-15 00:55:06'),
(3685, 88, 'DHAKA', 'DOH', '2025-06-24', 'YES', 'YES', 'YES', '44000.00', '44500.00', 'YES', 'DOHA INT.AIR', 'SALAM AIR', '1', '2025-06-15 00:55:06', '2025-06-15 00:55:06'),
(3686, 88, 'DHAKA', 'AHB', '2025-06-23', 'YES', 'YES', 'NO', '49300.00', '49800.00', 'YES', 'ABHA INT. AIR', 'FLY DUBAI', '1', '2025-06-15 00:55:06', '2025-06-15 00:55:06'),
(3687, 88, 'DHAKA', 'TUU', '2025-06-24', 'YES', 'YES', 'NO', '49300.00', '49800.00', 'YES', 'Prince Sultan Bin Abdulaziz Int. Air', 'FLY DUBAI', '1', '2025-06-15 00:55:06', '2025-06-15 00:55:06'),
(3688, 89, 'DHAKA', 'RUH', '2025-06-20', 'YES', 'YES', 'YES', '51000.00', '51500.00', 'YES', 'RIYAD', 'GULF AIR', '1', '2025-06-15 02:00:25', '2025-06-15 02:00:25'),
(3689, 89, 'DHAKA', 'RUH', '2025-06-21', 'YES', 'YES', 'YES', '50300.00', '50800.00', 'YES', 'RIYAD', 'AIR ARABIA', '1', '2025-06-15 02:00:25', '2025-06-15 02:00:25'),
(3690, 89, 'DHAKA', 'RUH', '2025-06-21', 'YES', 'YES', 'YES', '51000.00', '51500.00', 'YES', 'RIYAD', 'AIR ARABIA', '1', '2025-06-15 02:00:25', '2025-06-15 02:00:25'),
(3691, 89, 'DHAKA', 'DMM', '2025-06-17', 'YES', 'YES', 'YES', '48300.00', '48800.00', 'YES', 'DAMMAM', 'SALAM AIR', '1', '2025-06-15 02:00:25', '2025-06-15 02:00:25'),
(3692, 89, 'DHAKA', 'DMM', '2025-06-18', 'YES', 'YES', 'YES', '48300.00', '48800.00', 'YES', 'DAMMAM', 'AIR ARABIA', '1', '2025-06-15 02:00:25', '2025-06-15 02:00:25'),
(3693, 89, 'DHAKA', 'DMM', '2025-06-19', 'YES', 'YES', 'YES', '48000.00', '48500.00', 'YES', 'DAMMAM', 'AIR ARABIA', '1', '2025-06-15 02:00:25', '2025-06-15 02:00:25'),
(3694, 89, 'DHAKA', 'DMM', '2025-06-19', 'YES', 'YES', 'YES', '48500.00', '49000.00', 'YES', 'DAMMAM', 'SALAM AIR', '1', '2025-06-15 02:00:25', '2025-06-15 02:00:25'),
(3695, 89, 'DHAKA', 'DMM', '2025-06-20', 'YES', 'YES', 'YES', '48500.00', '49000.00', 'YES', 'DAMMAM', 'AIR ARABIA', '1', '2025-06-15 02:00:25', '2025-06-15 02:00:25'),
(3696, 89, 'DHAKA', 'DMM', '2025-06-21', 'YES', 'YES', 'YES', '47000.00', '47500.00', 'YES', 'DAMMAM', 'AIR ARABIA', '1', '2025-06-15 02:00:25', '2025-06-15 02:00:25'),
(3697, 89, 'DHAKA', 'DMM', '2025-06-22', 'YES', 'YES', 'YES', '47000.00', '47500.00', 'YES', 'DAMMAM', 'AIR ARABIA', '1', '2025-06-15 02:00:25', '2025-06-15 02:00:25'),
(3698, 89, 'DHAKA', 'JED', '2025-06-18', 'YES', 'YES', 'YES', '36500.00', '37000.00', 'YES', 'JEDDAH', 'SALAM AIR', '1', '2025-06-15 02:00:25', '2025-06-15 02:00:25'),
(3699, 89, 'DHAKA', 'JED', '2025-06-19', 'YES', 'YES', 'YES', '36500.00', '37000.00', 'YES', 'JEDDAH', 'SALAM AIR', '1', '2025-06-15 02:00:25', '2025-06-15 02:00:25'),
(3700, 89, 'DHAKA', 'DOH', '2025-06-18', 'YES', 'YES', 'YES', '42000.00', '42500.00', 'YES', 'DOHA INT.AIR', 'SALAM AIR', '1', '2025-06-15 02:00:25', '2025-06-15 02:00:25'),
(3701, 89, 'DHAKA', 'DOH', '2025-06-19', 'YES', 'YES', 'YES', '42000.00', '42500.00', 'YES', 'DOHA INT.AIR', 'SALAM AIR', '1', '2025-06-15 02:00:25', '2025-06-15 02:00:25'),
(3702, 89, 'DHAKA', 'DOH', '2025-06-20', 'YES', 'YES', 'YES', '44000.00', '44500.00', 'YES', 'DOHA INT.AIR', 'SALAM AIR', '1', '2025-06-15 02:00:25', '2025-06-15 02:00:25'),
(3703, 89, 'DHAKA', 'DOH', '2025-06-21', 'YES', 'YES', 'YES', '44000.00', '44500.00', 'YES', 'DOHA INT.AIR', 'SALAM AIR', '1', '2025-06-15 02:00:25', '2025-06-15 02:00:25'),
(3704, 89, 'DHAKA', 'DOH', '2025-06-22', 'YES', 'YES', 'YES', '44000.00', '44500.00', 'YES', 'DOHA INT.AIR', 'SALAM AIR', '1', '2025-06-15 02:00:25', '2025-06-15 02:00:25'),
(3705, 89, 'DHAKA', 'DOH', '2025-06-23', 'YES', 'YES', 'YES', '44000.00', '44500.00', 'YES', 'DOHA INT.AIR', 'SALAM AIR', '1', '2025-06-15 02:00:25', '2025-06-15 02:00:25'),
(3706, 89, 'DHAKA', 'DOH', '2025-06-24', 'YES', 'YES', 'YES', '44000.00', '44500.00', 'YES', 'DOHA INT.AIR', 'SALAM AIR', '1', '2025-06-15 02:00:25', '2025-06-15 02:00:25'),
(3707, 89, 'DHAKA', 'AHB', '2025-06-23', 'YES', 'YES', 'NO', '49300.00', '49800.00', 'YES', 'ABHA INT. AIR', 'FLY DUBAI', '1', '2025-06-15 02:00:25', '2025-06-15 02:00:25'),
(3708, 89, 'DHAKA', 'TUU', '2025-06-24', 'YES', 'YES', 'NO', '49300.00', '49800.00', 'YES', 'Prince Sultan Bin Abdulaziz Int. Air', 'FLY DUBAI', '1', '2025-06-15 02:00:25', '2025-06-15 02:00:25'),
(3709, 90, 'DHAKA', 'RUH', '2025-06-20', 'YES', 'YES', 'YES', '51000.00', '51500.00', 'YES', 'RIYAD', 'GULF AIR', '1', '2025-06-15 02:01:17', '2025-06-15 02:01:17'),
(3710, 90, 'DHAKA', 'RUH', '2025-06-21', 'YES', 'YES', 'YES', '50300.00', '50800.00', 'YES', 'RIYAD', 'AIR ARABIA', '1', '2025-06-15 02:01:17', '2025-06-15 02:01:17'),
(3711, 90, 'DHAKA', 'RUH', '2025-06-21', 'YES', 'YES', 'YES', '51000.00', '51500.00', 'YES', 'RIYAD', 'AIR ARABIA', '1', '2025-06-15 02:01:17', '2025-06-15 02:01:17'),
(3712, 90, 'DHAKA', 'DMM', '2025-06-17', 'YES', 'YES', 'YES', '48300.00', '48800.00', 'YES', 'DAMMAM', 'SALAM AIR', '1', '2025-06-15 02:01:17', '2025-06-15 02:01:17'),
(3713, 90, 'DHAKA', 'DMM', '2025-06-18', 'YES', 'YES', 'YES', '48300.00', '48800.00', 'YES', 'DAMMAM', 'AIR ARABIA', '1', '2025-06-15 02:01:17', '2025-06-15 02:01:17'),
(3714, 90, 'DHAKA', 'DMM', '2025-06-19', 'YES', 'YES', 'YES', '48000.00', '48500.00', 'YES', 'DAMMAM', 'AIR ARABIA', '1', '2025-06-15 02:01:17', '2025-06-15 02:01:17'),
(3715, 90, 'DHAKA', 'DMM', '2025-06-19', 'YES', 'YES', 'YES', '48500.00', '49000.00', 'YES', 'DAMMAM', 'SALAM AIR', '1', '2025-06-15 02:01:17', '2025-06-15 02:01:17'),
(3716, 90, 'DHAKA', 'DMM', '2025-06-20', 'YES', 'YES', 'YES', '48500.00', '49000.00', 'YES', 'DAMMAM', 'AIR ARABIA', '1', '2025-06-15 02:01:17', '2025-06-15 02:01:17'),
(3717, 90, 'DHAKA', 'DMM', '2025-06-21', 'YES', 'YES', 'YES', '47000.00', '47500.00', 'YES', 'DAMMAM', 'AIR ARABIA', '1', '2025-06-15 02:01:17', '2025-06-15 02:01:17'),
(3718, 90, 'DHAKA', 'DMM', '2025-06-22', 'YES', 'YES', 'YES', '47000.00', '47500.00', 'YES', 'DAMMAM', 'AIR ARABIA', '1', '2025-06-15 02:01:17', '2025-06-15 02:01:17'),
(3719, 90, 'DHAKA', 'JED', '2025-06-18', 'YES', 'YES', 'YES', '36500.00', '37000.00', 'YES', 'JEDDAH', 'SALAM AIR', '1', '2025-06-15 02:01:17', '2025-06-15 02:01:17'),
(3720, 90, 'DHAKA', 'JED', '2025-06-19', 'YES', 'YES', 'YES', '36500.00', '37000.00', 'YES', 'JEDDAH', 'SALAM AIR', '1', '2025-06-15 02:01:17', '2025-06-15 02:01:17'),
(3721, 90, 'DHAKA', 'DOH', '2025-06-18', 'YES', 'YES', 'YES', '42000.00', '42500.00', 'YES', 'DOHA INT.AIR', 'SALAM AIR', '1', '2025-06-15 02:01:17', '2025-06-15 02:01:17'),
(3722, 90, 'DHAKA', 'DOH', '2025-06-19', 'YES', 'YES', 'YES', '42000.00', '42500.00', 'YES', 'DOHA INT.AIR', 'SALAM AIR', '1', '2025-06-15 02:01:17', '2025-06-15 02:01:17'),
(3723, 90, 'DHAKA', 'DOH', '2025-06-20', 'YES', 'YES', 'YES', '44000.00', '44500.00', 'YES', 'DOHA INT.AIR', 'SALAM AIR', '1', '2025-06-15 02:01:17', '2025-06-15 02:01:17'),
(3724, 90, 'DHAKA', 'DOH', '2025-06-21', 'YES', 'YES', 'YES', '44000.00', '44500.00', 'YES', 'DOHA INT.AIR', 'SALAM AIR', '1', '2025-06-15 02:01:17', '2025-06-15 02:01:17'),
(3725, 90, 'DHAKA', 'DOH', '2025-06-22', 'YES', 'YES', 'YES', '44000.00', '44500.00', 'YES', 'DOHA INT.AIR', 'SALAM AIR', '1', '2025-06-15 02:01:17', '2025-06-15 02:01:17'),
(3726, 90, 'DHAKA', 'DOH', '2025-06-23', 'YES', 'YES', 'YES', '44000.00', '44500.00', 'YES', 'DOHA INT.AIR', 'SALAM AIR', '1', '2025-06-15 02:01:17', '2025-06-15 02:01:17'),
(3727, 90, 'DHAKA', 'DOH', '2025-06-24', 'YES', 'YES', 'YES', '44000.00', '44500.00', 'YES', 'DOHA INT.AIR', 'SALAM AIR', '1', '2025-06-15 02:01:17', '2025-06-15 02:01:17'),
(3728, 90, 'DHAKA', 'AHB', '2025-06-23', 'YES', 'YES', 'NO', '49300.00', '49800.00', 'YES', 'ABHA INT. AIR', 'FLY DUBAI', '1', '2025-06-15 02:01:17', '2025-06-15 02:01:17'),
(3729, 90, 'DHAKA', 'TUU', '2025-06-24', 'YES', 'YES', 'NO', '49300.00', '49800.00', 'YES', 'Prince Sultan Bin Abdulaziz Int. Air', 'FLY DUBAI', '1', '2025-06-15 02:01:17', '2025-06-15 02:01:17'),
(3730, 91, 'DHAKA', 'RUH', '2025-06-20', 'YES', 'YES', 'YES', '51000.00', '51500.00', 'YES', 'RIYAD', 'GULF AIR', '1', '2025-06-15 02:39:56', '2025-06-15 02:39:56'),
(3731, 91, 'DHAKA', 'RUH', '2025-06-21', 'YES', 'YES', 'YES', '50300.00', '50800.00', 'YES', 'RIYAD', 'AIR ARABIA', '1', '2025-06-15 02:39:56', '2025-06-15 02:39:56'),
(3732, 91, 'DHAKA', 'RUH', '2025-06-21', 'YES', 'YES', 'YES', '51000.00', '51500.00', 'YES', 'RIYAD', 'AIR ARABIA', '1', '2025-06-15 02:39:56', '2025-06-15 02:39:56'),
(3733, 91, 'DHAKA', 'DMM', '2025-06-17', 'YES', 'YES', 'YES', '48300.00', '48800.00', 'YES', 'DAMMAM', 'SALAM AIR', '1', '2025-06-15 02:39:56', '2025-06-15 02:39:56'),
(3734, 91, 'DHAKA', 'DMM', '2025-06-18', 'YES', 'YES', 'YES', '48300.00', '48800.00', 'YES', 'DAMMAM', 'AIR ARABIA', '1', '2025-06-15 02:39:56', '2025-06-15 02:39:56'),
(3735, 91, 'DHAKA', 'DMM', '2025-06-19', 'YES', 'YES', 'YES', '48000.00', '48500.00', 'YES', 'DAMMAM', 'AIR ARABIA', '1', '2025-06-15 02:39:56', '2025-06-15 02:39:56'),
(3736, 91, 'DHAKA', 'DMM', '2025-06-19', 'YES', 'YES', 'YES', '48500.00', '49000.00', 'YES', 'DAMMAM', 'SALAM AIR', '1', '2025-06-15 02:39:56', '2025-06-15 02:39:56'),
(3737, 91, 'DHAKA', 'DMM', '2025-06-20', 'YES', 'YES', 'YES', '48500.00', '49000.00', 'YES', 'DAMMAM', 'AIR ARABIA', '1', '2025-06-15 02:39:56', '2025-06-15 02:39:56'),
(3738, 91, 'DHAKA', 'DMM', '2025-06-21', 'YES', 'YES', 'YES', '47000.00', '47500.00', 'YES', 'DAMMAM', 'AIR ARABIA', '1', '2025-06-15 02:39:56', '2025-06-15 02:39:56'),
(3739, 91, 'DHAKA', 'DMM', '2025-06-22', 'YES', 'YES', 'YES', '47000.00', '47500.00', 'YES', 'DAMMAM', 'AIR ARABIA', '1', '2025-06-15 02:39:56', '2025-06-15 02:39:56'),
(3740, 91, 'DHAKA', 'JED', '2025-06-18', 'YES', 'YES', 'YES', '36500.00', '37000.00', 'YES', 'JEDDAH', 'SALAM AIR', '1', '2025-06-15 02:39:56', '2025-06-15 02:39:56'),
(3741, 91, 'DHAKA', 'JED', '2025-06-19', 'YES', 'YES', 'YES', '36500.00', '37000.00', 'YES', 'JEDDAH', 'SALAM AIR', '1', '2025-06-15 02:39:56', '2025-06-15 02:39:56'),
(3742, 91, 'DHAKA', 'DOH', '2025-06-18', 'YES', 'YES', 'YES', '42000.00', '42500.00', 'YES', 'DOHA INT.AIR', 'SALAM AIR', '1', '2025-06-15 02:39:56', '2025-06-15 02:39:56'),
(3743, 91, 'DHAKA', 'DOH', '2025-06-19', 'YES', 'YES', 'YES', '42000.00', '42500.00', 'YES', 'DOHA INT.AIR', 'SALAM AIR', '1', '2025-06-15 02:39:56', '2025-06-15 02:39:56'),
(3744, 91, 'DHAKA', 'DOH', '2025-06-20', 'YES', 'YES', 'YES', '44000.00', '44500.00', 'YES', 'DOHA INT.AIR', 'SALAM AIR', '1', '2025-06-15 02:39:56', '2025-06-15 02:39:56'),
(3745, 91, 'DHAKA', 'DOH', '2025-06-21', 'YES', 'YES', 'YES', '44000.00', '44500.00', 'YES', 'DOHA INT.AIR', 'SALAM AIR', '1', '2025-06-15 02:39:56', '2025-06-15 02:39:56'),
(3746, 91, 'DHAKA', 'DOH', '2025-06-22', 'YES', 'YES', 'YES', '44000.00', '44500.00', 'YES', 'DOHA INT.AIR', 'SALAM AIR', '1', '2025-06-15 02:39:56', '2025-06-15 02:39:56'),
(3747, 91, 'DHAKA', 'DOH', '2025-06-23', 'YES', 'YES', 'YES', '44000.00', '44500.00', 'YES', 'DOHA INT.AIR', 'SALAM AIR', '1', '2025-06-15 02:39:56', '2025-06-15 02:39:56'),
(3748, 91, 'DHAKA', 'DOH', '2025-06-24', 'YES', 'YES', 'YES', '44000.00', '44500.00', 'YES', 'DOHA INT.AIR', 'SALAM AIR', '1', '2025-06-15 02:39:56', '2025-06-15 02:39:56'),
(3749, 91, 'DHAKA', 'AHB', '2025-06-23', 'YES', 'YES', 'NO', '49300.00', '49800.00', 'YES', 'ABHA INT. AIR', 'FLY DUBAI', '1', '2025-06-15 02:39:56', '2025-06-15 02:39:56'),
(3750, 91, 'DHAKA', 'TUU', '2025-06-24', 'YES', 'YES', 'NO', '49300.00', '49800.00', 'YES', 'Prince Sultan Bin Abdulaziz Int. Air', 'FLY DUBAI', '1', '2025-06-15 02:39:56', '2025-06-15 02:39:56');

-- --------------------------------------------------------

--
-- Table structure for table `air_ticket_files`
--

CREATE TABLE `air_ticket_files` (
  `id` bigint UNSIGNED NOT NULL,
  `file_name` varchar(255) COLLATE utf8mb4_unicode_ci NOT NULL,
  `upload_date` date NOT NULL DEFAULT '2025-03-29',
  `created_at` timestamp NULL DEFAULT NULL,
  `updated_at` timestamp NULL DEFAULT NULL
) ENGINE=InnoDB DEFAULT CHARSET=utf8mb4 COLLATE=utf8mb4_unicode_ci;

--
-- Dumping data for table `air_ticket_files`
--

INSERT INTO `air_ticket_files` (`id`, `file_name`, `upload_date`, `created_at`, `updated_at`) VALUES
(64, '24.05.2025.csv', '2025-05-24', '2025-05-24 04:06:17', '2025-05-24 04:06:17'),
(65, '24.05.2025 2.csv', '2025-05-24', '2025-05-24 07:05:27', '2025-05-24 07:05:27'),
(66, '25.05.25.csv', '2025-05-25', '2025-05-25 01:04:42', '2025-05-25 01:04:42'),
(67, '25.05.2025 2.csv', '2025-05-25', '2025-05-25 02:15:11', '2025-05-25 02:15:11'),
(68, '26.05.2025.csv', '2025-05-26', '2025-05-26 03:00:25', '2025-05-26 03:00:25'),
(69, '27.05.2025.csv', '2025-05-27', '2025-05-27 02:43:21', '2025-05-27 02:43:21'),
(70, '28.05.2025.csv', '2025-05-28', '2025-05-28 00:46:43', '2025-05-28 00:46:43'),
(71, '28.05.2025.csv', '2025-05-28', '2025-05-28 01:16:49', '2025-05-28 01:16:49'),
(72, '28.05.2025 2.csv', '2025-05-28', '2025-05-28 04:26:28', '2025-05-28 04:26:28'),
(73, '28.05.2025 2.csv', '2025-05-28', '2025-05-28 04:34:31', '2025-05-28 04:34:31'),
(74, '28.05.2025 2.csv', '2025-05-28', '2025-05-28 04:37:25', '2025-05-28 04:37:25'),
(75, '28.05.2025 2.csv', '2025-05-28', '2025-05-28 04:37:32', '2025-05-28 04:37:32'),
(76, '28.05.2025 2.csv', '2025-05-28', '2025-05-28 04:38:18', '2025-05-28 04:38:18'),
(77, '28.05.2025 2.csv', '2025-05-28', '2025-05-28 04:38:31', '2025-05-28 04:38:31'),
(78, '29.05.2025.csv', '2025-05-29', '2025-05-29 01:28:52', '2025-05-29 01:28:52'),
(79, '31.05.2025.csv', '2025-05-31', '2025-05-31 02:22:49', '2025-05-31 02:22:49'),
(80, '02.06.2025.csv', '2025-06-02', '2025-06-01 23:56:59', '2025-06-01 23:56:59'),
(81, '14.06.2025.csv', '2025-06-14', '2025-06-14 00:10:39', '2025-06-14 00:10:39'),
(83, '14.06.2025.csv', '2025-06-14', '2025-06-14 00:36:29', '2025-06-14 00:36:29'),
(84, '14.06.2025-1.csv', '2025-06-14', '2025-06-14 00:38:52', '2025-06-14 00:38:52'),
(85, '14.06.2025 2.csv', '2025-06-14', '2025-06-14 00:55:16', '2025-06-14 00:55:16'),
(86, '15.06.2025.csv', '2025-06-15', '2025-06-15 00:52:31', '2025-06-15 00:52:31'),
(87, '15.06.2025.csv', '2025-06-15', '2025-06-15 00:53:34', '2025-06-15 00:53:34'),
(88, '15.06.2025.csv', '2025-06-15', '2025-06-15 00:55:06', '2025-06-15 00:55:06'),
(89, '15.06.2025 1.csv', '2025-06-15', '2025-06-15 02:00:25', '2025-06-15 02:00:25'),
(90, '15.06.2025 1.csv', '2025-06-15', '2025-06-15 02:01:17', '2025-06-15 02:01:17'),
(91, '15.06.2025 1.csv', '2025-06-15', '2025-06-15 02:39:56', '2025-06-15 02:39:56');

-- --------------------------------------------------------

--
-- Table structure for table `asign_job_to_offices`
--

CREATE TABLE `asign_job_to_offices` (
  `id` bigint UNSIGNED NOT NULL,
  `processing_cost` double NOT NULL,
  `proces_office_id` bigint UNSIGNED NOT NULL,
  `process_category_id` bigint UNSIGNED NOT NULL,
  `job_category_id` bigint UNSIGNED NOT NULL,
  `job_list_id` bigint UNSIGNED NOT NULL,
  `note` text COLLATE utf8mb4_unicode_ci,
  `status` int NOT NULL DEFAULT '1',
  `company_id` bigint UNSIGNED NOT NULL,
  `user_id` bigint UNSIGNED NOT NULL,
  `created_at` timestamp NULL DEFAULT NULL,
  `updated_at` timestamp NULL DEFAULT NULL
) ENGINE=InnoDB DEFAULT CHARSET=utf8mb4 COLLATE=utf8mb4_unicode_ci;

--
-- Dumping data for table `asign_job_to_offices`
--

INSERT INTO `asign_job_to_offices` (`id`, `processing_cost`, `proces_office_id`, `process_category_id`, `job_category_id`, `job_list_id`, `note`, `status`, `company_id`, `user_id`, `created_at`, `updated_at`) VALUES
(1, 6000, 2, 3, 2, 1, 'TEST', 1, 7, 8, '2025-06-02 23:36:46', '2025-06-03 00:45:20'),
(2, 500, 3, 3, 2, 1, NULL, 1, 7, 8, '2025-06-03 00:50:30', '2025-06-03 00:50:30');

-- --------------------------------------------------------

--
-- Table structure for table `branches`
--

CREATE TABLE `branches` (
  `id` bigint UNSIGNED NOT NULL,
  `company_id` bigint UNSIGNED NOT NULL,
  `name` varchar(255) COLLATE utf8mb4_unicode_ci NOT NULL,
  `code` varchar(255) COLLATE utf8mb4_unicode_ci NOT NULL COMMENT 'Branch code',
  `phone` varchar(255) COLLATE utf8mb4_unicode_ci NOT NULL COMMENT 'Branch phone',
  `email` varchar(255) COLLATE utf8mb4_unicode_ci NOT NULL,
  `picture` text COLLATE utf8mb4_unicode_ci,
  `address` text COLLATE utf8mb4_unicode_ci,
  `note` text COLLATE utf8mb4_unicode_ci,
  `status` int NOT NULL DEFAULT '1',
  `user_id` bigint UNSIGNED NOT NULL,
  `created_at` timestamp NULL DEFAULT NULL,
  `updated_at` timestamp NULL DEFAULT NULL
) ENGINE=InnoDB DEFAULT CHARSET=utf8mb4 COLLATE=utf8mb4_unicode_ci;

--
-- Dumping data for table `branches`
--

INSERT INTO `branches` (`id`, `company_id`, `name`, `code`, `phone`, `email`, `picture`, `address`, `note`, `status`, `user_id`, `created_at`, `updated_at`) VALUES
(1, 7, 'Mohakhali Amtoli', 'MA-01', '01329681966', 'mohakhali@mahfuza-overseas.com', 'branch/1745305434_68073f5ad59ae.png', 'H:24 (3rd floor), Amtoli Morh, Mohakhali, Dhaka-1213', 'N/A', 1, 8, '2025-04-16 23:49:08', '2025-04-22 22:07:39'),
(2, 6, 'Royal Morh', '001', '434346', 'khulna_royal@gmail.com', 'branch/1747225124_68248a2478ca1.jpg', 'Khulna Royal Morh', 'N/A', 1, 7, '2025-04-16 23:51:41', '2025-05-14 06:18:44'),
(6, 7, 'Mukti Nagar Bazar', 'MNB', '01924967437', 'mastudio&travels@mahfuza-overseas.com', 'branch/1745308734_68074c3e33c43.png', 'Cumilla', 'N/A', 1, 8, '2025-04-20 04:41:10', '2025-04-22 22:07:56'),
(9, 6, 'Niketon', 'NKT', '01943056136', 'admin@hotelroyal.com', 'branch/1748357976_6835d35843f3b.png', 'H:24 (3rd floor), Amtoli morh, Mohakhali.', '34', 1, 7, '2025-05-27 08:59:36', '2025-05-28 04:02:09'),
(10, 10, 'Mirpur', 'Mirpur2', '01795873158', 'saykatmohd@yahoo.com', 'branch/1749018260_683fe6941b073.png', 'Mirpur', 'N/A', 1, 37, '2025-06-04 00:24:20', '2025-06-04 00:24:20');

-- --------------------------------------------------------

--
-- Table structure for table `cache`
--

CREATE TABLE `cache` (
  `key` varchar(255) CHARACTER SET utf8mb4 COLLATE utf8mb4_unicode_ci NOT NULL,
  `value` mediumtext CHARACTER SET utf8mb4 COLLATE utf8mb4_unicode_ci NOT NULL,
  `expiration` int NOT NULL
) ENGINE=InnoDB DEFAULT CHARSET=utf8mb4 COLLATE=utf8mb4_unicode_ci;

-- --------------------------------------------------------

--
-- Table structure for table `cache_locks`
--

CREATE TABLE `cache_locks` (
  `key` varchar(255) CHARACTER SET utf8mb4 COLLATE utf8mb4_unicode_ci NOT NULL,
  `owner` varchar(255) CHARACTER SET utf8mb4 COLLATE utf8mb4_unicode_ci NOT NULL,
  `expiration` int NOT NULL
) ENGINE=InnoDB DEFAULT CHARSET=utf8mb4 COLLATE=utf8mb4_unicode_ci;

-- --------------------------------------------------------

--
-- Table structure for table `candidate_types`
--

CREATE TABLE `candidate_types` (
  `id` bigint UNSIGNED NOT NULL,
  `name` varchar(255) COLLATE utf8mb4_unicode_ci NOT NULL,
  `note` text COLLATE utf8mb4_unicode_ci,
  `status` int NOT NULL DEFAULT '1',
  `company_id` bigint UNSIGNED NOT NULL,
  `user_id` bigint UNSIGNED NOT NULL,
  `created_at` timestamp NULL DEFAULT NULL,
  `updated_at` timestamp NULL DEFAULT NULL
) ENGINE=InnoDB DEFAULT CHARSET=utf8mb4 COLLATE=utf8mb4_unicode_ci;

--
-- Dumping data for table `candidate_types`
--

INSERT INTO `candidate_types` (`id`, `name`, `note`, `status`, `company_id`, `user_id`, `created_at`, `updated_at`) VALUES
(1, 'Worker', 'Testssss', 1, 7, 8, '2025-05-26 02:27:17', '2025-05-26 02:28:36'),
(2, 'Hazz & Umrah', NULL, 1, 7, 8, '2025-05-26 03:06:09', '2025-05-26 03:06:09'),
(3, 'Student', NULL, 1, 7, 8, '2025-05-26 03:06:30', '2025-05-26 03:06:30'),
(4, 'Business visa', NULL, 1, 7, 8, '2025-05-26 03:06:50', '2025-05-26 03:06:50'),
(5, 'Patient', NULL, 1, 7, 8, '2025-05-26 03:07:00', '2025-05-26 03:07:00'),
(6, 'International Tourist', NULL, 1, 7, 8, '2025-05-26 03:07:09', '2025-05-27 01:42:10'),
(7, 'Air Ticket', NULL, 1, 7, 8, '2025-05-26 03:07:20', '2025-05-26 03:07:20'),
(8, 'Train Ticket', NULL, 1, 7, 8, '2025-05-26 03:09:56', '2025-05-26 03:09:56'),
(9, 'Bus Ticket', NULL, 1, 7, 8, '2025-05-26 03:10:08', '2025-05-26 03:10:08'),
(10, 'Helicopter Tour', NULL, 1, 7, 8, '2025-05-26 03:10:18', '2025-05-26 03:10:18'),
(11, 'Domestic Tourist', NULL, 1, 7, 8, '2025-05-27 01:42:33', '2025-05-27 01:42:33');

-- --------------------------------------------------------

--
-- Table structure for table `companies`
--

CREATE TABLE `companies` (
  `id` bigint UNSIGNED NOT NULL,
  `company_name` varchar(255) COLLATE utf8mb4_unicode_ci NOT NULL,
  `company_code` varchar(255) COLLATE utf8mb4_unicode_ci NOT NULL,
  `start_date` date NOT NULL,
  `email` varchar(255) COLLATE utf8mb4_unicode_ci NOT NULL,
  `contact_number` varchar(255) COLLATE utf8mb4_unicode_ci NOT NULL,
  `alternate_number` varchar(255) COLLATE utf8mb4_unicode_ci DEFAULT NULL,
  `country` varchar(255) COLLATE utf8mb4_unicode_ci DEFAULT NULL,
  `district` varchar(255) COLLATE utf8mb4_unicode_ci DEFAULT NULL,
  `city` varchar(255) COLLATE utf8mb4_unicode_ci DEFAULT NULL,
  `zip_code` varchar(255) COLLATE utf8mb4_unicode_ci DEFAULT NULL,
  `owner_name` varchar(255) COLLATE utf8mb4_unicode_ci DEFAULT NULL,
  `owner_number` varchar(255) COLLATE utf8mb4_unicode_ci DEFAULT NULL,
  `owner_email` varchar(255) COLLATE utf8mb4_unicode_ci DEFAULT NULL,
  `nid_no` varchar(255) COLLATE utf8mb4_unicode_ci DEFAULT NULL,
  `nid_photo` text COLLATE utf8mb4_unicode_ci,
  `comments` text COLLATE utf8mb4_unicode_ci,
  `checkbox` varchar(255) COLLATE utf8mb4_unicode_ci NOT NULL DEFAULT '0',
  `status` varchar(255) COLLATE utf8mb4_unicode_ci NOT NULL DEFAULT '0',
  `created_at` timestamp NULL DEFAULT NULL,
  `updated_at` timestamp NULL DEFAULT NULL
) ENGINE=InnoDB DEFAULT CHARSET=utf8mb4 COLLATE=utf8mb4_unicode_ci;

--
-- Dumping data for table `companies`
--

INSERT INTO `companies` (`id`, `company_name`, `company_code`, `start_date`, `email`, `contact_number`, `alternate_number`, `country`, `district`, `city`, `zip_code`, `owner_name`, `owner_number`, `owner_email`, `nid_no`, `nid_photo`, `comments`, `checkbox`, `status`, `created_at`, `updated_at`) VALUES
(6, 'Hotel Royal International', 'CMP111', '2025-03-21', 'royal@khulna.com', '01756505566', NULL, 'Bangladesh', 'Dhaka', 'Dhaka', '5850', 'saurov', '01756505566', 'saurovsaha@gmail.com', '55555', 'nid_photos/IhfEN6BQkp9kAHNLL49RZ05TThXkGbJh2YlNugjd.jpg', 'test', '1', '1', '2025-03-21 02:25:13', '2025-04-12 06:34:56'),
(7, 'Mahfuza Overseas', 'CMP112', '2025-03-21', 'info@mahfuza.com', '01730786797', NULL, 'Bangladesh', 'Dhaka', 'Dhaka', '5850', 'Ibrahim', '01730786797', 'info@mahfuza.com', '23442342', 'nid_photos/cQOKgakvXGrhs3ANXdh9cUfUvdA8Y5tsUBfbOUiu.jpg', 'test', '1', '1', '2025-03-21 02:29:56', '2025-04-12 02:42:57'),
(8, 'Fatema Overseas', 'CMP113', '2025-03-01', 'fatema@gmail.com', '01996372032', '01996372033', 'Bangladesh', 'Dhaka', 'Dhaka, Bangladesh', '1212', 'Kobir', '01996372032', 'kabir@gmail.com', '654987', 'nid_photos/zUE5uYiBF7CUnEb7VfaIYiLALhrxvCkNR2i7Y78W.png', 'test', '1', '1', '2025-03-23 05:10:45', '2025-03-29 10:50:23'),
(9, 'xyz', 'CMP114', '2025-04-03', 'admin4@gmail.com', '012345678910', '012345678911', 'Bangladesh', 'dhaka', 'Dhaka', '1212', 'Md. Ibrahim Khalil', '012345678912', 'ibrahim@gmail.com', '34234234', 'nid_photos/Mg802G38tK9ZUpMcNcUpKY1y5ZBCg29BXmzX4lcL.jpg', 'done', '1', '0', '2025-04-05 22:19:52', '2025-04-12 03:54:58'),
(10, 'Manha Tours & Travels', 'CMP115', '2024-06-01', 'saykatmohd@yahoo.com', '01795873158', '01689882130', 'Bangladesh', 'Dhaka', 'Dhaka', '1216', 'Md. Saykat Mahmod', '01795873158', 'saykatmohd@yahoo.com', '5090613711', 'nid_photos/1O2bkTUtqoqUV2O6QseCM6YCcv2jwLWjUi0uZwPT.jpg', NULL, '1', '1', '2025-05-26 01:42:30', '2025-05-26 01:44:59'),
(12, 'RESMA OVERSEAS', 'CMP116', '2025-01-01', 'resmaakter@gmail.com', '01979372038', '01979372038', 'Bangladesh', 'dhaka', 'Dhaka', '1212', 'Resma Akter', '01979372038', 'resmaakter@gmail.com', '124578', 'nid_photos/iUSKYVUC4Jnsd5V1LnNukt6Agvn0aWki32xsILbf.png', NULL, '1', '1', '2025-06-04 06:29:50', '2025-06-04 06:33:23');

-- --------------------------------------------------------

--
-- Table structure for table `continents`
--

CREATE TABLE `continents` (
  `id` bigint UNSIGNED NOT NULL,
  `code` char(2) COLLATE utf8mb4_unicode_ci NOT NULL COMMENT 'Continent code',
  `name` varchar(255) COLLATE utf8mb4_unicode_ci DEFAULT NULL,
  `status` enum('Active','Inactive') COLLATE utf8mb4_unicode_ci NOT NULL DEFAULT 'Active',
  `user_id` bigint UNSIGNED NOT NULL,
  `created_at` timestamp NULL DEFAULT NULL,
  `updated_at` timestamp NULL DEFAULT NULL
) ENGINE=InnoDB DEFAULT CHARSET=utf8mb4 COLLATE=utf8mb4_unicode_ci;

--
-- Dumping data for table `continents`
--

INSERT INTO `continents` (`id`, `code`, `name`, `status`, `user_id`, `created_at`, `updated_at`) VALUES
(16, 'AF', 'Africa', 'Inactive', 1, '2025-04-06 07:57:47', '2025-04-29 08:47:09'),
(17, 'AS', 'Asia', 'Active', 1, '2025-04-06 07:57:47', '2025-04-07 21:28:05'),
(18, 'EU', 'Europe', 'Active', 1, '2025-04-06 07:57:47', '2025-04-06 07:57:47'),
(19, 'NA', 'North America', 'Active', 1, '2025-04-06 07:57:47', '2025-04-06 07:57:47'),
(20, 'SA', 'South America', 'Active', 1, '2025-04-06 07:57:47', '2025-04-06 07:57:47'),
(21, 'OC', 'Oceania', 'Active', 1, '2025-04-06 07:57:47', '2025-04-06 07:57:47'),
(22, 'AN', 'Antarctica', 'Active', 1, '2025-04-06 07:57:47', '2025-04-06 01:58:36'),
(24, 'AE', 'AsiaEurope', 'Active', 1, '2025-05-06 03:43:42', '2025-05-06 03:43:42');

-- --------------------------------------------------------

--
-- Table structure for table `countries`
--

CREATE TABLE `countries` (
  `id` bigint UNSIGNED NOT NULL,
  `name` varchar(255) COLLATE utf8mb4_unicode_ci DEFAULT NULL,
  `country_code` char(2) COLLATE utf8mb4_unicode_ci NOT NULL COMMENT 'country code',
  `phone_code` varchar(255) COLLATE utf8mb4_unicode_ci NOT NULL COMMENT 'country code',
  `status` enum('Active','Inactive') COLLATE utf8mb4_unicode_ci NOT NULL DEFAULT 'Active',
  `continent_id` bigint UNSIGNED NOT NULL,
  `user_id` bigint UNSIGNED NOT NULL,
  `created_at` timestamp NULL DEFAULT NULL,
  `updated_at` timestamp NULL DEFAULT NULL
) ENGINE=InnoDB DEFAULT CHARSET=utf8mb4 COLLATE=utf8mb4_unicode_ci;

--
-- Dumping data for table `countries`
--

INSERT INTO `countries` (`id`, `name`, `country_code`, `phone_code`, `status`, `continent_id`, `user_id`, `created_at`, `updated_at`) VALUES
(1, 'Bangladesh', 'BD', '+880', 'Active', 17, 1, '2025-04-07 23:38:41', '2025-04-08 01:20:06'),
(2, 'Nigeria', 'NG', '+234', 'Active', 16, 1, '2025-04-08 05:52:13', '2025-04-08 05:52:13'),
(3, 'Egypt', 'EG', '+20', 'Active', 16, 1, '2025-04-08 05:52:13', '2025-04-08 05:52:13'),
(4, 'South Africa', 'ZA', '+27', 'Active', 16, 1, '2025-04-08 05:52:13', '2025-04-08 05:52:13'),
(5, 'Kenya', 'KE', '+254', 'Active', 16, 1, '2025-04-08 05:52:13', '2025-04-08 05:52:13'),
(6, 'Ghana', 'GH', '+233', 'Active', 16, 1, '2025-04-08 05:52:13', '2025-04-08 05:52:13'),
(7, 'India', 'IN', '+91', 'Active', 17, 1, '2025-04-08 05:52:13', '2025-04-08 05:52:13'),
(8, 'China', 'CN', '+86', 'Active', 17, 1, '2025-04-08 05:52:13', '2025-04-08 05:52:13'),
(9, 'Japan', 'JP', '+81', 'Active', 17, 1, '2025-04-08 05:52:13', '2025-04-08 05:52:13'),
(10, 'Indonesia', 'ID', '+62', 'Active', 17, 1, '2025-04-08 05:52:13', '2025-04-08 05:52:13'),
(11, 'Pakistan', 'PK', '+92', 'Active', 17, 1, '2025-04-08 05:52:13', '2025-04-08 05:52:13'),
(12, 'Germany', 'DE', '+49', 'Active', 18, 1, '2025-04-08 05:52:13', '2025-04-08 05:52:13'),
(13, 'France', 'FR', '+33', 'Active', 18, 1, '2025-04-08 05:52:13', '2025-04-08 05:52:13'),
(14, 'Italy', 'IT', '+39', 'Active', 18, 1, '2025-04-08 05:52:13', '2025-04-08 05:52:13'),
(15, 'Spain', 'ES', '+34', 'Active', 18, 1, '2025-04-08 05:52:13', '2025-04-08 05:52:13'),
(16, 'United Kingdom', 'GB', '+44', 'Active', 18, 1, '2025-04-08 05:52:13', '2025-04-08 05:52:13'),
(17, 'United States', 'US', '+1', 'Active', 19, 1, '2025-04-08 05:52:13', '2025-04-08 05:52:13'),
(18, 'Canada', 'CA', '+1', 'Active', 19, 1, '2025-04-08 05:52:13', '2025-04-08 05:52:13'),
(19, 'Mexico', 'MX', '+52', 'Active', 19, 1, '2025-04-08 05:52:13', '2025-04-08 05:52:13'),
(20, 'Cuba', 'CU', '+53', 'Active', 19, 1, '2025-04-08 05:52:13', '2025-04-08 05:52:13'),
(21, 'Jamaica', 'JM', '+1', 'Active', 19, 1, '2025-04-08 05:52:13', '2025-04-08 05:52:13'),
(22, 'Brazil', 'BR', '+55', 'Active', 20, 1, '2025-04-08 05:52:13', '2025-04-08 05:52:13'),
(23, 'Argentina', 'AR', '+54', 'Active', 20, 1, '2025-04-08 05:52:13', '2025-04-08 05:52:13'),
(24, 'Colombia', 'CO', '+57', 'Active', 20, 1, '2025-04-08 05:52:13', '2025-04-08 05:52:13'),
(25, 'Chile', 'CL', '+56', 'Active', 20, 1, '2025-04-08 05:52:13', '2025-04-08 05:52:13'),
(26, 'Peru', 'PE', '+51', 'Active', 20, 1, '2025-04-08 05:52:13', '2025-04-08 05:52:13'),
(27, 'Australia', 'AU', '+61', 'Active', 21, 1, '2025-04-08 05:52:13', '2025-04-08 05:52:13'),
(28, 'New Zealand', 'NZ', '+64', 'Active', 21, 1, '2025-04-08 05:52:13', '2025-04-08 05:52:13'),
(29, 'Fiji', 'FJ', '+679', 'Active', 21, 1, '2025-04-08 05:52:13', '2025-04-08 05:52:13'),
(30, 'Papua New Guinea', 'PG', '+675', 'Active', 21, 1, '2025-04-08 05:52:13', '2025-04-08 05:52:13'),
(31, 'Samoa', 'WS', '+685', 'Active', 21, 1, '2025-04-08 05:52:13', '2025-04-08 05:52:13'),
(32, 'Antarctica', 'AQ', '+672', 'Active', 22, 1, '2025-04-08 05:52:13', '2025-04-08 05:52:13'),
(33, 'Saudi Arabia', 'KS', '+966', 'Active', 17, 1, '2025-04-10 05:27:18', '2025-04-10 05:27:18'),
(34, 'Qatar', 'QA', '+971', 'Active', 17, 1, '2025-04-10 05:28:49', '2025-04-10 05:28:49'),
(35, 'United Arab Emirates', 'UA', '+974', 'Active', 17, 1, '2025-04-10 08:59:50', '2025-04-10 08:59:50'),
(36, 'Jordan', 'JO', '+962', 'Active', 17, 1, '2025-04-12 00:38:37', '2025-04-12 00:38:37'),
(37, 'Portugal', 'PT', '+351', 'Active', 18, 1, '2025-04-12 00:40:23', '2025-04-12 00:40:23'),
(38, 'Serbia', 'RS', '+381', 'Active', 18, 1, '2025-04-12 00:41:36', '2025-04-12 00:41:36'),
(39, 'North Macedonia', 'MK', '+389', 'Active', 18, 1, '2025-04-12 00:42:48', '2025-04-12 00:42:48'),
(40, 'Russia', 'Ru', '+7', 'Active', 24, 1, '2025-05-06 03:45:13', '2025-05-06 03:45:13'),
(41, 'Malaysia', 'ML', '+60', 'Active', 17, 1, '2025-05-06 03:49:42', '2025-05-06 03:49:42');

-- --------------------------------------------------------

--
-- Table structure for table `currencies`
--

CREATE TABLE `currencies` (
  `id` bigint UNSIGNED NOT NULL,
  `country_id` bigint UNSIGNED NOT NULL,
  `name` varchar(255) COLLATE utf8mb4_unicode_ci NOT NULL,
  `code` varchar(255) COLLATE utf8mb4_unicode_ci NOT NULL COMMENT 'currency code',
  `symbol` text COLLATE utf8mb4_unicode_ci NOT NULL COMMENT 'currency symbol',
  `status` enum('Active','Inactive') COLLATE utf8mb4_unicode_ci NOT NULL DEFAULT 'Active',
  `user_id` bigint UNSIGNED NOT NULL,
  `created_at` timestamp NULL DEFAULT NULL,
  `updated_at` timestamp NULL DEFAULT NULL
) ENGINE=InnoDB DEFAULT CHARSET=utf8mb4 COLLATE=utf8mb4_unicode_ci;

--
-- Dumping data for table `currencies`
--

INSERT INTO `currencies` (`id`, `country_id`, `name`, `code`, `symbol`, `status`, `user_id`, `created_at`, `updated_at`) VALUES
(1, 1, 'TAKA', 'TK', '', 'Active', 1, '2025-04-14 01:17:52', '2025-04-14 01:22:53');

-- --------------------------------------------------------

--
-- Table structure for table `delegates`
--

CREATE TABLE `delegates` (
  `id` bigint UNSIGNED NOT NULL,
  `company_id` bigint UNSIGNED NOT NULL,
  `branch_id` bigint UNSIGNED NOT NULL,
  `first_name` varchar(255) COLLATE utf8mb4_unicode_ci NOT NULL,
  `last_name` varchar(255) COLLATE utf8mb4_unicode_ci NOT NULL,
  `delegate_code` varchar(255) COLLATE utf8mb4_unicode_ci NOT NULL,
  `phone_number` varchar(255) COLLATE utf8mb4_unicode_ci NOT NULL,
  `email` varchar(255) COLLATE utf8mb4_unicode_ci DEFAULT NULL,
  `opening_balance` decimal(25,2) DEFAULT NULL,
  `country_id` bigint UNSIGNED NOT NULL,
  `state` varchar(255) COLLATE utf8mb4_unicode_ci DEFAULT NULL,
  `sponsor_type` varchar(255) COLLATE utf8mb4_unicode_ci NOT NULL,
  `agent_id` bigint UNSIGNED DEFAULT NULL,
  `employee_id` bigint UNSIGNED DEFAULT NULL,
  `user_id` bigint UNSIGNED NOT NULL,
  `delegate_photo` text COLLATE utf8mb4_unicode_ci,
  `opening_balance_sheet` text COLLATE utf8mb4_unicode_ci,
  `current_address` text COLLATE utf8mb4_unicode_ci,
  `note` text COLLATE utf8mb4_unicode_ci,
  `status` int NOT NULL DEFAULT '1',
  `created_at` timestamp NULL DEFAULT NULL,
  `updated_at` timestamp NULL DEFAULT NULL
) ENGINE=InnoDB DEFAULT CHARSET=utf8mb4 COLLATE=utf8mb4_unicode_ci;

-- --------------------------------------------------------

--
-- Table structure for table `delegate_offices`
--

CREATE TABLE `delegate_offices` (
  `id` bigint UNSIGNED NOT NULL,
  `company_id` bigint UNSIGNED NOT NULL,
  `branch_id` bigint UNSIGNED NOT NULL,
  `delegate_id` bigint UNSIGNED NOT NULL,
  `office_name` varchar(255) COLLATE utf8mb4_unicode_ci NOT NULL,
  `contact_number` varchar(255) COLLATE utf8mb4_unicode_ci NOT NULL,
  `licence_number` varchar(255) COLLATE utf8mb4_unicode_ci NOT NULL,
  `attachment` text COLLATE utf8mb4_unicode_ci,
  `address` text COLLATE utf8mb4_unicode_ci,
  `note` text COLLATE utf8mb4_unicode_ci,
  `status` int NOT NULL DEFAULT '1',
  `user_id` bigint UNSIGNED NOT NULL,
  `created_at` timestamp NULL DEFAULT NULL,
  `updated_at` timestamp NULL DEFAULT NULL
) ENGINE=InnoDB DEFAULT CHARSET=utf8mb4 COLLATE=utf8mb4_unicode_ci;

-- --------------------------------------------------------

--
-- Table structure for table `departments`
--

CREATE TABLE `departments` (
  `id` bigint UNSIGNED NOT NULL,
  `company_id` bigint UNSIGNED NOT NULL,
  `name` varchar(255) COLLATE utf8mb4_unicode_ci NOT NULL,
  `code` varchar(255) COLLATE utf8mb4_unicode_ci NOT NULL COMMENT 'Department code',
  `include_status` varchar(255) COLLATE utf8mb4_unicode_ci NOT NULL DEFAULT '0',
  `bonous_type` varchar(255) COLLATE utf8mb4_unicode_ci DEFAULT NULL,
  `bonous_amount` decimal(10,2) DEFAULT NULL,
  `note` text COLLATE utf8mb4_unicode_ci,
  `status` int NOT NULL DEFAULT '1',
  `user_id` bigint UNSIGNED NOT NULL,
  `created_at` timestamp NULL DEFAULT NULL,
  `updated_at` timestamp NULL DEFAULT NULL
) ENGINE=InnoDB DEFAULT CHARSET=utf8mb4 COLLATE=utf8mb4_unicode_ci;

--
-- Dumping data for table `departments`
--

INSERT INTO `departments` (`id`, `company_id`, `name`, `code`, `include_status`, `bonous_type`, `bonous_amount`, `note`, `status`, `user_id`, `created_at`, `updated_at`) VALUES
(1, 7, 'Top Management', 'TM', '0', NULL, NULL, 'N/A', 1, 8, '2025-04-22 00:19:37', '2025-04-22 01:38:06'),
(3, 7, 'Human Resource', 'HR', '1', 'Fixed', '1000.00', 'N/A', 1, 8, '2025-04-22 00:37:39', '2025-04-22 01:37:30'),
(4, 7, 'Reservation', 'RES', '1', 'Fixed', '1000.00', 'N/A', 1, 8, '2025-04-22 00:38:03', '2025-04-22 01:39:33'),
(5, 7, 'Accounts', 'ACC', '1', 'Fixed', '1000.00', 'N/A', 1, 8, '2025-04-22 00:38:35', '2025-04-22 01:39:52'),
(6, 7, 'Sales & Marketing', 'S&M', '1', 'Fixed', '1000.00', 'N/A', 1, 8, '2025-04-22 01:42:11', '2025-04-22 01:42:11'),
(7, 7, 'Information Technology', 'IT', '1', 'Fixed', '1000.00', 'N/A', 1, 8, '2025-04-22 01:43:01', '2025-04-22 01:43:01'),
(9, 7, 'Corporate Sales', 'CS', '1', 'Fixed', '1000.00', NULL, 1, 8, '2025-04-26 10:06:11', '2025-04-26 10:06:11'),
(10, 6, 'Lucy Hernandez', 'In reprehenderit vel', '1', 'Percentage', '10.00', 'Molestiae eum qui iu', 1, 7, '2025-05-06 04:35:13', '2025-05-06 04:35:13'),
(11, 6, 'Nasim Mccullough', 'Dolore laboris sit', '1', 'Fixed', '100.00', 'Quia pariatur Verit', 1, 7, '2025-05-06 04:35:25', '2025-05-06 04:35:25');

-- --------------------------------------------------------

--
-- Table structure for table `designations`
--

CREATE TABLE `designations` (
  `id` bigint UNSIGNED NOT NULL,
  `company_id` bigint UNSIGNED NOT NULL,
  `name` varchar(255) COLLATE utf8mb4_unicode_ci NOT NULL,
  `code` varchar(255) COLLATE utf8mb4_unicode_ci NOT NULL COMMENT 'Designa code',
  `note` text COLLATE utf8mb4_unicode_ci,
  `status` int NOT NULL DEFAULT '1',
  `user_id` bigint UNSIGNED NOT NULL,
  `created_at` timestamp NULL DEFAULT NULL,
  `updated_at` timestamp NULL DEFAULT NULL
) ENGINE=InnoDB DEFAULT CHARSET=utf8mb4 COLLATE=utf8mb4_unicode_ci;

--
-- Dumping data for table `designations`
--

INSERT INTO `designations` (`id`, `company_id`, `name`, `code`, `note`, `status`, `user_id`, `created_at`, `updated_at`) VALUES
(1, 7, 'Proprietor', 'Proprietor', 'N/A', 1, 8, '2025-04-22 01:23:25', '2025-04-22 01:46:20'),
(2, 7, 'Manager', 'Manager', 'N/A', 1, 8, '2025-04-22 01:26:14', '2025-04-22 01:46:41'),
(3, 7, 'Accountent', 'Accountent', NULL, 1, 8, '2025-04-22 01:27:26', '2025-04-22 01:27:26'),
(4, 7, 'Junior Accountant', 'Jr. Accountant', NULL, 1, 8, '2025-04-22 01:48:48', '2025-04-22 01:48:48'),
(5, 7, 'Office Assistant', 'OASS', NULL, 1, 8, '2025-04-22 01:49:18', '2025-04-22 01:49:18'),
(6, 7, 'Receptionist', 'Receptionist', NULL, 1, 8, '2025-04-22 01:49:51', '2025-04-22 01:49:51'),
(7, 7, 'Marketing Officer', 'MO', NULL, 1, 8, '2025-04-22 01:50:17', '2025-04-22 01:50:17'),
(8, 7, 'Executive', 'Executive', NULL, 1, 8, '2025-04-22 01:50:29', '2025-04-22 01:50:29'),
(9, 7, 'Junio Executive', 'Jr. Executive', NULL, 1, 8, '2025-04-22 01:50:51', '2025-04-22 01:50:51'),
(10, 7, 'Senior Executive', 'Sr. Executive', NULL, 1, 8, '2025-04-22 01:51:09', '2025-04-22 01:51:09'),
(11, 7, 'Computer Operator', 'CO', NULL, 1, 8, '2025-04-22 01:51:57', '2025-04-22 01:51:57'),
(12, 6, 'Xerxes Schroeder', 'Ad explicabo Eligen', 'Voluptatem culpa an', 1, 7, '2025-05-06 04:35:35', '2025-05-06 04:35:35'),
(13, 6, 'Barclay Pitts', 'Ut aut proident ut', 'Corporis officiis al', 1, 7, '2025-05-06 04:35:40', '2025-05-06 04:35:40');

-- --------------------------------------------------------

--
-- Table structure for table `districts`
--

CREATE TABLE `districts` (
  `id` bigint UNSIGNED NOT NULL,
  `division_id` bigint UNSIGNED NOT NULL,
  `name` varchar(255) COLLATE utf8mb4_unicode_ci NOT NULL COMMENT 'District Name',
  `code` char(3) COLLATE utf8mb4_unicode_ci NOT NULL COMMENT 'District code',
  `status` enum('Active','Inactive') COLLATE utf8mb4_unicode_ci NOT NULL DEFAULT 'Active',
  `user_id` bigint UNSIGNED NOT NULL,
  `created_at` timestamp NULL DEFAULT NULL,
  `updated_at` timestamp NULL DEFAULT NULL
) ENGINE=InnoDB DEFAULT CHARSET=utf8mb4 COLLATE=utf8mb4_unicode_ci;

--
-- Dumping data for table `districts`
--

INSERT INTO `districts` (`id`, `division_id`, `name`, `code`, `status`, `user_id`, `created_at`, `updated_at`) VALUES
(2, 3, 'Dhaka', 'DHK', 'Active', 1, '2025-04-08 07:54:58', '2025-04-12 06:25:06'),
(3, 3, 'Narayanganj', 'NAR', 'Active', 1, '2025-04-08 07:54:58', '2025-04-08 07:54:58'),
(4, 3, 'Faridpur', 'FAR', 'Active', 1, '2025-04-08 07:54:58', '2025-04-08 07:54:58'),
(5, 3, 'Madaripur', 'MAD', 'Active', 1, '2025-04-08 07:54:58', '2025-04-08 07:54:58'),
(6, 3, 'Munshiganj', 'MUN', 'Active', 1, '2025-04-08 07:54:58', '2025-04-08 07:54:58'),
(7, 3, 'Gopalganj', 'GOP', 'Active', 1, '2025-04-08 07:54:58', '2025-04-08 07:54:58'),
(8, 4, 'Chattogram', 'CTG', 'Active', 1, '2025-04-08 07:55:32', '2025-04-08 07:55:32'),
(9, 4, 'Coxs Bazar', 'COX', 'Active', 1, '2025-04-08 07:55:32', '2025-04-08 07:55:32'),
(10, 4, 'Feni', 'FEN', 'Active', 1, '2025-04-08 07:55:32', '2025-04-08 07:55:32'),
(11, 4, 'Comilla', 'COM', 'Active', 1, '2025-04-08 07:55:32', '2025-04-08 07:55:32'),
(12, 4, 'Lakshmipur', 'LAK', 'Active', 1, '2025-04-08 07:55:32', '2025-04-08 07:55:32'),
(13, 5, 'Rajshahi', 'RAJ', 'Active', 1, '2025-04-08 07:55:51', '2025-04-08 07:55:51'),
(14, 5, 'Bogura', 'BOG', 'Active', 1, '2025-04-08 07:55:51', '2025-06-14 03:31:01'),
(15, 5, 'Naogaon', 'NAO', 'Active', 1, '2025-04-08 07:55:51', '2025-04-08 07:55:51'),
(16, 5, 'Pabna', 'PAB', 'Active', 1, '2025-04-08 07:55:51', '2025-04-08 07:55:51'),
(17, 5, 'Joypurhat', 'JOY', 'Active', 1, '2025-04-08 07:55:51', '2025-04-08 07:55:51'),
(18, 6, 'Khulna', 'KHU', 'Active', 1, '2025-04-08 07:56:05', '2025-04-08 07:56:05'),
(19, 6, 'Bagerhat', 'BAG', 'Active', 1, '2025-04-08 07:56:05', '2025-04-08 07:56:05'),
(20, 6, 'Satkhira', 'SAT', 'Active', 1, '2025-04-08 07:56:05', '2025-04-08 07:56:05'),
(21, 6, 'Jessore', 'JES', 'Active', 1, '2025-04-08 07:56:05', '2025-04-08 07:56:05'),
(22, 7, 'Barishal', 'BAR', 'Active', 1, '2025-04-08 07:56:26', '2025-04-08 07:56:26'),
(23, 7, 'Bhola', 'BHO', 'Active', 1, '2025-04-08 07:56:26', '2025-04-08 07:56:26'),
(24, 7, 'Patuakhali', 'PAT', 'Active', 1, '2025-04-08 07:56:26', '2025-04-08 07:56:26'),
(25, 7, 'Jhalokathi', 'JHA', 'Active', 1, '2025-04-08 07:56:26', '2025-04-08 07:56:26'),
(26, 8, 'Sylhet', 'SYL', 'Active', 1, '2025-04-08 07:56:43', '2025-04-08 07:56:43'),
(27, 8, 'Moulvibazar', 'MOU', 'Active', 1, '2025-04-08 07:56:43', '2025-04-08 07:56:43'),
(28, 8, 'Habiganj', 'HAB', 'Active', 1, '2025-04-08 07:56:43', '2025-04-08 07:56:43'),
(29, 8, 'Sunamganj', 'SUN', 'Active', 1, '2025-04-08 07:56:43', '2025-04-08 07:56:43'),
(30, 9, 'Rangpur', 'RAN', 'Active', 1, '2025-04-08 07:56:56', '2025-04-08 07:56:56'),
(31, 9, 'Kurigram', 'KUR', 'Active', 1, '2025-04-08 07:56:56', '2025-04-08 07:56:56'),
(32, 9, 'Dinajpur', 'DIN', 'Active', 1, '2025-04-08 07:56:56', '2025-04-08 07:56:56'),
(33, 9, 'Thakurgaon', 'THA', 'Active', 1, '2025-04-08 07:56:56', '2025-04-08 07:56:56'),
(34, 9, 'Lalmonirhat', 'LAL', 'Active', 1, '2025-04-08 07:56:56', '2025-04-08 07:56:56'),
(35, 10, 'Mymensingh', 'MYM', 'Active', 1, '2025-04-08 07:57:11', '2025-04-08 07:57:11'),
(36, 10, 'Jamalpur', 'JAM', 'Active', 1, '2025-04-08 07:57:11', '2025-04-08 07:57:11'),
(37, 10, 'Netrokona', 'NET', 'Active', 1, '2025-04-08 07:57:11', '2025-04-08 07:57:11'),
(43, 3, 'Gazipur', 'GPR', 'Active', 1, '2025-05-14 11:58:44', '2025-05-14 11:58:44'),
(44, 3, 'Manikganj', 'MKJ', 'Active', 1, '2025-05-14 11:59:20', '2025-05-14 11:59:20'),
(45, 3, 'Narsingdi', 'NSD', 'Active', 1, '2025-05-14 11:59:45', '2025-05-14 11:59:45'),
(46, 3, 'Tangail', 'TNG', 'Active', 1, '2025-05-14 12:00:10', '2025-05-14 12:00:10'),
(47, 3, 'Kishoreganj', 'KRJ', 'Active', 1, '2025-05-14 12:00:34', '2025-05-14 12:00:34'),
(48, 3, 'Rajbari', 'RAJ', 'Active', 1, '2025-05-14 12:00:56', '2025-05-14 12:00:56'),
(49, 3, 'Shariatpur', 'SRP', 'Active', 1, '2025-05-14 12:01:20', '2025-05-14 12:01:20'),
(50, 4, 'Bandarban', 'BND', 'Active', 1, '2025-05-14 12:03:50', '2025-05-14 12:03:50'),
(51, 4, 'Brahmanbaria', 'BRM', 'Active', 1, '2025-05-14 12:04:11', '2025-05-14 12:04:11'),
(52, 4, 'Chandpur', 'CHA', 'Active', 1, '2025-05-14 12:04:28', '2025-05-14 12:04:28'),
(53, 4, 'Khagrachhari', 'KGR', 'Active', 1, '2025-05-14 12:04:55', '2025-05-14 12:04:55'),
(54, 4, 'Noakhali', 'NKL', 'Active', 1, '2025-05-14 12:05:14', '2025-05-14 12:05:14'),
(55, 4, 'Rangamati', 'RGT', 'Active', 1, '2025-05-14 12:05:35', '2025-05-14 12:05:35'),
(56, 5, 'Chapainawabganj', 'CNG', 'Active', 1, '2025-05-14 12:08:34', '2025-05-14 12:08:34'),
(57, 5, 'Natore', 'NTR', 'Active', 1, '2025-05-14 12:08:54', '2025-05-14 12:08:54'),
(58, 5, 'Sirajganj', 'SJJ', 'Active', 1, '2025-05-14 12:09:20', '2025-05-14 12:09:20'),
(59, 6, 'Chuadanga', 'CDG', 'Active', 1, '2025-05-14 12:11:08', '2025-05-14 12:11:08'),
(60, 6, 'Jhenaidah', 'JND', 'Active', 1, '2025-05-14 12:11:29', '2025-05-14 12:11:29'),
(61, 6, 'Kushtia', 'KST', 'Active', 1, '2025-05-14 12:11:56', '2025-05-14 12:11:56'),
(62, 6, 'Magura', 'MGR', 'Active', 1, '2025-05-14 12:12:14', '2025-05-14 12:12:14'),
(63, 6, 'Meherpur', 'MHP', 'Active', 1, '2025-05-14 12:12:36', '2025-05-14 12:12:36'),
(64, 6, 'Narail', 'NRL', 'Active', 1, '2025-05-14 12:12:57', '2025-05-14 12:12:57'),
(65, 7, 'Barguna', 'BRG', 'Active', 1, '2025-05-14 12:16:00', '2025-05-14 12:16:00'),
(66, 7, 'Pirojpur', 'PRP', 'Active', 1, '2025-05-14 12:16:25', '2025-05-14 12:16:25'),
(67, 9, 'Gaibandha', 'GBN', 'Active', 1, '2025-05-14 12:19:22', '2025-05-14 12:19:22'),
(68, 9, 'Panchagarh', 'PCG', 'Active', 1, '2025-05-14 12:19:46', '2025-05-14 12:19:46'),
(69, 9, 'Nilphamari', 'NLP', 'Active', 1, '2025-05-14 12:20:08', '2025-05-14 12:20:08'),
(70, 10, 'Sherpur', 'SRP', 'Active', 1, '2025-05-14 12:21:25', '2025-05-14 12:21:25');

-- --------------------------------------------------------

--
-- Table structure for table `divisions`
--

CREATE TABLE `divisions` (
  `id` bigint UNSIGNED NOT NULL,
  `country_id` bigint UNSIGNED NOT NULL,
  `name` varchar(255) COLLATE utf8mb4_unicode_ci NOT NULL,
  `code` char(3) COLLATE utf8mb4_unicode_ci DEFAULT NULL COMMENT 'Divisions code',
  `status` enum('Active','Inactive') COLLATE utf8mb4_unicode_ci NOT NULL DEFAULT 'Active',
  `user_id` bigint UNSIGNED NOT NULL,
  `created_at` timestamp NULL DEFAULT NULL,
  `updated_at` timestamp NULL DEFAULT NULL
) ENGINE=InnoDB DEFAULT CHARSET=utf8mb4 COLLATE=utf8mb4_unicode_ci;

--
-- Dumping data for table `divisions`
--

INSERT INTO `divisions` (`id`, `country_id`, `name`, `code`, `status`, `user_id`, `created_at`, `updated_at`) VALUES
(3, 1, 'Dhaka', 'DHK', 'Active', 1, '2025-04-08 07:51:06', '2025-04-22 01:34:00'),
(4, 1, 'Chattogram', 'CTG', 'Active', 1, '2025-04-08 07:51:06', '2025-04-08 07:51:06'),
(5, 1, 'Rajshahi', 'RAJ', 'Active', 1, '2025-04-08 07:51:06', '2025-04-08 07:51:06'),
(6, 1, 'Khulna', 'KHU', 'Active', 1, '2025-04-08 07:51:06', '2025-04-08 07:51:06'),
(7, 1, 'Barishal', 'BAR', 'Active', 1, '2025-04-08 07:51:06', '2025-04-08 07:51:06'),
(8, 1, 'Sylhet', 'SYL', 'Active', 1, '2025-04-08 07:51:06', '2025-04-08 07:51:06'),
(9, 1, 'Rangpur', 'RAN', 'Active', 1, '2025-04-08 07:51:06', '2025-04-08 07:51:06'),
(10, 1, 'Mymensingh', 'MYM', 'Active', 1, '2025-04-08 07:51:06', '2025-04-08 07:51:06'),
(11, 1, 'Cumilla', 'CUM', 'Inactive', 1, '2025-04-08 02:00:57', '2025-05-14 11:47:20');

-- --------------------------------------------------------

--
-- Table structure for table `employees`
--

CREATE TABLE `employees` (
  `id` bigint UNSIGNED NOT NULL,
  `company_id` bigint UNSIGNED NOT NULL,
  `branch_id` bigint UNSIGNED NOT NULL,
  `first_name` varchar(255) COLLATE utf8mb4_unicode_ci NOT NULL,
  `last_name` varchar(255) COLLATE utf8mb4_unicode_ci NOT NULL,
  `employee_code` varchar(255) COLLATE utf8mb4_unicode_ci NOT NULL,
  `religion` varchar(255) COLLATE utf8mb4_unicode_ci NOT NULL,
  `gender` varchar(255) COLLATE utf8mb4_unicode_ci NOT NULL,
  `marital_status` varchar(255) COLLATE utf8mb4_unicode_ci NOT NULL,
  `date_of_birth` date NOT NULL,
  `date_of_joining` date NOT NULL,
  `blood_group` varchar(255) COLLATE utf8mb4_unicode_ci NOT NULL,
  `personal_phone` varchar(255) COLLATE utf8mb4_unicode_ci NOT NULL,
  `personal_email` varchar(255) COLLATE utf8mb4_unicode_ci DEFAULT NULL,
  `contact_person_number` varchar(255) COLLATE utf8mb4_unicode_ci NOT NULL,
  `photo` varchar(255) COLLATE utf8mb4_unicode_ci DEFAULT NULL,
  `office_phone` varchar(255) COLLATE utf8mb4_unicode_ci NOT NULL,
  `office_email` varchar(255) COLLATE utf8mb4_unicode_ci DEFAULT NULL,
  `nid_number` varchar(255) COLLATE utf8mb4_unicode_ci NOT NULL,
  `current_address` varchar(255) COLLATE utf8mb4_unicode_ci NOT NULL,
  `permanent_address` varchar(255) COLLATE utf8mb4_unicode_ci NOT NULL,
  `note` varchar(2000) COLLATE utf8mb4_unicode_ci DEFAULT NULL,
  `role_id` bigint UNSIGNED NOT NULL,
  `department_id` bigint UNSIGNED NOT NULL,
  `designation_id` bigint UNSIGNED NOT NULL,
  `roster_id` bigint UNSIGNED NOT NULL,
  `basic_salary_monthly` decimal(10,2) NOT NULL,
  `basic_salary_daily` decimal(10,2) NOT NULL,
  `mobile_allowance` decimal(10,2) NOT NULL,
  `salary_pay_method` varchar(255) COLLATE utf8mb4_unicode_ci NOT NULL,
  `contract_type` varchar(255) COLLATE utf8mb4_unicode_ci NOT NULL,
  `access_card` varchar(255) COLLATE utf8mb4_unicode_ci DEFAULT NULL,
  `add_finger` text COLLATE utf8mb4_unicode_ci,
  `is_active_finger` int NOT NULL DEFAULT '0',
  `white_list` tinyint NOT NULL DEFAULT '0',
  `weekend_day` varchar(255) COLLATE utf8mb4_unicode_ci NOT NULL,
  `status` int NOT NULL DEFAULT '1',
  `user_id` bigint UNSIGNED NOT NULL,
  `created_at` timestamp NULL DEFAULT NULL,
  `updated_at` timestamp NULL DEFAULT NULL
) ENGINE=InnoDB DEFAULT CHARSET=utf8mb4 COLLATE=utf8mb4_unicode_ci;

--
-- Dumping data for table `employees`
--

INSERT INTO `employees` (`id`, `company_id`, `branch_id`, `first_name`, `last_name`, `employee_code`, `religion`, `gender`, `marital_status`, `date_of_birth`, `date_of_joining`, `blood_group`, `personal_phone`, `personal_email`, `contact_person_number`, `photo`, `office_phone`, `office_email`, `nid_number`, `current_address`, `permanent_address`, `note`, `role_id`, `department_id`, `designation_id`, `roster_id`, `basic_salary_monthly`, `basic_salary_daily`, `mobile_allowance`, `salary_pay_method`, `contract_type`, `access_card`, `add_finger`, `is_active_finger`, `white_list`, `weekend_day`, `status`, `user_id`, `created_at`, `updated_at`) VALUES
(28, 7, 1, 'Mahfuza', 'Akter', 'EMP112003', 'Islam', 'Female', 'Married', '1991-12-15', '2017-01-01', 'O+', '01979372034', 'promaislam1512@gmail.com', '01719372034', 'employees/nkpDOdU84Mpo9nqgtVgkOvGvHS54bTgw0cvTyJz4.jpg', '013296819696', 'mahfuza@mahfuza-overseas.com', '4535345', 'dhaka', 'chandpur', NULL, 4, 1, 1, 1, '65000.00', '2166.67', '2000.00', 'Bank', 'Parmanent', '453453453', 'sdsssssssssssssssssssssssssssssssssssssssss', 1, 0, 'Friday', 1, 8, '2025-05-06 23:23:03', '2025-05-10 23:40:00'),
(37, 7, 1, 'Md. Ibrahim', 'Khalil', 'EMP112005', 'Islam', 'Male', 'Single', '1989-03-05', '2017-01-01', 'O+', '01719372034', '2010mdibrahi.engineer@gmail.com', '01979372034', 'employees/KyEVMJl6XyOtbxVVVBh2Z6D6LvNwYyItRPvYOWRE.jpg', '01886372032', 'ibrahim@mahfuza-overseas.com', '872', 'Dhaka', 'Comilla', NULL, 4, 1, 2, 1, '60000.00', '2000.00', '1000.00', 'Bank', 'Parmanent', '72691', NULL, 0, 0, 'Friday', 1, 8, '2025-05-08 01:05:27', '2025-05-10 23:17:52'),
(38, 7, 1, 'SHARIFUL', 'ISLAM', 'EMP112006', 'Islam', 'Male', 'Married', '1990-01-09', '2020-01-01', 'B+', '01923323953', 'mukul1cse@gmai.com', '01719372034', 'employee_photos/lnd1EW1FZF4LFI0kTrnQn48aREMBAQJtCtbEfgrH.png', '01329681965', 'mukul1cse@gmail.com', '2342342', 'H-24 (3rd floor), Bir Uttam Ziaur Rahman Road, Amtoli Morh, Mohakhali, Dhaka-1212', 'Khulna', NULL, 7, 4, 8, 1, '25000.00', '833.33', '1000.00', 'Cash', 'Parmanent', '3234234234', NULL, 0, 0, 'Friday', 1, 8, '2025-05-10 23:22:41', '2025-05-10 23:22:41'),
(39, 7, 1, 'RESMA', 'AKTER', 'EMP112007', 'Islam', 'Female', 'Married', '1988-12-21', '2017-01-01', 'O+', '0 1792493073', 'imrunnahar17@gmail.com', '01719372034', 'employee_photos/jgmGQPvEMoh9o64aEph9qTsVTp3cMdOr45gebXt8.jpg', '01329681966', 'resma@mahfuza-overseas.com', '523452354', 'dhaka', 'Chandpur', NULL, 7, 4, 8, 1, '15000.00', '500.00', '500.00', 'Cash', 'Parmanent', '23452342', NULL, 0, 0, 'Friday', 1, 8, '2025-05-10 23:54:05', '2025-05-10 23:54:05'),
(40, 7, 1, 'Md. Mehedi', 'Hasan', 'EMP112008', 'Islam', 'Male', 'Married', '1994-11-27', '2023-12-01', 'A+', '01845265614', 'hasanmehedi001@gmail.com', '01979372034', 'employee_photos/kD5YU9CYeD8L7QIsAAUOTi3Yg2Tgh19ArcCkOJlK.jpg', '01329681968', 'mehedi@mahfuza-overseas.com', '19941317911000024', 'H:24 (3rd floor), Amtoli Morh\r\nMohakhali', 'Chandpur', NULL, 8, 5, 8, 1, '20000.00', '666.67', '1000.00', 'Cash', 'Parmanent', '2345235423', NULL, 0, 0, 'Friday', 1, 8, '2025-05-11 06:59:31', '2025-05-11 06:59:31'),
(41, 7, 1, 'Musaddika', 'Ela', 'EMP112009', 'Islam', 'Female', 'Married', '1988-12-10', '2023-12-09', 'O+', '01234567890', 'musaddikaela@gmail.com', '01234567891', 'employee_photos/87kZxVepwPh661UpxfZJLj8fFjtNDYuNvUN9uDDo.png', '01329681972', 'ela@mahfuza-overseas.com', '3333333333', 'Mirpur', 'Mirpur', NULL, 5, 6, 2, 1, '20000.00', '666.67', '1000.00', 'Cash', 'Parmanent', '0007731131', NULL, 0, 0, 'Friday', 1, 8, '2025-06-12 23:13:53', '2025-06-12 23:13:53'),
(42, 7, 1, 'Md', 'Yousuf', 'EMP112010', 'Islam', 'Male', 'Single', '2002-01-05', '2023-04-01', 'O+', '01234567899', 'yousur@gmail.com', '01234567898', 'employee_photos/gXIreMEey9W7Vg1BZCdchgAgW1olhpl8E5xeCZDg.jpg', '01329681970', 'yousuf@mahfuza-overseas.com', '22222222222', 'Mohakhali', 'chandpur', NULL, 10, 3, 9, 1, '12000.00', '400.00', '500.00', 'Cash', 'Parmanent', '0007510559', NULL, 0, 0, 'Friday', 1, 8, '2025-06-12 23:18:17', '2025-06-12 23:18:17');

-- --------------------------------------------------------

--
-- Table structure for table `failed_jobs`
--

CREATE TABLE `failed_jobs` (
  `id` bigint UNSIGNED NOT NULL,
  `uuid` varchar(255) CHARACTER SET utf8mb4 COLLATE utf8mb4_unicode_ci NOT NULL,
  `connection` text CHARACTER SET utf8mb4 COLLATE utf8mb4_unicode_ci NOT NULL,
  `queue` text CHARACTER SET utf8mb4 COLLATE utf8mb4_unicode_ci NOT NULL,
  `payload` longtext CHARACTER SET utf8mb4 COLLATE utf8mb4_unicode_ci NOT NULL,
  `exception` longtext CHARACTER SET utf8mb4 COLLATE utf8mb4_unicode_ci NOT NULL,
  `failed_at` timestamp NOT NULL DEFAULT CURRENT_TIMESTAMP
) ENGINE=InnoDB DEFAULT CHARSET=utf8mb4 COLLATE=utf8mb4_unicode_ci;

-- --------------------------------------------------------

--
-- Table structure for table `hazz_umrahs`
--

CREATE TABLE `hazz_umrahs` (
  `id` bigint UNSIGNED NOT NULL,
  `flight_date` date DEFAULT NULL,
  `services` varchar(255) COLLATE utf8mb4_unicode_ci NOT NULL,
  `packages` varchar(255) COLLATE utf8mb4_unicode_ci NOT NULL,
  `transit` varchar(255) COLLATE utf8mb4_unicode_ci NOT NULL,
  `hotel_category` varchar(255) COLLATE utf8mb4_unicode_ci NOT NULL,
  `mokka_modina_transport` varchar(255) COLLATE utf8mb4_unicode_ci DEFAULT NULL,
  `meal` varchar(255) COLLATE utf8mb4_unicode_ci DEFAULT NULL,
  `days` varchar(255) COLLATE utf8mb4_unicode_ci DEFAULT NULL,
  `amount_b2c` varchar(255) COLLATE utf8mb4_unicode_ci DEFAULT NULL,
  `amount_b2B` varchar(255) COLLATE utf8mb4_unicode_ci DEFAULT NULL,
  `status` varchar(255) COLLATE utf8mb4_unicode_ci NOT NULL DEFAULT '0',
  `created_at` timestamp NULL DEFAULT NULL,
  `updated_at` timestamp NULL DEFAULT NULL
) ENGINE=InnoDB DEFAULT CHARSET=utf8mb4 COLLATE=utf8mb4_unicode_ci;

--
-- Dumping data for table `hazz_umrahs`
--

INSERT INTO `hazz_umrahs` (`id`, `flight_date`, `services`, `packages`, `transit`, `hotel_category`, `mokka_modina_transport`, `meal`, `days`, `amount_b2c`, `amount_b2B`, `status`, `created_at`, `updated_at`) VALUES
(4, NULL, 'Umrah', 'Silver', 'Yes', 'Three Star Quality', 'Buss', 'Yes', '14', '120000', '118000', '0', '2025-03-23 04:10:21', '2025-03-23 04:10:21'),
(6, NULL, 'Hazz', 'Silver', 'Yes', 'Three Star', 'Buss', 'Yes', '4', '4', '4', '0', '2025-03-28 02:05:21', '2025-03-28 02:05:21'),
(7, NULL, 'Umrah', 'Silver', 'Yes', 'Three Star Quality', 'Buss', 'Yes', '14', '125000', '120000', '1', '2025-03-28 23:46:37', '2025-03-28 23:46:37');

-- --------------------------------------------------------

--
-- Table structure for table `holidays`
--

CREATE TABLE `holidays` (
  `id` bigint UNSIGNED NOT NULL,
  `company_id` bigint UNSIGNED NOT NULL,
  `name` varchar(255) COLLATE utf8mb4_unicode_ci NOT NULL,
  `date` date NOT NULL,
  `include_status` varchar(255) COLLATE utf8mb4_unicode_ci NOT NULL DEFAULT '0',
  `bonous_type` varchar(255) COLLATE utf8mb4_unicode_ci DEFAULT NULL,
  `bonous_amount` decimal(10,2) DEFAULT NULL,
  `note` text COLLATE utf8mb4_unicode_ci,
  `status` int NOT NULL DEFAULT '1',
  `user_id` bigint UNSIGNED NOT NULL,
  `created_at` timestamp NULL DEFAULT NULL,
  `updated_at` timestamp NULL DEFAULT NULL
) ENGINE=InnoDB DEFAULT CHARSET=utf8mb4 COLLATE=utf8mb4_unicode_ci;

--
-- Dumping data for table `holidays`
--

INSERT INTO `holidays` (`id`, `company_id`, `name`, `date`, `include_status`, `bonous_type`, `bonous_amount`, `note`, `status`, `user_id`, `created_at`, `updated_at`) VALUES
(1, 7, 'EId', '2025-04-28', '1', 'Percentage', '5.00', NULL, 1, 8, '2025-04-28 01:49:17', '2025-04-28 01:49:17'),
(2, 6, 'Quynn Albert', '1995-06-02', '0', NULL, NULL, 'Minim mollit natus s', 1, 7, '2025-05-06 04:36:51', '2025-05-06 04:36:51'),
(3, 6, 'Emi Davenport', '2008-03-18', '0', NULL, NULL, 'Non quasi nobis quod', 1, 7, '2025-05-06 04:36:59', '2025-05-06 04:36:59');

-- --------------------------------------------------------

--
-- Table structure for table `hotspots`
--

CREATE TABLE `hotspots` (
  `id` bigint UNSIGNED NOT NULL,
  `company_id` bigint UNSIGNED NOT NULL,
  `branch_id` bigint UNSIGNED NOT NULL,
  `mikrotik_device_id` bigint UNSIGNED NOT NULL,
  `username` varchar(255) COLLATE utf8mb4_unicode_ci NOT NULL,
  `password` varchar(255) COLLATE utf8mb4_unicode_ci NOT NULL,
  `profile` varchar(255) COLLATE utf8mb4_unicode_ci NOT NULL DEFAULT 'default',
  `status` varchar(255) COLLATE utf8mb4_unicode_ci NOT NULL DEFAULT '1',
  `user_id` bigint UNSIGNED NOT NULL,
  `created_at` timestamp NULL DEFAULT NULL,
  `updated_at` timestamp NULL DEFAULT NULL
) ENGINE=InnoDB DEFAULT CHARSET=utf8mb4 COLLATE=utf8mb4_unicode_ci;

-- --------------------------------------------------------

--
-- Table structure for table `jobs`
--

CREATE TABLE `jobs` (
  `id` bigint UNSIGNED NOT NULL,
  `queue` varchar(255) CHARACTER SET utf8mb4 COLLATE utf8mb4_unicode_ci NOT NULL,
  `payload` longtext CHARACTER SET utf8mb4 COLLATE utf8mb4_unicode_ci NOT NULL,
  `attempts` tinyint UNSIGNED NOT NULL,
  `reserved_at` int UNSIGNED DEFAULT NULL,
  `available_at` int UNSIGNED NOT NULL,
  `created_at` int UNSIGNED NOT NULL
) ENGINE=InnoDB DEFAULT CHARSET=utf8mb4 COLLATE=utf8mb4_unicode_ci;

-- --------------------------------------------------------

--
-- Table structure for table `job_batches`
--

CREATE TABLE `job_batches` (
  `id` varchar(255) CHARACTER SET utf8mb4 COLLATE utf8mb4_unicode_ci NOT NULL,
  `name` varchar(255) CHARACTER SET utf8mb4 COLLATE utf8mb4_unicode_ci NOT NULL,
  `total_jobs` int NOT NULL,
  `pending_jobs` int NOT NULL,
  `failed_jobs` int NOT NULL,
  `failed_job_ids` longtext CHARACTER SET utf8mb4 COLLATE utf8mb4_unicode_ci NOT NULL,
  `options` mediumtext CHARACTER SET utf8mb4 COLLATE utf8mb4_unicode_ci,
  `cancelled_at` int DEFAULT NULL,
  `created_at` int NOT NULL,
  `finished_at` int DEFAULT NULL
) ENGINE=InnoDB DEFAULT CHARSET=utf8mb4 COLLATE=utf8mb4_unicode_ci;

-- --------------------------------------------------------

--
-- Table structure for table `job_categories`
--

CREATE TABLE `job_categories` (
  `id` bigint UNSIGNED NOT NULL,
  `name` varchar(255) COLLATE utf8mb4_unicode_ci NOT NULL,
  `note` text COLLATE utf8mb4_unicode_ci,
  `status` int NOT NULL DEFAULT '1',
  `process_category_id` bigint UNSIGNED NOT NULL,
  `company_id` bigint UNSIGNED NOT NULL,
  `user_id` bigint UNSIGNED NOT NULL,
  `created_at` timestamp NULL DEFAULT NULL,
  `updated_at` timestamp NULL DEFAULT NULL
) ENGINE=InnoDB DEFAULT CHARSET=utf8mb4 COLLATE=utf8mb4_unicode_ci;

--
-- Dumping data for table `job_categories`
--

INSERT INTO `job_categories` (`id`, `name`, `note`, `status`, `process_category_id`, `company_id`, `user_id`, `created_at`, `updated_at`) VALUES
(2, 'Hospital', NULL, 1, 3, 7, 8, '2025-05-27 02:02:05', '2025-05-27 02:03:19'),
(3, 'Restaurant', NULL, 1, 3, 7, 8, '2025-05-27 02:03:45', '2025-05-27 02:03:45'),
(4, 'Resident Hotel', NULL, 1, 3, 7, 8, '2025-05-27 02:04:48', '2025-05-27 02:04:48'),
(5, 'Indoor', NULL, 1, 3, 7, 8, '2025-05-27 02:05:20', '2025-05-27 02:05:20'),
(6, 'Outdoor', NULL, 1, 3, 7, 8, '2025-05-27 11:41:18', '2025-05-27 11:41:18'),
(7, 'factory', NULL, 1, 3, 7, 8, '2025-05-27 11:42:44', '2025-05-27 11:42:44'),
(8, 'Automobile', NULL, 1, 3, 7, 8, '2025-05-27 11:44:59', '2025-05-27 12:03:24'),
(9, 'Company', NULL, 1, 3, 7, 8, '2025-05-27 12:01:33', '2025-05-27 12:04:05'),
(10, 'House', NULL, 1, 4, 7, 8, '2025-05-27 12:02:02', '2025-05-27 12:04:36'),
(12, 'Market', NULL, 1, 3, 7, 8, '2025-05-28 11:23:53', '2025-05-28 11:23:53'),
(13, 'Constraction', NULL, 1, 3, 7, 8, '2025-05-28 11:25:30', '2025-05-28 11:25:30');

-- --------------------------------------------------------

--
-- Table structure for table `job_lists`
--

CREATE TABLE `job_lists` (
  `id` bigint UNSIGNED NOT NULL,
  `name` varchar(255) COLLATE utf8mb4_unicode_ci NOT NULL,
  `note` text COLLATE utf8mb4_unicode_ci,
  `job_type` varchar(255) COLLATE utf8mb4_unicode_ci NOT NULL,
  `status` int NOT NULL DEFAULT '1',
  `job_category_id` bigint UNSIGNED NOT NULL,
  `company_id` bigint UNSIGNED NOT NULL,
  `user_id` bigint UNSIGNED NOT NULL,
  `created_at` timestamp NULL DEFAULT NULL,
  `updated_at` timestamp NULL DEFAULT NULL
) ENGINE=InnoDB DEFAULT CHARSET=utf8mb4 COLLATE=utf8mb4_unicode_ci;

--
-- Dumping data for table `job_lists`
--

INSERT INTO `job_lists` (`id`, `name`, `note`, `job_type`, `status`, `job_category_id`, `company_id`, `user_id`, `created_at`, `updated_at`) VALUES
(1, 'Cleaner', 'test', 'paid', 1, 2, 7, 8, '2025-05-28 00:21:28', '2025-05-28 11:20:53'),
(2, 'Cleaner', NULL, 'paid', 1, 5, 7, 8, '2025-05-28 11:20:18', '2025-05-28 11:20:18');

-- --------------------------------------------------------

--
-- Table structure for table `mac_addresses`
--

CREATE TABLE `mac_addresses` (
  `id` bigint UNSIGNED NOT NULL,
  `company_id` bigint UNSIGNED NOT NULL,
  `branch_id` bigint UNSIGNED NOT NULL,
  `mikrotik_device_id` bigint UNSIGNED NOT NULL,
  `mac_address` varchar(255) COLLATE utf8mb4_unicode_ci DEFAULT NULL,
  `ip_address` varchar(255) COLLATE utf8mb4_unicode_ci DEFAULT NULL,
  `type` varchar(255) COLLATE utf8mb4_unicode_ci NOT NULL DEFAULT 'bypassed',
  `status` varchar(255) COLLATE utf8mb4_unicode_ci NOT NULL DEFAULT '1',
  `user_id` bigint UNSIGNED NOT NULL,
  `created_at` timestamp NULL DEFAULT NULL,
  `updated_at` timestamp NULL DEFAULT NULL
) ENGINE=InnoDB DEFAULT CHARSET=utf8mb4 COLLATE=utf8mb4_unicode_ci;

-- --------------------------------------------------------

--
-- Table structure for table `migrations`
--

CREATE TABLE `migrations` (
  `id` int UNSIGNED NOT NULL,
  `migration` varchar(255) CHARACTER SET utf8mb4 COLLATE utf8mb4_unicode_ci NOT NULL,
  `batch` int NOT NULL
) ENGINE=InnoDB DEFAULT CHARSET=utf8mb4 COLLATE=utf8mb4_unicode_ci;

--
-- Dumping data for table `migrations`
--

INSERT INTO `migrations` (`id`, `migration`, `batch`) VALUES
(1, '0001_01_01_000000_create_users_table', 1),
(2, '0001_01_01_000001_create_cache_table', 1),
(3, '0001_01_01_000002_create_jobs_table', 1),
(9, '2025_03_17_171032_create_companies_table', 2),
(10, '2025_03_17_180208_add_company_id_users_table', 2),
(12, '2025_03_21_090451_add_role_to_users_table', 3),
(16, '2025_03_23_070956_create_hazz_umrahs_table', 4),
(28, '2025_03_28_074109_add_flight_date_to_hazz_umrahs', 5),
(29, '2025_03_29_142732_create_air_ticket_files_table', 5),
(30, '2025_03_29_142735_create_air_tickets_table', 5),
(32, '2025_03_29_153209_add_is_active_to_users', 6),
(38, '2025_04_05_044146_create_continents_table', 7),
(39, '2025_04_05_044156_create_countries_table', 7),
(40, '2025_04_05_051549_create_divisions_table', 7),
(41, '2025_04_05_053103_create_districts_table', 7),
(42, '2025_04_05_054305_create_thanas_table', 7),
(43, '2025_04_09_055409_create_work_permits_table', 8),
(44, '2025_04_13_041103_create_post_offices_table', 9),
(45, '2025_04_13_065610_create_states_table', 10),
(46, '2025_04_14_042313_create_currencies_table', 11),
(49, '2025_04_15_155034_create_branches_table', 12),
(52, '2025_04_20_123543_create_departments_table', 13),
(53, '2025_04_22_065358_create_designations_table', 14),
(54, '2025_04_23_053331_create_permission_tables', 15),
(55, '2025_04_23_062747_add_code_to_roles_table', 16),
(56, '2025_04_24_053147_create_rosters_table', 17),
(59, '2025_04_26_040920_create_holidays_table', 18),
(60, '2025_04_28_063209_create_employees_table', 18),
(64, '2025_04_30_043720_create_routers_table', 19),
(65, '2025_04_30_043751_create_bindings_table', 19),
(66, '2025_04_30_043805_create_hotspots_table', 19),
(67, '2025_05_10_045119_add_add_finger_to_employees_table', 20),
(73, '2025_05_11_074613_create_agents_table', 21),
(75, '2025_05_14_050205_create_mikrotik_devices_table', 22),
(77, '2025_05_15_060410_create_hotspots_table', 23),
(80, '2025_05_18_075604_create_mac_addresses_table', 24),
(81, '2025_05_22_074833_create_delegates_table', 25),
(82, '2025_05_24_082058_create_delegate_offices_table', 26),
(84, '2025_05_26_071714_create_candidate_types_table', 27),
(85, '2025_05_27_043003_create_process_categories_table', 28),
(86, '2025_05_27_061403_create_job_categories_table', 29),
(88, '2025_05_28_043238_create_job_lists_table', 30),
(90, '2025_05_28_065953_create_process_steps_table', 31),
(91, '2025_05_31_070825_create_process_offices_table', 32),
(93, '2025_06_02_084645_create_asign_job_to_offices_table', 33),
(95, '2025_06_03_070140_create_airline_offices_table', 34);

-- --------------------------------------------------------

--
-- Table structure for table `mikrotik_devices`
--

CREATE TABLE `mikrotik_devices` (
  `id` bigint UNSIGNED NOT NULL,
  `company_id` bigint UNSIGNED NOT NULL,
  `branch_id` bigint UNSIGNED NOT NULL,
  `host` varchar(255) COLLATE utf8mb4_unicode_ci NOT NULL,
  `user` varchar(255) COLLATE utf8mb4_unicode_ci NOT NULL,
  `password` varchar(255) COLLATE utf8mb4_unicode_ci NOT NULL,
  `port` int NOT NULL DEFAULT '8728',
  `status` int NOT NULL DEFAULT '1',
  `user_id` bigint UNSIGNED NOT NULL,
  `created_at` timestamp NULL DEFAULT NULL,
  `updated_at` timestamp NULL DEFAULT NULL
) ENGINE=InnoDB DEFAULT CHARSET=utf8mb4 COLLATE=utf8mb4_unicode_ci;

--
-- Dumping data for table `mikrotik_devices`
--

INSERT INTO `mikrotik_devices` (`id`, `company_id`, `branch_id`, `host`, `user`, `password`, `port`, `status`, `user_id`, `created_at`, `updated_at`) VALUES
(15, 7, 1, '103.29.61.29', 'api', '123@', 8730, 2, 8, '2025-05-27 02:53:09', '2025-05-27 02:58:02'),
(16, 6, 2, '103.54.39.90', 'software', 'software@#', 8730, 2, 8, '2025-05-27 02:54:06', '2025-05-27 04:31:00'),
(17, 7, 6, '203.96.226.154', 'home_api', '123@', 8730, 2, 7, '2025-05-27 03:44:51', '2025-05-27 03:45:34'),
(18, 6, 9, '103.239.253.106', 'ibrahim', '54325432', 8730, 2, 1, '2025-05-27 09:13:31', '2025-05-27 09:14:20');

-- --------------------------------------------------------

--
-- Table structure for table `model_has_permissions`
--

CREATE TABLE `model_has_permissions` (
  `permission_id` bigint UNSIGNED NOT NULL,
  `model_type` varchar(255) COLLATE utf8mb4_unicode_ci NOT NULL,
  `model_id` bigint UNSIGNED NOT NULL
) ENGINE=InnoDB DEFAULT CHARSET=utf8mb4 COLLATE=utf8mb4_unicode_ci;

-- --------------------------------------------------------

--
-- Table structure for table `model_has_roles`
--

CREATE TABLE `model_has_roles` (
  `role_id` bigint UNSIGNED NOT NULL,
  `model_type` varchar(255) COLLATE utf8mb4_unicode_ci NOT NULL,
  `model_id` bigint UNSIGNED NOT NULL
) ENGINE=InnoDB DEFAULT CHARSET=utf8mb4 COLLATE=utf8mb4_unicode_ci;

-- --------------------------------------------------------

--
-- Table structure for table `password_reset_tokens`
--

CREATE TABLE `password_reset_tokens` (
  `email` varchar(255) CHARACTER SET utf8mb4 COLLATE utf8mb4_unicode_ci NOT NULL,
  `token` varchar(255) CHARACTER SET utf8mb4 COLLATE utf8mb4_unicode_ci NOT NULL,
  `created_at` timestamp NULL DEFAULT NULL
) ENGINE=InnoDB DEFAULT CHARSET=utf8mb4 COLLATE=utf8mb4_unicode_ci;

-- --------------------------------------------------------

--
-- Table structure for table `permissions`
--

CREATE TABLE `permissions` (
  `id` bigint UNSIGNED NOT NULL,
  `name` varchar(255) COLLATE utf8mb4_unicode_ci NOT NULL,
  `guard_name` varchar(255) COLLATE utf8mb4_unicode_ci NOT NULL,
  `created_at` timestamp NULL DEFAULT NULL,
  `updated_at` timestamp NULL DEFAULT NULL
) ENGINE=InnoDB DEFAULT CHARSET=utf8mb4 COLLATE=utf8mb4_unicode_ci;

--
-- Dumping data for table `permissions`
--

INSERT INTO `permissions` (`id`, `name`, `guard_name`, `created_at`, `updated_at`) VALUES
(1, 'Edit', 'web', '2025-04-23 02:08:29', '2025-04-23 02:08:29'),
(2, 'Insert', 'web', '2025-04-23 02:08:46', '2025-04-23 02:08:46'),
(3, 'Update', 'web', '2025-04-23 02:08:55', '2025-04-23 02:08:55'),
(4, 'Delete', 'web', '2025-04-23 02:09:01', '2025-04-23 02:09:01');

-- --------------------------------------------------------

--
-- Table structure for table `post_offices`
--

CREATE TABLE `post_offices` (
  `id` bigint UNSIGNED NOT NULL,
  `district_id` bigint UNSIGNED NOT NULL,
  `name` varchar(255) COLLATE utf8mb4_unicode_ci NOT NULL COMMENT 'Post Name',
  `code` varchar(255) COLLATE utf8mb4_unicode_ci NOT NULL COMMENT 'Post Code',
  `status` enum('Active','Inactive') COLLATE utf8mb4_unicode_ci NOT NULL DEFAULT 'Active',
  `user_id` bigint UNSIGNED NOT NULL,
  `created_at` timestamp NULL DEFAULT NULL,
  `updated_at` timestamp NULL DEFAULT NULL
) ENGINE=InnoDB DEFAULT CHARSET=utf8mb4 COLLATE=utf8mb4_unicode_ci;

--
-- Dumping data for table `post_offices`
--

INSERT INTO `post_offices` (`id`, `district_id`, `name`, `code`, `status`, `user_id`, `created_at`, `updated_at`) VALUES
(3, 2, 'Dhaka GPO', '1000', 'Active', 1, '2025-06-04 02:29:44', '2025-06-04 02:29:44'),
(4, 2, 'Dhaka Sadar', '1100', 'Active', 1, '2025-06-04 02:30:12', '2025-06-04 02:32:18'),
(5, 2, 'Wari', '1203', 'Active', 1, '2025-06-04 02:30:47', '2025-06-04 02:32:07'),
(6, 2, 'Gandaria', '1204', 'Active', 1, '2025-06-04 02:31:58', '2025-06-04 02:31:58'),
(7, 2, 'New Market', '1205', 'Active', 1, '2025-06-04 02:32:40', '2025-06-04 02:32:40'),
(8, 2, 'Dhaka Cen. ft', '1206', 'Active', 1, '2025-06-04 02:33:25', '2025-06-04 02:33:25'),
(9, 2, 'Mohammadpur Housing Estate', '1207', 'Active', 1, '2025-06-04 02:33:59', '2025-06-04 02:33:59'),
(10, 2, 'Dhaka Politechnique Institute', '1208', 'Active', 1, '2025-06-04 02:36:02', '2025-06-04 02:36:02'),
(11, 2, 'Jigatola', '1209', 'Active', 1, '2025-06-04 02:36:42', '2025-06-04 02:36:42'),
(12, 2, 'Posta', '1211', 'Active', 1, '2025-06-04 02:36:58', '2025-06-04 02:36:58'),
(13, 2, 'Gulshan', '1212', 'Active', 1, '2025-06-04 02:37:24', '2025-06-04 02:37:24'),
(14, 2, 'Banani', '1213', 'Active', 1, '2025-06-04 02:37:45', '2025-06-04 02:37:45'),
(15, 2, 'Bashabo', '1214', 'Active', 1, '2025-06-04 02:38:07', '2025-06-04 02:38:07'),
(16, 2, 'Tejgaon', '1215', 'Active', 1, '2025-06-04 02:38:50', '2025-06-04 02:38:50'),
(17, 2, 'Mirpur', '1216', 'Active', 1, '2025-06-04 02:39:20', '2025-06-04 03:08:23'),
(18, 2, 'Shantinagar', '1217', 'Active', 1, '2025-06-04 02:39:57', '2025-06-04 02:39:57'),
(19, 2, 'Banani', '1219', 'Active', 1, '2025-06-04 02:40:20', '2025-06-04 02:40:20'),
(20, 2, 'Bangabhaban', '1222', 'Active', 1, '2025-06-04 02:40:50', '2025-06-04 02:40:50'),
(21, 2, 'Dilkusha', '1223', 'Active', 1, '2025-06-04 02:41:18', '2025-06-04 02:41:18'),
(22, 2, 'Sangshad Bhaban', '1225', 'Active', 1, '2025-06-04 02:41:45', '2025-06-04 02:41:45'),
(23, 2, 'Khilkhet', '1229', 'Active', 1, '2025-06-04 02:42:09', '2025-06-04 02:42:09'),
(24, 2, 'Uttara Model Town', '1230', 'Active', 1, '2025-06-04 02:42:49', '2025-06-04 02:42:49'),
(25, 2, 'Dania', '1236', 'Active', 1, '2025-06-04 02:43:05', '2025-06-04 02:43:05'),
(26, 2, 'Keranigonj', '1310', 'Active', 1, '2025-06-04 02:43:51', '2025-06-04 02:43:51'),
(27, 2, 'Dhaka Jute Mils', '1311', 'Active', 1, '2025-06-04 02:44:18', '2025-06-04 02:44:18'),
(28, 2, 'Ati EDSO', '1312', 'Active', 1, '2025-06-04 02:44:48', '2025-06-04 02:44:48'),
(29, 2, 'Kalatia', '1313', 'Active', 1, '2025-06-04 02:45:09', '2025-06-04 02:45:09'),
(30, 2, 'Nawabgonj', '1320', 'Active', 1, '2025-06-04 02:45:36', '2025-06-04 02:45:36'),
(31, 2, 'Hasnabad', '1321', 'Active', 1, '2025-06-04 02:45:58', '2025-06-04 02:45:58'),
(32, 2, 'Daudpur', '1322', 'Active', 1, '2025-06-04 02:46:18', '2025-06-04 02:46:18'),
(33, 2, 'Agla', '1323', 'Active', 1, '2025-06-04 02:46:45', '2025-06-04 02:46:45'),
(34, 2, 'Khalpur', '1324', 'Active', 1, '2025-06-04 02:47:04', '2025-06-04 02:47:04'),
(35, 2, 'Churan', '1325', 'Active', 1, '2025-06-04 02:47:54', '2025-06-04 02:47:54'),
(36, 2, 'Joypara (Dohar) UPO', '1330', 'Active', 1, '2025-06-04 02:48:14', '2025-06-04 02:48:14'),
(37, 2, 'Palamgonj', '1331', 'Active', 1, '2025-06-04 02:48:36', '2025-06-04 02:48:36'),
(38, 2, 'Narisha', '1332', 'Active', 1, '2025-06-04 02:48:55', '2025-06-04 02:48:55'),
(39, 2, 'Mokshedpur', '1333', 'Active', 1, '2025-06-04 02:49:13', '2025-06-04 02:49:13'),
(40, 2, 'Savar UPO', '1340', 'Active', 1, '2025-06-04 02:49:33', '2025-06-04 02:49:33'),
(41, 2, 'Dairy Firm', '1341', 'Active', 1, '2025-06-04 02:50:10', '2025-06-04 02:50:10'),
(42, 2, 'Jahangir Nagar University', '1342', 'Active', 1, '2025-06-04 02:50:32', '2025-06-04 02:50:32'),
(43, 2, 'Savar PATC', '1343', 'Active', 1, '2025-06-04 02:50:48', '2025-06-04 02:50:48'),
(44, 2, 'Savar Cantonment', '1344', 'Active', 1, '2025-06-04 02:51:34', '2025-06-04 02:51:34'),
(45, 2, 'Shimulia', '1345', 'Active', 1, '2025-06-04 02:51:58', '2025-06-04 02:51:58'),
(46, 2, 'Kashem Cotton Mills', '1346', 'Active', 1, '2025-06-04 02:52:17', '2025-06-04 02:52:17'),
(47, 2, 'Rajfulbaria', '1347', 'Active', 1, '2025-06-04 02:55:48', '2025-06-04 02:55:48'),
(48, 2, 'Amin Bazar', '1348', 'Active', 1, '2025-06-04 02:56:11', '2025-06-04 02:56:11'),
(49, 2, 'EPZ', '1349', 'Active', 1, '2025-06-04 02:56:31', '2025-06-04 02:56:31'),
(50, 2, 'Dhamrai', '1350', 'Active', 1, '2025-06-04 02:56:52', '2025-06-04 02:56:52'),
(51, 2, 'Kalampur', '1351', 'Active', 1, '2025-06-04 02:57:16', '2025-06-04 02:57:16'),
(52, 2, 'Demra', '1360', 'Active', 1, '2025-06-04 02:57:34', '2025-06-04 02:57:34'),
(53, 2, 'Sarulia', '1361', 'Active', 1, '2025-06-04 02:57:57', '2025-06-04 02:57:57'),
(54, 2, 'Kodomtoli', '1362', 'Active', 1, '2025-06-04 02:58:20', '2025-06-04 02:58:20'),
(55, 3, 'Narayangonj', '1400', 'Active', 1, '2025-06-04 03:01:01', '2025-06-04 03:01:01'),
(56, 3, 'Bandar', '1410', 'Active', 1, '2025-06-04 03:01:20', '2025-06-04 03:01:20'),
(57, 3, 'DC Mills', '1411', 'Active', 1, '2025-06-04 03:01:44', '2025-06-04 03:01:44'),
(58, 3, 'Nabigonj', '1412', 'Active', 1, '2025-06-04 03:04:21', '2025-06-04 03:04:21'),
(59, 3, 'BIDC', '1413', 'Active', 1, '2025-06-04 03:06:01', '2025-06-04 03:06:01'),
(60, 3, 'Madangonj', '1414', 'Active', 1, '2025-06-04 03:06:18', '2025-06-04 03:06:18'),
(61, 3, 'Fatulla', '1420', 'Active', 1, '2025-06-04 03:06:38', '2025-06-04 03:06:38'),
(62, 3, 'Fatulla Bazar', '1421', 'Active', 1, '2025-06-04 03:07:16', '2025-06-04 03:07:16'),
(63, 3, 'Siddirgonj Power Station', '1430', 'Active', 1, '2025-06-04 03:07:41', '2025-06-04 03:12:43'),
(64, 3, 'Adamjeenagar', '1431', 'Active', 1, '2025-06-04 03:08:06', '2025-06-04 03:08:06'),
(65, 3, 'LN Mills', '1432', 'Active', 1, '2025-06-04 03:08:59', '2025-06-04 03:08:59'),
(66, 3, 'Sonargaon', '1440', 'Active', 1, '2025-06-04 03:09:33', '2025-06-04 03:09:33'),
(67, 3, 'Bara Nagar', '1441', 'Active', 1, '2025-06-04 03:10:00', '2025-06-04 03:10:00'),
(68, 3, 'Bradi', '1442', 'Active', 1, '2025-06-04 03:10:20', '2025-06-04 03:10:20'),
(69, 3, 'Arhaihazar', '1450', 'Active', 1, '2025-06-04 03:10:57', '2025-06-04 03:10:57'),
(70, 3, 'Gopadi', '1451', 'Active', 1, '2025-06-04 03:11:19', '2025-06-04 03:11:19'),
(71, 3, 'Rupgonj', '1460', 'Active', 1, '2025-06-04 03:11:51', '2025-06-04 03:11:51'),
(72, 3, 'Kanchen', '1461', 'Active', 1, '2025-06-04 03:12:17', '2025-06-04 03:12:17'),
(73, 3, 'Bhulta', '1462', 'Active', 1, '2025-06-04 03:12:31', '2025-06-04 03:12:31'),
(74, 3, 'Nagari', '1463', 'Active', 1, '2025-06-04 03:13:08', '2025-06-04 03:13:08'),
(75, 3, 'Murapara', '1464', 'Active', 1, '2025-06-04 03:13:27', '2025-06-04 03:13:27'),
(76, 4, 'Faridpur', '7800', 'Active', 1, '2025-06-04 03:20:25', '2025-06-04 03:20:25'),
(77, 4, 'Kanaipur', '7801', 'Active', 1, '2025-06-04 03:21:10', '2025-06-04 03:21:10'),
(78, 4, 'Ambicapur', '7802', 'Active', 1, '2025-06-04 03:21:26', '2025-06-04 03:21:26'),
(79, 4, 'Baitul Aman Politechnoque Institute', '7803', 'Active', 1, '2025-06-04 03:21:49', '2025-06-04 03:21:49'),
(80, 4, 'Sree Angan', '7804', 'Active', 1, '2025-06-04 03:22:23', '2025-06-04 03:22:23'),
(81, 4, 'Char Bhadrasan', '7810', 'Active', 1, '2025-06-04 03:22:41', '2025-06-04 03:22:41'),
(82, 4, 'Sadarpur', '7820', 'Active', 1, '2025-06-04 03:23:04', '2025-06-04 03:23:04'),
(83, 4, 'Hatkrishnapur', '7821', 'Active', 1, '2025-06-04 03:23:34', '2025-06-04 03:23:34'),
(84, 4, 'Biswajaker Manjil', '7822', 'Active', 1, '2025-06-04 03:24:06', '2025-06-04 03:24:06'),
(85, 4, 'Bhanga', '7830', 'Active', 1, '2025-06-04 03:24:33', '2025-06-04 03:24:33'),
(86, 4, 'Nagarkanda', '7840', 'Active', 1, '2025-06-04 03:25:03', '2025-06-04 03:25:03'),
(87, 4, 'Talma', '7841', 'Active', 1, '2025-06-04 03:25:27', '2025-06-04 03:25:27'),
(88, 4, 'Madhukhali', '7850', 'Active', 1, '2025-06-04 03:25:45', '2025-06-04 03:25:45'),
(89, 4, 'Kamarkhali', '7851', 'Active', 1, '2025-06-04 03:26:20', '2025-06-04 03:26:20'),
(90, 4, 'Boalmari', '7860', 'Active', 1, '2025-06-04 03:26:46', '2025-06-04 03:26:46'),
(91, 4, 'Rupapat', '7861', 'Active', 1, '2025-06-04 03:27:10', '2025-06-04 03:27:10'),
(92, 4, 'Alfadanga', '7870', 'Active', 1, '2025-06-04 03:27:36', '2025-06-04 03:27:36'),
(93, 5, 'Madaripur', '7900', 'Active', 1, '2025-06-04 04:08:53', '2025-06-04 04:08:53'),
(94, 5, 'Charmugria', '7901', 'Active', 1, '2025-06-04 04:09:15', '2025-06-04 04:09:15'),
(95, 5, 'Kulpaddi', '7902', 'Active', 1, '2025-06-04 04:10:42', '2025-06-04 04:10:42'),
(96, 5, 'Habigonj', '7903', 'Active', 1, '2025-06-04 04:11:20', '2025-06-04 04:11:20'),
(97, 5, 'Mustafapur', '7904', 'Active', 1, '2025-06-04 04:12:04', '2025-06-04 04:12:04'),
(98, 5, 'Rajair', '7910', 'Active', 1, '2025-06-04 04:12:27', '2025-06-04 04:12:27'),
(99, 5, 'Khalia', '7911', 'Active', 1, '2025-06-04 04:12:48', '2025-06-04 04:12:48'),
(100, 5, 'Kalkini', '7920', 'Active', 1, '2025-06-04 04:13:12', '2025-06-04 04:13:12'),
(101, 5, 'Saheb Rampur', '7921', 'Active', 1, '2025-06-04 04:13:33', '2025-06-04 04:13:33'),
(102, 5, 'Barahamgonj (Shibchar)', '7930', 'Active', 1, '2025-06-04 04:14:17', '2025-06-04 04:14:17'),
(103, 5, 'Nilakashmi Bandar', '7931', 'Active', 1, '2025-06-04 04:15:29', '2025-06-04 04:15:29'),
(104, 5, 'Bahadurpur', '7932', 'Active', 1, '2025-06-04 04:15:51', '2025-06-04 04:15:51'),
(105, 5, 'Umedpur', '7933', 'Active', 1, '2025-06-04 04:16:09', '2025-06-04 04:16:09'),
(106, 6, 'Munshigonj Sadar', '1500', 'Active', 1, '2025-06-04 04:16:53', '2025-06-04 04:16:53'),
(107, 6, 'Rekabi Bazar', '1501', 'Active', 1, '2025-06-04 04:17:15', '2025-06-04 04:17:15'),
(108, 6, 'Mirkadim', '1502', 'Active', 1, '2025-06-04 04:17:32', '2025-06-04 04:17:32'),
(109, 6, 'Khatakhali', '1503', 'Active', 1, '2025-06-04 04:17:51', '2025-06-04 04:17:51'),
(110, 6, 'Gazaria', '1510', 'Active', 1, '2025-06-04 04:18:14', '2025-06-04 04:18:14'),
(111, 6, 'Hosaindi', '1511', 'Active', 1, '2025-06-04 04:18:33', '2025-06-04 04:18:33'),
(112, 6, 'Rasulpur', '1512', 'Active', 1, '2025-06-04 04:18:50', '2025-06-04 04:18:50'),
(113, 6, 'Tongibari', '1520', 'Active', 1, '2025-06-04 04:19:07', '2025-06-04 04:19:07'),
(114, 6, 'Betkahat', '1521', 'Active', 1, '2025-06-04 04:19:37', '2025-06-04 04:19:37'),
(115, 6, 'Baligaon', '1522', 'Active', 1, '2025-06-04 04:19:55', '2025-06-04 04:19:55'),
(116, 6, 'Bazragugini', '1523', 'Active', 1, '2025-06-04 04:20:12', '2025-06-04 04:20:12'),
(117, 6, 'Hasail', '1524', 'Active', 1, '2025-06-04 04:20:53', '2025-06-04 04:20:53'),
(118, 6, 'Digarpar', '1525', 'Active', 1, '2025-06-04 04:21:11', '2025-06-04 04:21:11'),
(119, 6, 'Pura', '1527', 'Active', 1, '2025-06-04 04:21:30', '2025-06-04 04:21:30'),
(120, 6, 'Louhajong', '1530', 'Active', 1, '2025-06-04 04:21:45', '2025-06-04 04:21:45'),
(121, 6, 'Korhati', '1531', 'Active', 1, '2025-06-04 04:22:07', '2025-06-04 04:22:07'),
(122, 6, 'Haldia', '1533', 'Active', 1, '2025-06-04 04:22:31', '2025-06-04 04:22:31'),
(123, 6, 'Haridia', '1533', 'Active', 1, '2025-06-04 04:22:47', '2025-06-04 04:22:47'),
(124, 6, 'Gourgonj', '1534', 'Active', 1, '2025-06-04 04:23:20', '2025-06-04 04:23:20'),
(125, 6, 'Medini Mandal', '1535', 'Active', 1, '2025-06-04 04:23:39', '2025-06-04 04:23:39'),
(126, 6, 'Serajdi Khan', '1540', 'Active', 1, '2025-06-04 04:23:59', '2025-06-04 04:23:59'),
(127, 6, 'Kola', '1541', 'Active', 1, '2025-06-04 04:24:15', '2025-06-04 04:24:15'),
(128, 6, 'Ichapur', '1542', 'Active', 1, '2025-06-04 04:24:40', '2025-06-04 04:24:40'),
(129, 6, 'Malkhanagar', '1543', 'Active', 1, '2025-06-04 04:25:07', '2025-06-04 04:25:07'),
(130, 6, 'Shekher Nagar', '1544', 'Active', 1, '2025-06-04 04:25:32', '2025-06-04 04:25:32'),
(131, 6, 'Sreenagar', '1550', 'Active', 1, '2025-06-04 04:25:51', '2025-06-04 04:25:51'),
(132, 6, 'Barikhal', '1551', 'Active', 1, '2025-06-04 04:26:07', '2025-06-04 04:26:07'),
(133, 6, 'Majpara', '1552', 'Active', 1, '2025-06-04 04:26:21', '2025-06-04 04:26:21'),
(134, 6, 'Hashara', '1553', 'Active', 1, '2025-06-04 04:26:39', '2025-06-04 04:26:39'),
(135, 6, 'Kolapara Bazar', '1554', 'Active', 1, '2025-06-04 04:26:58', '2025-06-04 04:26:58'),
(136, 6, 'Kumarbhog', '1555', 'Active', 1, '2025-06-04 04:27:21', '2025-06-04 04:27:21'),
(137, 6, 'Bhaigyakul', '1556', 'Active', 1, '2025-06-04 04:27:43', '2025-06-04 04:27:43'),
(138, 6, 'Bhagra', '1557', 'Active', 1, '2025-06-04 04:27:59', '2025-06-04 04:27:59'),
(139, 7, 'Gopalgonj Sadar', '8100', 'Active', 1, '2025-06-04 04:29:32', '2025-06-04 04:29:32'),
(140, 7, 'Ulpur', '8101', 'Active', 1, '2025-06-04 04:29:51', '2025-06-04 04:29:51'),
(141, 7, 'Barfa', '8102', 'Active', 1, '2025-06-04 04:30:10', '2025-06-04 04:30:10'),
(142, 7, 'Kotalipara', '8110', 'Active', 1, '2025-06-04 04:30:36', '2025-06-04 04:30:36'),
(143, 7, 'Tongipara', '8120', 'Active', 1, '2025-06-04 04:30:56', '2025-06-04 04:30:56'),
(144, 7, 'Patgati', '8121', 'Active', 1, '2025-06-04 04:31:42', '2025-06-04 04:31:42'),
(145, 7, 'Kasiani', '8130', 'Active', 1, '2025-06-04 04:31:57', '2025-06-04 04:31:57'),
(146, 7, 'Ramdia College', '8131', 'Active', 1, '2025-06-04 04:32:17', '2025-06-04 04:32:17'),
(147, 7, 'Ratail', '8132', 'Active', 1, '2025-06-04 04:32:47', '2025-06-04 04:32:47'),
(148, 7, 'Jonapur', '8133', 'Active', 1, '2025-06-04 04:33:04', '2025-06-04 04:33:04'),
(149, 7, 'Maksudpur', '8140', 'Active', 1, '2025-06-04 04:33:24', '2025-06-04 04:33:24'),
(150, 7, 'Batkiamari', '8141', 'Active', 1, '2025-06-04 04:34:37', '2025-06-04 04:34:37'),
(151, 7, 'Khanderpara', '8142', 'Active', 1, '2025-06-04 04:34:56', '2025-06-04 04:34:56'),
(152, 8, 'Chattogram Sadar', '4000', 'Active', 1, '2025-06-04 04:37:14', '2025-06-04 04:37:14'),
(153, 8, 'Chattogram', '4100', 'Active', 1, '2025-06-04 04:38:05', '2025-06-04 04:38:05'),
(154, 8, 'Pahartali', '4202', 'Active', 1, '2025-06-04 04:38:31', '2025-06-04 04:38:31'),
(155, 8, 'Chackbazar', '4203', 'Active', 1, '2025-06-04 04:39:41', '2025-06-04 04:39:41'),
(156, 8, 'Patenga', '4204', 'Active', 1, '2025-06-04 04:40:06', '2025-06-04 04:40:06'),
(157, 8, 'Chattogram Airport', '4205', 'Active', 1, '2025-06-04 04:40:59', '2025-06-04 04:40:59'),
(158, 8, 'Jaldia Marine Academy', '4206', 'Active', 1, '2025-06-04 04:43:06', '2025-06-04 04:43:06'),
(159, 8, 'Ferozsha Colony', '4207', 'Active', 1, '2025-06-04 04:43:28', '2025-06-04 04:43:28'),
(160, 8, 'Mohra', '4208', 'Active', 1, '2025-06-04 04:44:19', '2025-06-04 04:44:19'),
(161, 8, 'Chattogram Politechnique Institute', '4209', 'Active', 1, '2025-06-04 04:44:38', '2025-06-04 04:44:38'),
(162, 8, 'Bayzid Bostami', '4210', 'Active', 1, '2025-06-04 04:45:55', '2025-06-04 04:45:55'),
(163, 8, 'Amin Jute Mills', '4211', 'Active', 1, '2025-06-04 04:46:18', '2025-06-04 04:46:18'),
(164, 8, 'Chandgaon', '4212', 'Active', 1, '2025-06-04 04:46:49', '2025-06-04 04:46:49'),
(165, 8, 'Wazedia Madrasa', '4213', 'Active', 1, '2025-06-04 04:47:23', '2025-06-04 04:47:23'),
(166, 8, 'Jalalbad', '4214', 'Active', 1, '2025-06-04 04:49:33', '2025-06-04 04:49:33'),
(167, 8, 'Anando Bazar', '4215', 'Active', 1, '2025-06-04 04:50:01', '2025-06-04 04:50:01'),
(168, 8, 'Halishar Housing Estate', '4216', 'Active', 1, '2025-06-04 04:50:26', '2025-06-04 04:50:26'),
(169, 8, 'North Kottoli', '4217', 'Active', 1, '2025-06-04 04:50:47', '2025-06-04 04:50:47'),
(170, 8, 'Chattogram Sailors Colony', '4218', 'Active', 1, '2025-06-04 04:51:13', '2025-06-04 04:51:13'),
(171, 8, 'Chattogram Custom Academy', '4219', 'Active', 1, '2025-06-04 04:51:29', '2025-06-04 04:51:29'),
(172, 8, 'Chattogram Cantonment', '4220', 'Active', 1, '2025-06-04 04:51:50', '2025-06-04 04:51:50'),
(173, 8, 'Al-Amin Baria Madrasa', '4221', 'Active', 1, '2025-06-04 04:52:10', '2025-06-04 04:52:10'),
(174, 8, 'Middle Patenga Chowdhuripara', '4222', 'Active', 1, '2025-06-04 04:52:27', '2025-06-04 04:52:27'),
(175, 8, 'Export Processing Zone', '4223', 'Active', 1, '2025-06-04 04:52:52', '2025-06-04 04:52:52'),
(176, 8, 'Rampur', '4224', 'Active', 1, '2025-06-04 04:53:10', '2025-06-04 04:53:10'),
(177, 8, 'Zakir Hossain Road', '4225', 'Active', 1, '2025-06-04 04:53:36', '2025-06-04 04:53:36'),
(178, 8, 'Uttar Halishar', '4226', 'Active', 1, '2025-06-04 04:53:53', '2025-06-04 04:53:53'),
(179, 8, 'Sitakundu', '4310', 'Active', 1, '2025-06-04 04:54:46', '2025-06-04 04:54:46'),
(180, 8, 'Baraiadala', '4311', 'Active', 1, '2025-06-04 04:55:05', '2025-06-04 04:55:05'),
(181, 8, 'Barabkunda', '4312', 'Active', 1, '2025-06-04 04:55:37', '2025-06-04 04:55:37'),
(182, 8, 'Bashbaria', '4313', 'Active', 1, '2025-06-04 04:55:51', '2025-06-04 04:55:51'),
(183, 8, 'Kumira', '4314', 'Active', 1, '2025-06-04 04:56:10', '2025-06-04 04:56:10'),
(184, 8, 'Bhatiari', '4315', 'Active', 1, '2025-06-04 04:56:35', '2025-06-04 04:56:35'),
(185, 8, 'Fouzderhat Cadet College', '4316', 'Active', 1, '2025-06-04 04:56:51', '2025-06-04 04:56:51'),
(186, 8, 'Zafrabad', '4317', 'Active', 1, '2025-06-04 04:57:10', '2025-06-04 04:57:10'),
(187, 8, 'IIUC', '4318', 'Active', 1, '2025-06-04 04:57:29', '2025-06-04 04:57:29'),
(188, 8, 'Mireshwarai', '4320', 'Active', 1, '2025-06-04 04:57:46', '2025-06-04 04:57:46'),
(189, 8, 'Abutorab', '4321', 'Active', 1, '2025-06-04 04:58:15', '2025-06-04 04:58:15'),
(190, 8, 'Darogahat', '4322', 'Active', 1, '2025-06-04 04:58:32', '2025-06-04 04:58:32'),
(191, 8, 'Bharadazhat', '4323', 'Active', 1, '2025-06-04 04:58:51', '2025-06-04 04:58:51'),
(192, 8, 'Joraganj', '4324', 'Active', 1, '2025-06-04 04:59:41', '2025-06-04 04:59:41'),
(193, 8, 'Azampur', '4325', 'Active', 1, '2025-06-04 05:00:01', '2025-06-04 05:00:01'),
(194, 8, 'Mahajanhat', '4326', 'Active', 1, '2025-06-04 05:00:20', '2025-06-04 05:00:20'),
(195, 8, 'Karehat', '4327', 'Active', 1, '2025-06-04 05:00:38', '2025-06-04 05:00:38'),
(196, 8, 'Sandwip', '4300', 'Active', 1, '2025-06-04 05:01:08', '2025-06-04 05:01:08'),
(197, 8, 'Shiberhat', '4301', 'Active', 1, '2025-06-04 05:01:56', '2025-06-04 05:01:56'),
(198, 8, 'Urirchar', '4302', 'Active', 1, '2025-06-04 05:02:13', '2025-06-04 05:02:13'),
(199, 8, 'Hathazari', '4330', 'Active', 1, '2025-06-04 05:03:55', '2025-06-04 05:03:55'),
(200, 8, 'Chattogram University', '4331', 'Active', 1, '2025-06-04 05:04:18', '2025-06-04 05:04:18'),
(201, 8, 'Ghar Duara', '4332', 'Active', 1, '2025-06-04 05:04:42', '2025-06-04 05:04:42'),
(202, 8, 'Katirhat', '4333', 'Active', 1, '2025-06-04 05:05:38', '2025-06-04 05:05:38'),
(203, 8, 'Mirzapur', '4334', 'Active', 1, '2025-06-04 05:06:01', '2025-06-04 05:06:01'),
(204, 8, 'Fatehabad', '4335', 'Active', 1, '2025-06-04 05:06:19', '2025-06-04 05:06:19'),
(205, 8, 'Madrasa', '4336', 'Active', 1, '2025-06-04 05:06:38', '2025-06-04 05:06:38'),
(206, 8, 'Nuralibari', '4337', 'Active', 1, '2025-06-04 05:07:05', '2025-06-04 05:07:05'),
(207, 8, 'Yunus Nagar', '4338', 'Active', 1, '2025-06-04 05:07:25', '2025-06-04 05:07:25'),
(208, 8, 'Raozan', '4340', 'Active', 1, '2025-06-04 05:07:52', '2025-06-04 05:07:52'),
(209, 8, 'Kundeswary Bhavan', '4342', 'Active', 1, '2025-06-04 05:08:40', '2025-06-04 05:08:40'),
(210, 8, 'Ghahira', '4343', 'Active', 1, '2025-06-04 05:28:01', '2025-06-04 05:28:01'),
(211, 8, 'Jagannath', '4344', 'Active', 1, '2025-06-04 05:30:32', '2025-06-04 05:30:32'),
(212, 8, 'Fatehpur', '4345', 'Active', 1, '2025-06-04 05:31:04', '2025-06-04 05:31:04'),
(213, 8, 'Gujra', '4346', 'Active', 1, '2025-06-04 05:31:28', '2025-06-04 05:31:28'),
(214, 8, 'Dewanpur', '4347', 'Active', 1, '2025-06-04 05:31:48', '2025-06-04 05:31:48'),
(215, 8, 'Mahamoni', '4348', 'Active', 1, '2025-06-04 05:33:44', '2025-06-04 05:33:44'),
(216, 8, 'BITSO Chattogram', '4349', 'Active', 1, '2025-06-04 05:34:01', '2025-06-04 05:34:01'),
(217, 8, 'Fatikchari', '4350', 'Active', 1, '2025-06-04 05:34:18', '2025-06-04 05:34:18'),
(218, 8, 'Nanupur', '4351', 'Active', 1, '2025-06-04 05:34:44', '2025-06-04 05:34:44'),
(219, 8, 'Bhander Sharif', '4352', 'Active', 1, '2025-06-04 05:35:03', '2025-06-04 05:35:03'),
(220, 8, 'Nazirhat', '4353', 'Active', 1, '2025-06-04 05:35:22', '2025-06-04 05:35:22'),
(221, 8, 'Harual Chari', '4354', 'Active', 1, '2025-06-04 05:35:47', '2025-06-04 05:35:47'),
(222, 8, 'Narayanhat', '4355', 'Active', 1, '2025-06-04 05:36:04', '2025-06-04 05:36:04'),
(223, 8, 'Azadibazar', '4357', 'Active', 1, '2025-06-04 05:36:23', '2025-06-04 05:36:23'),
(224, 8, 'Rangunia (Dhamair)', '4360', 'Active', 1, '2025-06-04 05:36:42', '2025-06-04 05:36:42'),
(225, 8, 'Dhamairhat', '4361', 'Active', 1, '2025-06-04 05:37:10', '2025-06-04 05:37:10'),
(226, 8, 'Boalkhali', '4366', 'Active', 1, '2025-06-04 05:37:30', '2025-06-04 05:37:30'),
(227, 8, 'Kanangupara', '4363', 'Active', 1, '2025-06-04 05:37:54', '2025-06-04 05:37:54'),
(228, 8, 'Sarotali', '4364', 'Active', 1, '2025-06-04 05:38:11', '2025-06-04 05:38:11'),
(229, 8, 'Iqbal Park', '4365', 'Active', 1, '2025-06-04 05:38:27', '2025-06-04 05:38:27'),
(230, 8, 'Sakpura', '4367', 'Active', 1, '2025-06-04 05:38:45', '2025-06-04 05:38:45'),
(231, 8, 'Kadurkhil', '4368', 'Active', 1, '2025-06-04 05:39:02', '2025-06-04 05:39:02'),
(232, 8, 'Charandip', '4369', 'Active', 1, '2025-06-04 05:39:23', '2025-06-04 05:39:23'),
(233, 8, 'Patiya', '4370', 'Active', 1, '2025-06-04 05:39:38', '2025-06-04 05:39:38'),
(234, 8, 'Budhpara', '4371', 'Active', 1, '2025-06-04 05:39:53', '2025-06-04 05:39:53'),
(235, 8, 'Pairole', '4372', 'Active', 1, '2025-06-04 05:40:07', '2025-06-04 05:40:07'),
(236, 8, 'Anowara', '4376', 'Active', 1, '2025-06-04 05:40:34', '2025-06-04 05:40:34'),
(237, 8, 'Paraikora', '4377', 'Active', 1, '2025-06-04 05:41:05', '2025-06-04 05:41:05'),
(238, 8, 'Paraikora', '4377', 'Active', 1, '2025-06-04 05:57:34', '2025-06-04 05:57:34'),
(239, 8, 'Battali', '4378', 'Active', 1, '2025-06-04 05:58:39', '2025-06-04 05:58:39'),
(240, 8, 'East Zoara (Chandanaish)', '4380', 'Active', 1, '2025-06-04 05:58:57', '2025-06-04 05:58:57'),
(241, 8, 'Gachbaria', '4381', 'Active', 1, '2025-06-04 05:59:19', '2025-06-04 05:59:19'),
(242, 8, 'Dohazari', '4382', 'Active', 1, '2025-06-04 05:59:48', '2025-06-04 05:59:48'),
(243, 8, 'Barma', '4383', 'Active', 1, '2025-06-04 06:00:06', '2025-06-04 06:00:06'),
(244, 8, 'Satkania', '4386', 'Active', 1, '2025-06-04 06:00:31', '2025-06-04 06:00:31'),
(245, 8, 'Baitul Ijjat', '4387', 'Active', 1, '2025-06-04 06:00:49', '2025-06-04 06:00:49'),
(246, 8, 'Bajalia', '4388', 'Active', 1, '2025-06-04 06:01:06', '2025-06-04 06:01:06'),
(247, 8, 'Jaldi (Bashkhali)', '4390', 'Active', 1, '2025-06-04 06:01:24', '2025-06-04 06:01:24'),
(248, 8, 'Khan Bahadur Bazar', '4391', 'Active', 1, '2025-06-04 06:01:40', '2025-06-04 06:01:40'),
(249, 8, 'Gunagari', '4392', 'Active', 1, '2025-06-04 06:01:58', '2025-06-04 06:01:58'),
(250, 8, 'Banigram', '4393', 'Active', 1, '2025-06-04 06:03:12', '2025-06-04 06:03:12'),
(251, 8, 'Lohaghora', '4396', 'Active', 1, '2025-06-04 06:03:28', '2025-06-04 06:03:28'),
(252, 8, 'Padua', '4397', 'Active', 1, '2025-06-04 06:03:44', '2025-06-04 06:03:44'),
(253, 8, 'Chunti', '4398', 'Active', 1, '2025-06-04 06:04:04', '2025-06-04 06:04:04'),
(255, 9, 'Cox`s Bazar HO', '4700', 'Active', 1, '2025-06-14 02:12:48', '2025-06-14 02:12:48'),
(256, 9, 'Jilanja EDSO', '4701', 'Active', 1, '2025-06-14 02:13:22', '2025-06-14 02:13:22'),
(257, 9, 'Idgaon SO', '4702', 'Active', 1, '2025-06-14 02:13:42', '2025-06-14 02:13:42'),
(258, 9, 'Ghorakghat (Moheshkhali) UPO', '4710', 'Active', 1, '2025-06-14 02:14:07', '2025-06-14 02:14:07'),
(259, 9, 'Kutubdia UPO', '4720', 'Active', 1, '2025-06-14 02:14:29', '2025-06-14 02:14:29'),
(260, 9, 'Ramu UPO', '4730', 'Active', 1, '2025-06-14 02:14:55', '2025-06-14 02:14:55'),
(261, 9, 'Chiringa Community Centre (Chakaria) UPO', '4740', 'Active', 1, '2025-06-14 02:15:18', '2025-06-14 02:15:18'),
(262, 9, 'Chiringa SO', '4741', 'Active', 1, '2025-06-14 02:15:42', '2025-06-14 02:15:42'),
(263, 9, 'Badarkhali EDSO', '4742', 'Active', 1, '2025-06-14 02:18:17', '2025-06-14 02:18:17'),
(264, 9, 'Malumghat Hospital EDSO', '4743', 'Active', 1, '2025-06-14 02:18:37', '2025-06-14 02:18:37'),
(265, 9, 'Ukhiya UPO', '4750', 'Active', 1, '2025-06-14 02:19:00', '2025-06-14 02:19:00'),
(266, 9, 'Teknaf UPO', '4760', 'Active', 1, '2025-06-14 02:19:23', '2025-06-14 02:19:23'),
(267, 9, 'Hinla SO', '4761', 'Active', 1, '2025-06-14 02:19:40', '2025-06-14 02:19:40'),
(268, 9, 'Cent Martin Dip SO', '4762', 'Active', 1, '2025-06-14 02:20:00', '2025-06-14 02:20:00'),
(269, 10, 'Feni HO', '3900', 'Active', 1, '2025-06-14 02:27:28', '2025-06-14 02:27:28'),
(270, 10, 'Fazlipur SO', '3901', 'Active', 1, '2025-06-14 02:27:53', '2025-06-14 02:27:53'),
(271, 10, 'Sarsadi SO', '3902', 'Active', 1, '2025-06-14 02:28:16', '2025-06-14 02:28:16'),
(272, 10, 'Laskarhat EDSO', '3903', 'Active', 1, '2025-06-14 02:28:48', '2025-06-14 02:28:48'),
(273, 10, 'Chhagal Naiya UPO', '3910', 'Active', 1, '2025-06-14 02:29:07', '2025-06-14 02:29:07'),
(274, 10, 'Maharajgonj SO', '3911', 'Active', 1, '2025-06-14 02:29:24', '2025-06-14 02:29:24'),
(275, 10, 'Darogerhat SO', '3912', 'Active', 1, '2025-06-14 02:33:09', '2025-06-14 02:33:09'),
(276, 10, 'Purba Silua EDSO', '3913', 'Active', 1, '2025-06-14 02:33:32', '2025-06-14 02:33:32'),
(277, 10, 'Dagon Bhuiyan UPO', '3920', 'Active', 1, '2025-06-14 02:33:55', '2025-06-14 02:33:55'),
(278, 10, 'Dudmukha SO', '3921', 'Active', 1, '2025-06-14 02:34:29', '2025-06-14 02:34:29'),
(279, 10, 'Chhilonia EDSO', '3922', 'Active', 1, '2025-06-14 02:34:50', '2025-06-14 02:34:50'),
(280, 10, 'Razapur EDSO', '3923', 'Active', 1, '2025-06-14 02:35:12', '2025-06-14 02:35:12'),
(281, 10, 'Sonagazi UPO', '3930', 'Active', 1, '2025-06-14 02:35:31', '2025-06-14 02:35:31'),
(282, 10, 'Matigonj EDSO', '3931', 'Active', 1, '2025-06-14 02:35:52', '2025-06-14 02:35:52'),
(283, 10, 'Ahmadpur SO', '3932', 'Active', 1, '2025-06-14 02:36:22', '2025-06-14 02:36:22'),
(284, 10, 'Kazirhat SO', '3933', 'Active', 1, '2025-06-14 02:36:48', '2025-06-14 02:36:48'),
(285, 10, 'Parshuram UPO', '3940', 'Active', 1, '2025-06-14 02:37:05', '2025-06-14 02:37:05'),
(286, 10, 'Surabazar SO', '3941', 'Active', 1, '2025-06-14 02:37:25', '2025-06-14 02:37:25'),
(287, 10, 'Fulgazi SO', '3942', 'Active', 1, '2025-06-14 02:37:53', '2025-06-14 02:37:53'),
(288, 10, 'Munshirhat SO', '3943', 'Active', 1, '2025-06-14 02:38:18', '2025-06-14 02:38:18'),
(289, 11, 'Cumilla HO', '3500', 'Active', 1, '2025-06-14 02:41:43', '2025-06-14 02:41:43'),
(290, 11, 'Cumilla Cantt. SO', '3501', 'Active', 1, '2025-06-14 02:42:41', '2025-06-14 02:42:41'),
(291, 11, 'Halimnagar SO', '3502', 'Active', 1, '2025-06-14 02:42:59', '2025-06-14 02:42:59'),
(292, 11, 'Courtbari SO', '3503', 'Active', 1, '2025-06-14 02:43:25', '2025-06-14 02:43:25'),
(293, 11, 'Suagonj EDSO', '3504', 'Active', 1, '2025-06-14 02:43:43', '2025-06-14 02:43:43'),
(294, 11, 'Shibpur SO', '3505', 'Active', 1, '2025-06-14 02:44:09', '2025-06-14 02:44:09'),
(295, 11, 'Chandina UPO', '3510', 'Active', 1, '2025-06-14 02:44:27', '2025-06-14 02:44:27'),
(296, 11, 'Madhaiya Bazar EDSO', '3511', 'Active', 1, '2025-06-14 02:44:46', '2025-06-14 02:44:46'),
(297, 11, 'Meghna SO', '3512', 'Active', 1, '2025-06-14 02:45:00', '2025-06-14 02:45:00'),
(298, 11, 'Daudkandi UPO', '3516', 'Active', 1, '2025-06-14 02:45:16', '2025-06-14 02:45:16'),
(299, 11, 'Gouripur SO', '3517', 'Active', 1, '2025-06-14 02:45:32', '2025-06-14 02:45:32'),
(300, 11, 'Daspara EDSO', '3518', 'Active', 1, '2025-06-14 02:45:53', '2025-06-14 02:45:53'),
(301, 11, 'Eliotgonj SO', '3519', 'Active', 1, '2025-06-14 02:46:19', '2025-06-14 02:46:19'),
(302, 11, 'Burichang UPO', '3520', 'Active', 1, '2025-06-14 02:46:58', '2025-06-14 02:46:58'),
(303, 11, 'Mainamoti Bazar SO', '3521', 'Active', 1, '2025-06-14 02:47:29', '2025-06-14 02:47:29'),
(304, 11, 'Brahmanpara UPO', '3526', 'Active', 1, '2025-06-14 02:48:25', '2025-06-14 02:48:25'),
(305, 11, 'Debidwar UPO', '3530', 'Active', 1, '2025-06-14 02:48:54', '2025-06-14 02:48:54'),
(306, 12, 'Gangamandal SO', '3531', 'Active', 1, '2025-06-14 02:49:12', '2025-06-14 02:49:12'),
(307, 11, 'Barasalghar EDSO', '3532', 'Active', 1, '2025-06-14 02:49:35', '2025-06-14 02:49:35'),
(308, 11, 'Damti Madrasa SO', '3533', 'Active', 1, '2025-06-14 02:50:04', '2025-06-14 02:50:04'),
(309, 11, 'Muradnagar UPO', '3540', 'Active', 1, '2025-06-14 02:50:22', '2025-06-14 02:50:22'),
(310, 11, 'Ramchandarpur SO', '3541', 'Active', 1, '2025-06-14 02:50:49', '2025-06-14 02:50:49'),
(311, 11, 'Companigonj SO', '3542', 'Active', 1, '2025-06-14 02:51:17', '2025-06-14 02:51:17'),
(312, 11, 'Bangora SO', '3543', 'Active', 1, '2025-06-14 02:51:42', '2025-06-14 02:51:42'),
(313, 11, 'Sonakanda SO', '3544', 'Active', 1, '2025-06-14 02:52:09', '2025-06-14 02:52:09'),
(314, 11, 'Panti Bazar SO', '3545', 'Active', 1, '2025-06-14 02:53:16', '2025-06-14 02:53:16'),
(315, 11, 'Homna UPO', '3546', 'Active', 1, '2025-06-14 02:53:37', '2025-06-14 02:53:37'),
(316, 11, 'Tarakandi SO', '3547', 'Active', 1, '2025-06-14 02:54:24', '2025-06-14 02:54:24'),
(317, 11, 'Chaudha Gram UPO', '3550', 'Active', 1, '2025-06-14 02:54:49', '2025-06-14 02:54:49'),
(318, 11, 'Batisa EDSO', '3551', 'Active', 1, '2025-06-14 02:55:23', '2025-06-14 02:55:23'),
(319, 11, 'Cheora SO', '3552', 'Active', 1, '2025-06-14 02:56:11', '2025-06-14 02:56:11'),
(320, 11, 'Barura UPO', '3560', 'Active', 1, '2025-06-14 02:56:34', '2025-06-14 02:56:34'),
(321, 11, 'Payalgacha SO', '3561', 'Active', 1, '2025-06-14 02:57:26', '2025-06-14 02:57:26'),
(322, 11, 'Mudafargonj SO', '3562', 'Active', 1, '2025-06-14 02:57:53', '2025-06-14 02:57:53'),
(323, 11, 'Laksam UPO', '3570', 'Active', 1, '2025-06-14 02:58:27', '2025-06-14 02:58:27'),
(324, 11, 'Lakshamanpur EDSO', '3571', 'Active', 1, '2025-06-14 02:58:45', '2025-06-14 02:58:45'),
(325, 11, 'Bipulashar EDSO', '3572', 'Active', 1, '2025-06-14 02:59:03', '2025-06-14 02:59:03'),
(326, 11, 'Choto Sharifpur SO', '3573', 'Active', 1, '2025-06-14 02:59:21', '2025-06-14 02:59:21'),
(327, 11, 'Nangalkot UPO', '3580', 'Active', 1, '2025-06-14 02:59:36', '2025-06-14 02:59:36'),
(328, 11, 'Dalua EDSO', '3581', 'Active', 1, '2025-06-14 02:59:56', '2025-06-14 02:59:56'),
(329, 11, 'Chharia Bazar SO', '3582', 'Active', 1, '2025-06-14 03:00:19', '2025-06-14 03:00:19'),
(330, 11, 'Gunabati SO', '3583', 'Active', 1, '2025-06-14 03:00:39', '2025-06-14 03:00:39'),
(331, 12, 'Lakshmipur UPO', '3700', 'Active', 1, '2025-06-14 03:02:32', '2025-06-14 03:02:32'),
(332, 11, 'Dalal Bazar SO', '3701', 'Active', 1, '2025-06-14 03:02:52', '2025-06-14 03:02:52'),
(333, 12, 'Bhabanigonj SO', '3702', 'Active', 1, '2025-06-14 03:03:18', '2025-06-14 03:03:18'),
(334, 12, 'Mandari SO', '3703', 'Active', 1, '2025-06-14 03:03:35', '2025-06-14 03:03:35'),
(335, 11, 'Keramotgonj SO', '3704', 'Active', 1, '2025-06-14 03:03:55', '2025-06-14 03:03:55'),
(336, 11, 'Rup Chara SO', '3705', 'Active', 1, '2025-06-14 03:04:12', '2025-06-14 03:04:12'),
(337, 12, 'Datta Para SO', '3706', 'Active', 1, '2025-06-14 03:04:36', '2025-06-14 03:04:36'),
(338, 12, 'Chaupalli EDSO', '3707', 'Active', 1, '2025-06-14 03:04:58', '2025-06-14 03:04:58'),
(339, 12, 'Chandragonj SO', '3708', 'Active', 1, '2025-06-14 03:05:17', '2025-06-14 03:05:17'),
(340, 12, 'Amani Lakshipur EDSO', '3709', 'Active', 1, '2025-06-14 03:05:37', '2025-06-14 03:05:37'),
(341, 12, 'Roypur UPO', '3710', 'Active', 1, '2025-06-14 03:05:58', '2025-06-14 03:05:58'),
(342, 12, 'Rakhalia Bazar SO', 'Nager Dighir Par SO', 'Active', 1, '2025-06-14 03:06:21', '2025-06-14 03:06:21'),
(343, 12, 'Haidergonj SO', '3713', 'Active', 1, '2025-06-14 03:06:40', '2025-06-14 03:06:40'),
(344, 12, 'Bhua Bari EDSO', '3714', 'Active', 1, '2025-06-14 03:07:26', '2025-06-14 03:07:26'),
(345, 12, 'Ramgonj UPO', '3720', 'Active', 1, '2025-06-14 03:07:52', '2025-06-14 03:07:52'),
(346, 12, 'Alipur EDSO', '3721', 'Active', 1, '2025-06-14 03:08:33', '2025-06-14 03:08:33'),
(347, 12, 'Pan Para EDSO', '3722', 'Active', 1, '2025-06-14 03:08:50', '2025-06-14 03:08:50'),
(348, 12, 'Kanchanpur EDSO', '3723', 'Active', 1, '2025-06-14 03:09:09', '2025-06-14 03:09:09'),
(349, 12, 'Nagmud SO', '3724', 'Active', 1, '2025-06-14 03:09:28', '2025-06-14 03:09:28'),
(350, 12, 'Dalta SO', '3725', 'Active', 1, '2025-06-14 03:09:45', '2025-06-14 03:09:45'),
(351, 12, 'Vatra SO', '3726', 'Active', 1, '2025-06-14 03:10:03', '2025-06-14 03:10:03'),
(352, 12, 'Sonapur Bazar SO', '3727', 'Active', 1, '2025-06-14 03:10:22', '2025-06-14 03:10:22'),
(353, 12, 'Char Alexander (Rangamati) UPO', '3730', 'Active', 1, '2025-06-14 03:10:40', '2025-06-14 03:10:40'),
(354, 12, 'Hajeer Hat SO', '3731', 'Active', 1, '2025-06-14 03:10:57', '2025-06-14 03:10:57'),
(355, 12, 'Ramgatir Hat SO', '3732', 'Active', 1, '2025-06-14 03:11:16', '2025-06-14 03:11:16'),
(356, 13, 'Rajshahi Court TSO', '6201', 'Active', 1, '2025-06-14 03:15:02', '2025-06-14 03:15:02'),
(357, 13, 'Rajshahi Cantt. TSO', '6202', 'Active', 1, '2025-06-14 03:15:30', '2025-06-14 03:15:30'),
(358, 13, 'Sapura TSC', '6203', 'Active', 1, '2025-06-14 03:15:54', '2025-06-14 03:15:54'),
(359, 13, 'Kazia TSO', '6204', 'Active', 1, '2025-06-14 03:16:59', '2025-06-14 03:16:59'),
(360, 13, 'Rajshahi University (LSG) TSO', '6205', 'Active', 1, '2025-06-14 03:17:27', '2025-06-14 03:17:27'),
(361, 13, 'Benodpur Bazar TSO', '6206', 'Active', 1, '2025-06-14 03:18:21', '2025-06-14 03:18:21'),
(362, 13, 'Padma Residence TSO', '6207', 'Active', 1, '2025-06-14 03:19:42', '2025-06-14 03:19:42'),
(363, 13, 'Lalitgonj UPO', '6210', 'Active', 1, '2025-06-14 03:20:04', '2025-06-14 03:20:04'),
(364, 13, 'Rakshahi Sugar Mills SO', '6211', 'Active', 1, '2025-06-14 03:20:26', '2025-06-14 03:20:26'),
(365, 13, 'Shyampur EDSO', '6212', 'Active', 1, '2025-06-14 03:20:48', '2025-06-14 03:20:48'),
(366, 13, 'Naohata Bazar SO', '6213', 'Active', 1, '2025-06-14 03:21:18', '2025-06-14 03:21:18'),
(367, 13, 'Khodemohanpur(Mohanpur) UPO', '6220', 'Active', 1, '2025-06-14 03:21:51', '2025-06-14 03:21:51'),
(368, 13, 'Tanore UPO', '6230', 'Active', 1, '2025-06-14 03:22:12', '2025-06-14 03:22:12'),
(369, 13, 'Durgapur UPO', '6240', 'Active', 1, '2025-06-14 03:22:28', '2025-06-14 03:22:28'),
(370, 13, 'Bhabanigonj (Bagmara) UPO', '6250', 'Active', 1, '2025-06-14 03:23:03', '2025-06-14 03:23:03'),
(371, 13, 'Taherpur SO', '6251', 'Active', 1, '2025-06-14 03:23:22', '2025-06-14 03:23:22'),
(372, 13, 'Puthia UPO', '6260', 'Active', 1, '2025-06-14 03:23:40', '2025-06-14 03:23:40'),
(373, 13, 'Carghat UPO', '6270', 'Active', 1, '2025-06-14 03:23:57', '2025-06-14 03:23:57'),
(374, 13, 'Sardah SO', '6271', 'Active', 1, '2025-06-14 03:24:17', '2025-06-14 03:24:17'),
(375, 13, 'Baga UPO', '6280', 'Active', 1, '2025-06-14 03:27:03', '2025-06-14 03:27:03'),
(376, 13, 'Arhani EDSO', '6281', 'Active', 1, '2025-06-14 03:27:24', '2025-06-14 03:27:24'),
(377, 13, 'Godagari UPO', '6290', 'Active', 1, '2025-06-14 03:27:43', '2025-06-14 03:27:43'),
(378, 13, 'Premtali EDSO', '6291', 'Active', 1, '2025-06-14 03:28:02', '2025-06-14 03:28:02'),
(379, 14, 'Bogura HO', '5800', 'Active', 1, '2025-06-14 03:31:52', '2025-06-14 03:31:52'),
(380, 14, 'Bogura Cantt. SO', '5801', 'Active', 1, '2025-06-14 03:32:47', '2025-06-14 03:32:47'),
(381, 14, 'Shibgonj UPO', '5810', 'Active', 1, '2025-06-14 03:33:08', '2025-06-14 03:33:08'),
(382, 14, 'Gabtoli UPO', '5820', 'Active', 1, '2025-06-14 03:33:32', '2025-06-14 03:33:32'),
(383, 14, 'Sukhanpukur SO', '5821', 'Active', 1, '2025-06-14 03:34:36', '2025-06-14 03:34:36'),
(384, 14, 'Sonatola UPO', '5826', 'Active', 1, '2025-06-14 03:36:43', '2025-06-14 03:36:43'),
(385, 14, 'Saria Kandi UPO', '5830', 'Active', 1, '2025-06-14 03:37:03', '2025-06-14 03:37:03'),
(386, 14, 'Chandan Baisha SO', '5831', 'Active', 1, '2025-06-14 03:37:27', '2025-06-14 03:37:27'),
(387, 14, 'Sherpur UPO', '5840', 'Active', 1, '2025-06-14 03:37:54', '2025-06-14 03:37:54'),
(388, 14, 'Chandaikona SO', '5841', 'Active', 1, '2025-06-14 03:38:13', '2025-06-14 03:38:13'),
(389, 14, 'Palli Unnayan Academy SO', '5842', 'Active', 1, '2025-06-14 03:38:34', '2025-06-14 03:38:34'),
(390, 14, 'Dunat UPO', '5850', 'Active', 1, '2025-06-14 03:38:58', '2025-06-14 03:38:58'),
(391, 14, 'Gosaibari EDSO', '5851', 'Active', 1, '2025-06-14 03:39:20', '2025-06-14 03:39:20'),
(392, 14, 'Nandigram UPO', '5860', 'Active', 1, '2025-06-14 03:39:41', '2025-06-14 03:39:41'),
(393, 14, 'Kahalu UPO', '5870', 'Active', 1, '2025-06-14 03:40:02', '2025-06-14 03:40:02'),
(394, 14, 'Dupchachia UPO', '5880', 'Active', 1, '2025-06-14 03:40:28', '2025-06-14 03:40:28'),
(395, 14, 'Tolara SO', '5881', 'Active', 1, '2025-06-14 03:40:57', '2025-06-14 03:40:57'),
(396, 14, 'Adam Dighi UPO', '5890', 'Active', 1, '2025-06-14 03:41:16', '2025-06-14 03:41:16'),
(397, 14, 'Santahar (LSG) SO', '5891', 'Active', 1, '2025-06-14 03:41:37', '2025-06-14 03:41:37'),
(398, 14, 'Nasaratpur SO', '5892', 'Active', 1, '2025-06-14 03:42:02', '2025-06-14 03:42:02'),
(399, 15, 'Naogaon HO', '6500', 'Active', 1, '2025-06-14 03:57:58', '2025-06-14 03:57:58'),
(400, 15, 'Naogaon Post TSO', '6501', 'Active', 1, '2025-06-14 03:58:24', '2025-06-14 03:58:24'),
(401, 15, 'Prasadpur (Manda) UPO', '6510', 'Active', 1, '2025-06-14 03:58:45', '2025-06-14 03:58:45'),
(402, 15, 'Manda SO', '6511', 'Active', 1, '2025-06-14 03:59:12', '2025-06-14 03:59:12'),
(403, 15, 'Baliha EDSO', '6512', 'Active', 1, '2025-06-14 03:59:37', '2025-06-14 03:59:37'),
(404, 15, 'Niamatpur UPO', '6520', 'Active', 1, '2025-06-14 04:00:00', '2025-06-14 04:00:00'),
(405, 15, 'Mahadebpur UPO', '6530', 'Active', 1, '2025-06-14 04:00:24', '2025-06-14 04:00:24'),
(406, 15, 'Patmitala UPO', '6540', 'Active', 1, '2025-06-14 04:00:47', '2025-06-14 04:00:47'),
(407, 15, 'Nitpur (Pursa) UPO', '6550', 'Active', 1, '2025-06-14 04:01:06', '2025-06-14 04:01:06'),
(408, 15, 'Pursa EDSO', '6551', 'Active', 1, '2025-06-14 04:01:27', '2025-06-14 04:01:27'),
(409, 15, 'Ganguria EDSO', '6552', 'Active', 1, '2025-06-14 04:01:49', '2025-06-14 04:01:49'),
(410, 15, 'Sapahar UPO', '6560', 'Active', 1, '2025-06-14 04:02:39', '2025-06-14 04:02:39'),
(411, 15, 'Madheel SO', '6561', 'Active', 1, '2025-06-14 04:03:02', '2025-06-14 04:03:02'),
(412, 15, 'Badalgachi UPO', '6570', 'Active', 1, '2025-06-14 04:03:26', '2025-06-14 04:03:26'),
(413, 15, 'Dhamuirhat UPO', '6580', 'Active', 1, '2025-06-14 04:03:57', '2025-06-14 04:03:57'),
(414, 15, 'Raninagar UPO', '6590', 'Active', 1, '2025-06-14 04:04:29', '2025-06-14 04:04:29'),
(415, 15, 'Kashimpur SO', '6591', 'Active', 1, '2025-06-14 04:04:51', '2025-06-14 04:04:51'),
(416, 15, 'Ahsangonj (Atral) UPO', '6596', 'Active', 1, '2025-06-14 04:05:19', '2025-06-14 04:05:19'),
(417, 15, 'Bandai Khara SO', '6597', 'Active', 1, '2025-06-14 04:09:06', '2025-06-14 04:09:06'),
(418, 16, 'Pabna HO', '6600', 'Active', 1, '2025-06-14 04:10:14', '2025-06-14 04:10:14'),
(419, 16, 'Keliko Cotton Mills SO', '6601', 'Active', 1, '2025-06-14 04:10:39', '2025-06-14 04:10:39'),
(420, 16, 'Hemayetpur SO', '6602', 'Active', 1, '2025-06-14 04:11:00', '2025-06-14 04:11:00'),
(421, 16, 'Debattar (Afgaria) UPO', '6610', 'Active', 1, '2025-06-14 04:11:25', '2025-06-14 04:11:25'),
(422, 16, 'Iswardi UPO', '6620', 'Active', 1, '2025-06-14 04:11:50', '2025-06-14 04:11:50'),
(423, 16, 'Dapari EDSO', '6621', 'Active', 1, '2025-06-14 04:12:43', '2025-06-14 04:12:43'),
(424, 16, 'Pakshi SO', '6622', 'Active', 1, '2025-06-14 04:13:04', '2025-06-14 04:13:04'),
(425, 16, 'Rajapur Hat SO', '6623', 'Active', 1, '2025-06-14 04:14:10', '2025-06-14 04:14:10'),
(426, 16, 'Chat Mohar', '6630', 'Active', 1, '2025-06-14 04:14:30', '2025-06-14 04:14:30'),
(427, 16, 'Bhangora', '6640', 'Active', 1, '2025-06-14 04:15:08', '2025-06-14 04:15:08'),
(428, 16, 'Ban Wari Nagar (Farifpur)', '6650', 'Active', 1, '2025-06-14 04:15:33', '2025-06-14 04:15:33'),
(429, 16, 'Sujanagar', '6660', 'Active', 1, '2025-06-14 04:16:15', '2025-06-14 04:16:15'),
(430, 16, 'Sagarkandi SO', '6661', 'Active', 1, '2025-06-14 04:16:39', '2025-06-14 04:16:39'),
(431, 16, 'Santhia UPO', '6670', 'Active', 1, '2025-06-14 04:16:59', '2025-06-14 04:16:59'),
(432, 16, 'Bera UPO', '6680', 'Active', 1, '2025-06-14 04:17:30', '2025-06-14 04:17:30'),
(433, 16, 'Nakalia SO', '6681', 'Active', 1, '2025-06-14 04:17:52', '2025-06-14 04:17:52'),
(434, 16, 'Kashinathpur SO', '6682', 'Active', 1, '2025-06-14 04:18:17', '2025-06-14 04:18:17'),
(435, 16, 'Puranbharenga SO', '6683', 'Active', 1, '2025-06-14 04:18:41', '2025-06-14 04:18:41'),
(436, 17, 'Joypurhat HO', '5900', 'Active', 1, '2025-06-14 04:20:19', '2025-06-14 04:20:19'),
(437, 17, 'Panchbibi UPO', '5910', 'Active', 1, '2025-06-14 04:20:41', '2025-06-14 04:20:41'),
(438, 17, 'Khetal UPO', '5920', 'Active', 1, '2025-06-14 04:21:10', '2025-06-14 04:21:10'),
(439, 17, 'Kalai UPO', '5930', 'Active', 1, '2025-06-14 04:21:31', '2025-06-14 04:21:31'),
(440, 17, 'Akkelpur UPO', '5940', 'Active', 1, '2025-06-14 04:21:54', '2025-06-14 04:21:54'),
(441, 17, 'Jamalgonj SO', '5941', 'Active', 1, '2025-06-14 04:22:28', '2025-06-14 04:22:28'),
(442, 17, 'Tilakpur SO', '5942', 'Active', 1, '2025-06-14 04:23:00', '2025-06-14 04:23:00'),
(443, 17, 'Rajshahi GPO', '6000', 'Active', 1, '2025-06-14 04:23:21', '2025-06-14 04:23:21'),
(444, 17, 'Ghoramara HO', '6100', 'Active', 1, '2025-06-14 04:23:43', '2025-06-14 04:23:43'),
(445, 18, 'Khulna GPO', '9000', 'Active', 1, '2025-06-14 04:26:33', '2025-06-14 04:26:33'),
(446, 18, 'Khulna City HO', '9100', 'Active', 1, '2025-06-14 04:26:54', '2025-06-14 04:26:54'),
(447, 18, 'Khulna Shipyard SO', '9201', 'Active', 1, '2025-06-14 04:27:20', '2025-06-14 04:27:20'),
(448, 18, 'Daulatpur TSO', '9202', 'Active', 1, '2025-06-14 04:27:45', '2025-06-14 04:27:45'),
(449, 18, 'BITT SO', '9203', 'Active', 1, '2025-06-14 04:28:45', '2025-06-14 04:28:45'),
(450, 18, 'Sirmani TSO', '9204', 'Active', 1, '2025-06-14 04:29:17', '2025-06-14 04:29:17'),
(451, 18, 'Jahanabad Cantt. TSO', '9205', 'Active', 1, '2025-06-14 04:29:43', '2025-06-14 04:29:43'),
(452, 18, 'Sonali Jute Mills TSO', '9206', 'Active', 1, '2025-06-14 04:30:05', '2025-06-14 04:30:05'),
(453, 18, 'Atra Industrial TSO', '9207', 'Active', 1, '2025-06-14 04:30:35', '2025-06-14 04:30:35'),
(454, 18, 'Khulna University TSO', '9208', 'Active', 1, '2025-06-14 04:30:55', '2025-06-14 04:30:55'),
(455, 18, 'Fultala UPO', '9210', 'Active', 1, '2025-06-14 04:31:15', '2025-06-14 04:31:15'),
(456, 18, 'Digalia UPO', '9220', 'Active', 1, '2025-06-14 04:31:33', '2025-06-14 04:31:33'),
(457, 18, 'Chandani Mohal SO', '9221', 'Active', 1, '2025-06-14 04:31:55', '2025-06-14 04:31:55'),
(458, 18, 'Senhati SO', '9222', 'Active', 1, '2025-06-14 04:32:17', '2025-06-14 04:32:17'),
(459, 18, 'Goshgati Barakpur EDSO', '9223', 'Active', 1, '2025-06-14 04:32:38', '2025-06-14 04:32:38'),
(460, 18, 'Terakhada UPO', '9230', 'Active', 1, '2025-06-14 04:33:03', '2025-06-14 04:33:03'),
(461, 18, 'Pak Barasat EDSO', '9231', 'Active', 1, '2025-06-14 04:33:26', '2025-06-14 04:33:26'),
(462, 18, 'Alaipur (Rupsha) UPO', '9240', 'Active', 1, '2025-06-14 04:33:53', '2025-06-14 04:33:53'),
(463, 18, 'Ropsa East SO', '9241', 'Active', 1, '2025-06-14 04:34:35', '2025-06-14 04:34:35'),
(464, 18, 'Belfulia SO', '9242', 'Active', 1, '2025-06-14 04:35:06', '2025-06-14 04:35:06'),
(465, 18, 'Sajiara (Dumuria) UPO', '9250', 'Active', 1, '2025-06-14 04:35:26', '2025-06-14 04:35:26'),
(466, 18, 'Ghonabanda EDSO', '9251', 'Active', 1, '2025-06-14 04:36:00', '2025-06-14 04:36:00'),
(467, 18, 'Chuknagar SO', '9252', 'Active', 1, '2025-06-14 04:36:53', '2025-06-14 04:36:53'),
(468, 18, 'Shahapur SO', '9253', 'Active', 1, '2025-06-14 04:38:04', '2025-06-14 04:38:04'),
(469, 18, 'Batiaghat UPO', '9260', 'Active', 1, '2025-06-14 04:38:40', '2025-06-14 04:38:40'),
(470, 18, 'Surkhali EDSO', '9261', 'Active', 1, '2025-06-14 04:39:25', '2025-06-14 04:39:25'),
(471, 18, 'Chalna Bazar (Dakup) UPO', '9270', 'Active', 1, '2025-06-14 04:39:49', '2025-06-14 04:39:49'),
(472, 18, 'Dakup EDSO', '9271', 'Active', 1, '2025-06-14 04:40:18', '2025-06-14 04:40:18'),
(473, 18, 'Bajuya SO', '9272', 'Active', 1, '2025-06-14 04:40:46', '2025-06-14 04:40:46'),
(474, 18, 'Naliyan SO', '9273', 'Active', 1, '2025-06-14 04:41:26', '2025-06-14 04:41:26'),
(475, 18, 'Palkgacha UPO', '9280', 'Active', 1, '2025-06-14 04:41:58', '2025-06-14 04:41:58'),
(476, 18, 'Gadaipur EDSO', '9281', 'Active', 1, '2025-06-14 04:43:36', '2025-06-14 04:43:36'),
(477, 18, 'Kapilmuni SO', '9282', 'Active', 1, '2025-06-14 04:43:56', '2025-06-14 04:43:56'),
(478, 18, 'Katipara EDSO', '9283', 'Active', 1, '2025-06-14 04:44:24', '2025-06-14 04:44:24'),
(479, 18, 'Chandkhali EDSO', '9284', 'Active', 1, '2025-06-14 04:44:52', '2025-06-14 04:44:52'),
(480, 18, 'Garhaikhali SO', '9285', 'Active', 1, '2025-06-14 04:45:11', '2025-06-14 04:45:11'),
(481, 18, 'Madinabad (Koyra) UPO', '9290', 'Active', 1, '2025-06-14 04:45:32', '2025-06-14 04:45:32'),
(482, 18, 'Amadi SO', '9291', 'Active', 1, '2025-06-14 04:45:53', '2025-06-14 04:45:53'),
(483, 19, 'Bagerhat HO', '9300', 'Active', 1, '2025-06-14 04:50:29', '2025-06-14 04:50:29'),
(484, 18, 'PC College SO', '9301', 'Active', 1, '2025-06-14 04:51:01', '2025-06-14 04:51:01'),
(485, 19, 'Rangdia College SO', '9302', 'Active', 1, '2025-06-14 04:51:58', '2025-06-14 04:51:58'),
(486, 19, 'Kachua UPO', '9310', 'Active', 1, '2025-06-14 04:52:21', '2025-06-14 04:52:21'),
(487, 19, 'Sonarkola SO', '9311', 'Active', 1, '2025-06-14 04:52:45', '2025-06-14 04:52:45'),
(488, 19, 'Morelgonj UPO', '9320', 'Active', 1, '2025-06-14 04:53:31', '2025-06-14 04:53:31'),
(489, 19, 'Sunnashi Bazar EDSO', '9321', 'Active', 1, '2025-06-14 04:53:53', '2025-06-14 04:53:53'),
(490, 19, 'Telisati SO', '9322', 'Active', 1, '2025-06-14 04:54:13', '2025-06-14 04:54:13'),
(491, 19, 'Rayenda (Sharankhola) UPO', '9330', 'Active', 1, '2025-06-14 04:54:42', '2025-06-14 04:54:42'),
(492, 19, 'Rampal UPO', '9340', 'Active', 1, '2025-06-14 04:55:09', '2025-06-14 04:55:09'),
(493, 19, 'Foyla Hat SO', '9341', 'Active', 1, '2025-06-14 04:55:40', '2025-06-14 04:55:40'),
(494, 19, 'Sonatunia EDSO', '9342', 'Active', 1, '2025-06-14 04:56:25', '2025-06-14 04:56:25'),
(495, 19, 'Gouramba SO', '9343', 'Active', 1, '2025-06-14 04:56:48', '2025-06-14 04:56:48'),
(496, 19, 'Chalna Anchorange UPO', '9350', 'Active', 1, '2025-06-14 04:57:06', '2025-06-14 04:57:06'),
(497, 19, 'Mongla Port SO', '9351', 'Active', 1, '2025-06-14 04:57:26', '2025-06-14 04:57:26'),
(498, 19, 'Chitalmari UPO', '9360', 'Active', 1, '2025-06-14 04:57:51', '2025-06-14 04:57:51'),
(499, 19, 'Barabaria EDSO', '9361', 'Active', 1, '2025-06-14 04:58:32', '2025-06-14 04:58:32'),
(500, 19, 'Fakirhat UPO', '9370', 'Active', 1, '2025-06-14 04:59:01', '2025-06-14 04:59:01'),
(501, 19, 'Manasa EDSO', '9371', 'Active', 1, '2025-06-14 04:59:35', '2025-06-14 04:59:35'),
(502, 19, 'Bhanganper Bazar EDSO', '9372', 'Active', 1, '2025-06-14 05:00:07', '2025-06-14 05:00:07'),
(503, 19, 'Mollarhat UPO', '9380', 'Active', 1, '2025-06-14 05:00:34', '2025-06-14 05:00:34'),
(504, 19, 'Kahalpur EDSO', '9381', 'Active', 1, '2025-06-14 05:00:59', '2025-06-14 05:00:59'),
(505, 19, 'Dariala EDSO', '9382', 'Active', 1, '2025-06-14 05:01:23', '2025-06-14 05:01:23'),
(506, 18, 'Charkulia SO', '9383', 'Active', 1, '2025-06-14 05:01:44', '2025-06-14 05:01:44'),
(507, 19, 'Nagarkandi Bazar EDSO', '9384', 'Active', 1, '2025-06-14 05:02:09', '2025-06-14 05:02:09'),
(508, 19, 'Pakgangni EDSO', '9385', 'Active', 1, '2025-06-14 05:02:33', '2025-06-14 05:02:33');

-- --------------------------------------------------------

--
-- Table structure for table `process_categories`
--

CREATE TABLE `process_categories` (
  `id` bigint UNSIGNED NOT NULL,
  `name` varchar(255) COLLATE utf8mb4_unicode_ci NOT NULL,
  `note` text COLLATE utf8mb4_unicode_ci,
  `status` int NOT NULL DEFAULT '1',
  `company_id` bigint UNSIGNED NOT NULL,
  `user_id` bigint UNSIGNED NOT NULL,
  `created_at` timestamp NULL DEFAULT NULL,
  `updated_at` timestamp NULL DEFAULT NULL
) ENGINE=InnoDB DEFAULT CHARSET=utf8mb4 COLLATE=utf8mb4_unicode_ci;

--
-- Dumping data for table `process_categories`
--

INSERT INTO `process_categories` (`id`, `name`, `note`, `status`, `company_id`, `user_id`, `created_at`, `updated_at`) VALUES
(3, 'General Worker', NULL, 1, 7, 8, '2025-05-26 23:40:18', '2025-05-27 02:06:44'),
(4, 'House Work', NULL, 1, 7, 8, '2025-05-26 23:40:30', '2025-05-26 23:40:30'),
(5, 'Umrah', NULL, 1, 7, 8, '2025-05-26 23:40:40', '2025-05-26 23:40:40'),
(6, 'Tourist', NULL, 1, 7, 8, '2025-05-26 23:40:49', '2025-05-26 23:40:49'),
(7, 'Air Ticket', NULL, 1, 7, 8, '2025-05-26 23:41:08', '2025-05-26 23:41:08'),
(8, 'Student', NULL, 1, 7, 8, '2025-05-26 23:41:17', '2025-05-26 23:41:17'),
(9, 'Business Visa', NULL, 1, 7, 8, '2025-05-26 23:41:30', '2025-05-26 23:41:30'),
(10, 'Treatment', NULL, 1, 7, 8, '2025-05-26 23:41:42', '2025-05-26 23:41:42');

-- --------------------------------------------------------

--
-- Table structure for table `process_offices`
--

CREATE TABLE `process_offices` (
  `id` bigint UNSIGNED NOT NULL,
  `name` varchar(255) COLLATE utf8mb4_unicode_ci NOT NULL,
  `license_number` varchar(255) COLLATE utf8mb4_unicode_ci NOT NULL,
  `phone_number` varchar(255) COLLATE utf8mb4_unicode_ci NOT NULL,
  `email` varchar(255) COLLATE utf8mb4_unicode_ci NOT NULL,
  `opening_balance` double NOT NULL,
  `address` varchar(255) COLLATE utf8mb4_unicode_ci DEFAULT NULL,
  `office_pad` text COLLATE utf8mb4_unicode_ci,
  `opening_balance_sheet` text COLLATE utf8mb4_unicode_ci,
  `note` text COLLATE utf8mb4_unicode_ci,
  `status` int NOT NULL DEFAULT '1',
  `company_id` bigint UNSIGNED NOT NULL,
  `user_id` bigint UNSIGNED NOT NULL,
  `created_at` timestamp NULL DEFAULT NULL,
  `updated_at` timestamp NULL DEFAULT NULL
) ENGINE=InnoDB DEFAULT CHARSET=utf8mb4 COLLATE=utf8mb4_unicode_ci;

--
-- Dumping data for table `process_offices`
--

INSERT INTO `process_offices` (`id`, `name`, `license_number`, `phone_number`, `email`, `opening_balance`, `address`, `office_pad`, `opening_balance_sheet`, `note`, `status`, `company_id`, `user_id`, `created_at`, `updated_at`) VALUES
(2, 'Cain Webster', '986', '671', 'torevyx@mailinator.com', 76, 'Harum maxime nulla d', 'uploads/office_pad/wnvEE2DaAiBm4pzdoWxHnQWcmgyXb9LngW5hYv0S.jpg', 'uploads/opening_balance_sheet/49SecqNIiZMJLh2beHSUzkJIHsUjKDDw42bahxar.jpg', 'Laborum aliqua Sit', 1, 7, 8, '2025-06-01 23:31:14', '2025-06-01 23:31:14'),
(3, 'Mahfuza Oversea', 'RL-2267', '01979372034', 'info@mahfuza-overseas.com', 0, 'H#24(3rd floor)Mohakhali, New Airport Road, Amtoli Morh, Dhaka-1212', NULL, NULL, NULL, 1, 7, 8, '2025-06-01 23:39:35', '2025-06-01 23:39:35');

-- --------------------------------------------------------

--
-- Table structure for table `process_steps`
--

CREATE TABLE `process_steps` (
  `id` bigint UNSIGNED NOT NULL,
  `name` varchar(255) COLLATE utf8mb4_unicode_ci NOT NULL,
  `country_id` json NOT NULL,
  `gender` json DEFAULT NULL,
  `process_category_id` json NOT NULL,
  `is_document` int NOT NULL,
  `is_scheduled` int NOT NULL,
  `is_youtube_link` int DEFAULT NULL,
  `note` text COLLATE utf8mb4_unicode_ci,
  `status` int NOT NULL DEFAULT '1',
  `company_id` bigint UNSIGNED NOT NULL,
  `user_id` bigint UNSIGNED NOT NULL,
  `created_at` timestamp NULL DEFAULT NULL,
  `updated_at` timestamp NULL DEFAULT NULL
) ENGINE=InnoDB DEFAULT CHARSET=utf8mb4 COLLATE=utf8mb4_unicode_ci;

--
-- Dumping data for table `process_steps`
--

INSERT INTO `process_steps` (`id`, `name`, `country_id`, `gender`, `process_category_id`, `is_document`, `is_scheduled`, `is_youtube_link`, `note`, `status`, `company_id`, `user_id`, `created_at`, `updated_at`) VALUES
(5, 'Test Medical Ongoing', '[\"33\", \"34\", \"35\", \"36\", \"37\", \"38\", \"39\", \"40\", \"41\"]', '[\"Male\", \"Female\"]', '[\"3\", \"4\"]', 1, 0, 0, 'asda', 1, 7, 8, '2025-05-29 01:10:45', '2025-05-30 23:33:51'),
(7, 'Test Medical Report', '[\"33\", \"34\", \"35\", \"36\", \"37\", \"38\", \"39\", \"40\", \"41\"]', '[\"Male\", \"Female\"]', '[\"3\", \"4\"]', 1, 0, NULL, NULL, 1, 7, 8, '2025-05-29 01:10:45', '2025-05-29 03:27:49'),
(8, 'Treining Ongoing', '[\"33\", \"34\", \"35\", \"36\", \"37\", \"38\", \"39\", \"40\", \"41\"]', '[\"Male\", \"Female\"]', '[\"3\", \"4\"]', 1, 0, NULL, NULL, 1, 7, 8, '2025-05-29 01:10:45', '2025-05-29 03:27:49'),
(9, 'Training Card', '[\"33\", \"34\", \"35\", \"36\", \"37\", \"38\", \"39\", \"40\", \"41\"]', '[\"Male\", \"Female\"]', '[\"3\", \"4\"]', 1, 0, NULL, NULL, 1, 7, 8, '2025-05-29 01:10:45', '2025-05-29 03:59:48'),
(10, 'BMET Bio Finger Report', '[\"33\", \"34\", \"35\", \"36\", \"37\", \"38\", \"39\", \"40\", \"41\"]', '[\"Male\", \"Female\"]', '[\"3\", \"4\"]', 1, 0, NULL, NULL, 1, 7, 8, '2025-05-29 01:10:45', '2025-05-29 03:27:49'),
(11, 'Police Clearance', '[\"33\", \"34\", \"35\", \"36\", \"37\", \"38\", \"39\", \"40\", \"41\"]', '[\"Male\", \"Female\"]', '[\"3\", \"4\"]', 1, 0, NULL, NULL, 1, 7, 8, '2025-05-29 01:10:45', '2025-05-29 03:49:32'),
(12, 'Musanad Contact', '[\"33\"]', '[\"Male\", \"Female\"]', '[\"3\", \"4\"]', 1, 0, NULL, NULL, 1, 7, 8, '2025-05-29 01:10:45', '2025-05-29 03:51:58'),
(13, 'Wakala', '[\"33\"]', '[\"Male\", \"Female\"]', '[\"3\", \"4\"]', 1, 0, NULL, NULL, 1, 7, 8, '2025-05-29 01:10:45', '2025-05-29 03:51:58'),
(14, 'MOFA', '[\"33\"]', '[\"Male\", \"Female\"]', '[\"3\", \"4\"]', 1, 0, NULL, NULL, 1, 7, 8, '2025-05-29 01:10:45', '2025-05-29 03:51:58'),
(15, 'Apron', '[\"33\", \"34\", \"35\", \"36\", \"37\", \"38\", \"39\", \"40\", \"41\"]', '[\"Male\", \"Female\"]', '[\"3\", \"4\"]', 1, 0, NULL, NULL, 1, 7, 8, '2025-05-29 01:10:45', '2025-05-29 03:49:32'),
(16, '1st Interview Video', '[\"33\", \"34\", \"35\", \"36\", \"37\", \"38\", \"39\", \"40\", \"41\"]', '[\"Male\", \"Female\"]', '[\"3\", \"4\"]', 1, 0, 1, NULL, 1, 7, 8, '2025-05-29 01:10:45', '2025-05-30 23:33:42'),
(17, '2nd Interview Video', '[\"33\", \"34\", \"35\", \"36\", \"37\", \"38\", \"39\", \"40\", \"41\"]', '[\"Male\", \"Female\"]', '[\"3\", \"4\"]', 1, 0, 1, NULL, 1, 7, 8, '2025-05-29 01:10:45', '2025-05-30 23:34:18');

-- --------------------------------------------------------

--
-- Table structure for table `roles`
--

CREATE TABLE `roles` (
  `id` bigint UNSIGNED NOT NULL,
  `name` varchar(255) COLLATE utf8mb4_unicode_ci NOT NULL,
  `company_id` bigint UNSIGNED NOT NULL,
  `note` text COLLATE utf8mb4_unicode_ci,
  `code` varchar(255) COLLATE utf8mb4_unicode_ci DEFAULT NULL,
  `guard_name` varchar(255) COLLATE utf8mb4_unicode_ci NOT NULL,
  `status` int NOT NULL DEFAULT '1',
  `user_id` bigint UNSIGNED NOT NULL,
  `created_at` timestamp NULL DEFAULT NULL,
  `updated_at` timestamp NULL DEFAULT NULL
) ENGINE=InnoDB DEFAULT CHARSET=utf8mb4 COLLATE=utf8mb4_unicode_ci;

--
-- Dumping data for table `roles`
--

INSERT INTO `roles` (`id`, `name`, `company_id`, `note`, `code`, `guard_name`, `status`, `user_id`, `created_at`, `updated_at`) VALUES
(4, 'Full Access', 7, 'For Top managment', 'FA', 'web', 1, 8, '2025-04-23 01:36:26', '2025-04-26 10:09:41'),
(5, 'Marketing', 7, 'Phone call enquari- entry+folloup, Send massage throu whatsapp api', 'Marketing', 'web', 1, 8, '2025-04-23 01:37:37', '2025-04-26 10:13:44'),
(6, 'Front Desk Officer', 7, 'Full Enqury, SMS send via whatsapp api.', 'FDO', 'web', 1, 8, '2025-04-26 10:16:55', '2025-04-26 10:16:55'),
(7, 'Reservation', 7, 'Buy Air ticket, Assign Air ticket, Air ticket Report', 'Reservation', 'web', 1, 8, '2025-04-26 10:19:33', '2025-04-26 10:19:33'),
(8, 'Accounts', 7, NULL, 'Accounts', 'web', 1, 8, '2025-04-26 10:20:22', '2025-04-26 10:20:22'),
(9, 'Computer Operetor', 7, 'Candidate Entry, Process,', 'CO', 'web', 1, 8, '2025-04-26 10:21:35', '2025-04-26 10:21:56'),
(10, '4th Class', 7, NULL, '4th Class', 'web', 1, 8, '2025-04-26 10:24:55', '2025-04-26 10:24:55'),
(11, 'admin', 6, NULL, 'AD', 'web', 1, 7, '2025-05-06 04:35:56', '2025-05-06 04:35:56'),
(12, 'Sales Man', 6, NULL, 'SM', 'web', 1, 7, '2025-05-06 04:36:08', '2025-05-06 04:36:08');

-- --------------------------------------------------------

--
-- Table structure for table `role_has_permissions`
--

CREATE TABLE `role_has_permissions` (
  `permission_id` bigint UNSIGNED NOT NULL,
  `role_id` bigint UNSIGNED NOT NULL
) ENGINE=InnoDB DEFAULT CHARSET=utf8mb4 COLLATE=utf8mb4_unicode_ci;

-- --------------------------------------------------------

--
-- Table structure for table `rosters`
--

CREATE TABLE `rosters` (
  `id` bigint UNSIGNED NOT NULL,
  `company_id` bigint UNSIGNED NOT NULL,
  `name` varchar(255) COLLATE utf8mb4_unicode_ci NOT NULL,
  `code` varchar(255) COLLATE utf8mb4_unicode_ci NOT NULL COMMENT 'roster code',
  `duty_hours` int NOT NULL,
  `start_time` time NOT NULL,
  `end_time` time NOT NULL,
  `meal_break` int NOT NULL DEFAULT '0',
  `note` text COLLATE utf8mb4_unicode_ci,
  `status` int NOT NULL DEFAULT '1',
  `user_id` bigint UNSIGNED NOT NULL,
  `created_at` timestamp NULL DEFAULT NULL,
  `updated_at` timestamp NULL DEFAULT NULL
) ENGINE=InnoDB DEFAULT CHARSET=utf8mb4 COLLATE=utf8mb4_unicode_ci;

--
-- Dumping data for table `rosters`
--

INSERT INTO `rosters` (`id`, `company_id`, `name`, `code`, `duty_hours`, `start_time`, `end_time`, `meal_break`, `note`, `status`, `user_id`, `created_at`, `updated_at`) VALUES
(1, 7, 'Morinig', 'A', 10, '09:00:00', '19:00:00', 1, NULL, 1, 8, '2025-04-24 01:07:46', '2025-05-04 22:00:39'),
(3, 7, 'Day', 'B', 10, '11:00:00', '21:00:00', 1, NULL, 1, 8, '2025-04-24 01:24:06', '2025-05-04 22:01:15'),
(4, 6, 'Paloma Bray', 'Non eiusmod irure do', 19, '14:04:00', '09:04:00', 1, 'Voluptatum sint quid', 1, 7, '2025-05-06 04:36:22', '2025-05-06 04:36:22'),
(5, 6, 'Zenaida Blanchard', 'Est quos labore quis', 92, '16:37:00', '12:37:00', 1, 'Odit voluptas doloru', 1, 7, '2025-05-06 04:36:30', '2025-05-06 04:36:30');

-- --------------------------------------------------------

--
-- Table structure for table `sessions`
--

CREATE TABLE `sessions` (
  `id` varchar(255) CHARACTER SET utf8mb4 COLLATE utf8mb4_unicode_ci NOT NULL,
  `user_id` bigint UNSIGNED DEFAULT NULL,
  `ip_address` varchar(45) CHARACTER SET utf8mb4 COLLATE utf8mb4_unicode_ci DEFAULT NULL,
  `user_agent` text CHARACTER SET utf8mb4 COLLATE utf8mb4_unicode_ci,
  `payload` longtext CHARACTER SET utf8mb4 COLLATE utf8mb4_unicode_ci NOT NULL,
  `last_activity` int NOT NULL
) ENGINE=InnoDB DEFAULT CHARSET=utf8mb4 COLLATE=utf8mb4_unicode_ci;

--
-- Dumping data for table `sessions`
--

INSERT INTO `sessions` (`id`, `user_id`, `ip_address`, `user_agent`, `payload`, `last_activity`) VALUES
('2BsDZklCM5zi409dRBKwq8mlbHxxI5m1sTytgg93', NULL, '192.168.0.1', 'Mozilla/5.0 (Windows NT 10.0; Win64; x64) AppleWebKit/537.36 (KHTML, like Gecko) Chrome/137.0.0.0 Safari/537.36', 'YTo0OntzOjY6Il90b2tlbiI7czo0MDoieUs0Q3NvSVk1UEUxYmduTXN6MW5neDMwSHo4bkJiTzd5Q0FEekRuTCI7czozOiJ1cmwiO2E6MTp7czo4OiJpbnRlbmRlZCI7czo2MToiaHR0cDovL3RlY2gtYXV0b21hdGlvbmJkLmNvbS9vdmVyc2Vhc19lcnAvcHVibGljL3N1cHBlcl9hZG1pbiI7fXM6OToiX3ByZXZpb3VzIjthOjE6e3M6MzoidXJsIjtzOjY2OiJodHRwOi8vdGVjaC1hdXRvbWF0aW9uYmQuY29tL292ZXJzZWFzX2VycC9wdWJsaWMvd29ya3Blcm1pdC9hY3RpdmUiO31zOjY6Il9mbGFzaCI7YToyOntzOjM6Im9sZCI7YTowOnt9czozOiJuZXciO2E6MDp7fX19', 1750045667),
('a08qTAP5m4J9bRytmMjX2mXPsBH85KZ35gh4UTiY', NULL, '192.168.0.1', 'WhatsApp/2.2524.2 W', 'YTozOntzOjY6Il90b2tlbiI7czo0MDoiNGY0Z3RMb1RqMFFvN3FLMG1sTzVjODQ3d3lTRmJHV282V2p4VmxrVyI7czo5OiJfcHJldmlvdXMiO2E6MTp7czozOiJ1cmwiO3M6NDg6Imh0dHA6Ly90ZWNoLWF1dG9tYXRpb25iZC5jb20vb3ZlcnNlYXNfZXJwL3B1YmxpYyI7fXM6NjoiX2ZsYXNoIjthOjI6e3M6Mzoib2xkIjthOjA6e31zOjM6Im5ldyI7YTowOnt9fX0=', 1750045298),
('a5AsII7XH2eoIgSeLeVjEZN48lFPw7P6OsxuhKHl', 1, '192.168.0.1', 'Mozilla/5.0 (Windows NT 10.0; Win64; x64) AppleWebKit/537.36 (KHTML, like Gecko) Chrome/137.0.0.0 Safari/537.36', 'YTo0OntzOjY6Il90b2tlbiI7czo0MDoidWZ1REdKaUxWTlNWczBNZTV0WmpKeVVoN0lJVjlTTWhvUXhjUDh2TCI7czo2OiJfZmxhc2giO2E6Mjp7czozOiJvbGQiO2E6MDp7fXM6MzoibmV3IjthOjA6e319czo5OiJfcHJldmlvdXMiO2E6MTp7czozOiJ1cmwiO3M6Njg6Imh0dHA6Ly90ZWNoLWF1dG9tYXRpb25iZC5jb20vb3ZlcnNlYXNfZXJwL3B1YmxpYy9zdXBwZXJfYWRtaW4vdGhhbmFzIjt9czo1MDoibG9naW5fd2ViXzU5YmEzNmFkZGMyYjJmOTQwMTU4MGYwMTRjN2Y1OGVhNGUzMDk4OWQiO2k6MTt9', 1750055473),
('A63bWJAunfODgm8eQTvCum1on59pfMth66aVxPJX', NULL, '192.168.0.1', 'Mozilla/5.0 (Windows NT 10.0; Win64; x64) AppleWebKit/537.36 (KHTML, like Gecko) Chrome/137.0.0.0 Safari/537.36', 'YTozOntzOjY6Il90b2tlbiI7czo0MDoiUWtGUW01UkpWZEhRZ3pNeEJLdmJQcU8zWVBnbkpZdTNKQk9QaGpLdyI7czo5OiJfcHJldmlvdXMiO2E6MTp7czozOiJ1cmwiO3M6NjY6Imh0dHA6Ly90ZWNoLWF1dG9tYXRpb25iZC5jb20vb3ZlcnNlYXNfZXJwL3B1YmxpYy93b3JrcGVybWl0L2FjdGl2ZSI7fXM6NjoiX2ZsYXNoIjthOjI6e3M6Mzoib2xkIjthOjA6e31zOjM6Im5ldyI7YTowOnt9fX0=', 1750063751),
('AxW73ejELlb20qiJTmATxpUgE3FGyvycmwT48pRk', NULL, '192.168.0.1', 'Mozilla/5.0 (Windows NT 10.0; Win64; x64) AppleWebKit/537.36 (KHTML, like Gecko) Chrome/137.0.0.0 Safari/537.36', 'YTozOntzOjY6Il90b2tlbiI7czo0MDoiWnBnVUhpQ2owakFINzg4RHJ0MHU4MUF5TXVVOVdhNHBVejBIM0xaViI7czo5OiJfcHJldmlvdXMiO2E6MTp7czozOiJ1cmwiO3M6NjA6Imh0dHA6Ly90ZWNoLWF1dG9tYXRpb25iZC5jb20vb3ZlcnNlYXNfZXJwL3B1YmxpYy9oYXp6L2FjdGl2ZSI7fXM6NjoiX2ZsYXNoIjthOjI6e3M6Mzoib2xkIjthOjA6e31zOjM6Im5ldyI7YTowOnt9fX0=', 1750063751),
('fV3f3ZP2z09d2hWuxddPDpM7kAI2GrJ1RKpmdJnA', NULL, '192.168.0.1', 'Mozilla/5.0 (Windows NT 10.0; Win64; x64) AppleWebKit/537.36 (KHTML, like Gecko) Chrome/137.0.0.0 Safari/537.36', 'YTo0OntzOjY6Il90b2tlbiI7czo0MDoiVTdyeHlhdmsweHVtQXdwa2NVS0NzWE43WllZRERXcmJmeTU2ZnM0WCI7czozOiJ1cmwiO2E6MTp7czo4OiJpbnRlbmRlZCI7czo1NDoiaHR0cDovL3RlY2gtYXV0b21hdGlvbmJkLmNvbS9vdmVyc2Vhc19lcnAvcHVibGljL2FkbWluIjt9czo5OiJfcHJldmlvdXMiO2E6MTp7czozOiJ1cmwiO3M6NTQ6Imh0dHA6Ly90ZWNoLWF1dG9tYXRpb25iZC5jb20vb3ZlcnNlYXNfZXJwL3B1YmxpYy9sb2dpbiI7fXM6NjoiX2ZsYXNoIjthOjI6e3M6Mzoib2xkIjthOjA6e31zOjM6Im5ldyI7YTowOnt9fX0=', 1750083368),
('MNNexu8dOLaeQgzRKNFpVbwUypapKgR7hdZ57lzf', NULL, '192.168.0.1', 'Mozilla/5.0 (Windows NT 10.0; Win64; x64) AppleWebKit/537.36 (KHTML, like Gecko) Chrome/137.0.0.0 Safari/537.36', 'YTozOntzOjY6Il90b2tlbiI7czo0MDoidWp5bUh5dGdQaW1meG15aGEwM3doNjdDY2R2UWJMYjFla25KR2pUQSI7czo5OiJfcHJldmlvdXMiO2E6MTp7czozOiJ1cmwiO3M6NTQ6Imh0dHA6Ly90ZWNoLWF1dG9tYXRpb25iZC5jb20vb3ZlcnNlYXNfZXJwL3B1YmxpYy9sb2dpbiI7fXM6NjoiX2ZsYXNoIjthOjI6e3M6Mzoib2xkIjthOjA6e31zOjM6Im5ldyI7YTowOnt9fX0=', 1750073517),
('O9cEKz6K32U7liV5FHvK0RwUlP4fAXKQf8jZAbgE', 1, '192.168.0.1', 'Mozilla/5.0 (Windows NT 10.0; Win64; x64) AppleWebKit/537.36 (KHTML, like Gecko) Chrome/137.0.0.0 Safari/537.36 Edg/137.0.0.0', 'YTo1OntzOjY6Il90b2tlbiI7czo0MDoiZzFRbTdiS2Z2V3dlYzBiTXNrOVIxeXdadVpSMEFFa0JDaGE5aWZFOSI7czozOiJ1cmwiO2E6MDp7fXM6OToiX3ByZXZpb3VzIjthOjE6e3M6MzoidXJsIjtzOjYxOiJodHRwOi8vdGVjaC1hdXRvbWF0aW9uYmQuY29tL292ZXJzZWFzX2VycC9wdWJsaWMvc3VwcGVyX2FkbWluIjt9czo2OiJfZmxhc2giO2E6Mjp7czozOiJvbGQiO2E6MDp7fXM6MzoibmV3IjthOjA6e319czo1MDoibG9naW5fd2ViXzU5YmEzNmFkZGMyYjJmOTQwMTU4MGYwMTRjN2Y1OGVhNGUzMDk4OWQiO2k6MTt9', 1750051286),
('OIzhxv8zOCgoGENLMfXbCce2aY3X3ZzKNg0n3Dpv', NULL, '192.168.0.1', 'Mozilla/5.0 AppleWebKit/537.36 (KHTML, like Gecko; compatible; bingbot/2.0; +http://www.bing.com/bingbot.htm) Chrome/116.0.1938.76 Safari/537.36', 'YTozOntzOjY6Il90b2tlbiI7czo0MDoiaURuMEN5T1IxUFJKd0tEZVdyZVBNWldQc3FObHFsVG1lVEt4YnFoeCI7czo5OiJfcHJldmlvdXMiO2E6MTp7czozOiJ1cmwiO3M6NTQ6Imh0dHA6Ly90ZWNoLWF1dG9tYXRpb25iZC5jb20vb3ZlcnNlYXNfZXJwL3B1YmxpYy9sb2dpbiI7fXM6NjoiX2ZsYXNoIjthOjI6e3M6Mzoib2xkIjthOjA6e31zOjM6Im5ldyI7YTowOnt9fX0=', 1750055276),
('PpIvnae9CGKU0pBO3MSMa2qAHQPD4S7mjyD7rY8y', NULL, '192.168.0.1', 'Mozilla/5.0 AppleWebKit/537.36 (KHTML, like Gecko; compatible; bingbot/2.0; +http://www.bing.com/bingbot.htm) Chrome/116.0.1938.76 Safari/537.36', 'YTozOntzOjY6Il90b2tlbiI7czo0MDoiVzNzZFI1c2dnOEZYRFBLVFlsYW1UcEZIdDVuaGlnRzhrSEtuZ2djYyI7czo5OiJfcHJldmlvdXMiO2E6MTp7czozOiJ1cmwiO3M6NTc6Imh0dHA6Ly90ZWNoLWF1dG9tYXRpb25iZC5jb20vb3ZlcnNlYXNfZXJwL3B1YmxpYy9yZWdpc3RlciI7fXM6NjoiX2ZsYXNoIjthOjI6e3M6Mzoib2xkIjthOjA6e31zOjM6Im5ldyI7YTowOnt9fX0=', 1750053974),
('pzr0dqlr3w2B4o0ymwVnGnG4wesAW9ZgIcK8iXAB', 1, '192.168.0.1', 'Mozilla/5.0 (Windows NT 10.0; Win64; x64) AppleWebKit/537.36 (KHTML, like Gecko) Chrome/137.0.0.0 Safari/537.36 Edg/137.0.0.0', 'YTo0OntzOjY6Il90b2tlbiI7czo0MDoibW5OMUJvTHhMeGlLZWRWRTladzFHS3IwWEVxMWhWcnY1MWxMM1JHUCI7czo5OiJfcHJldmlvdXMiO2E6MTp7czozOiJ1cmwiO3M6NzI6Imh0dHA6Ly90ZWNoLWF1dG9tYXRpb25iZC5jb20vb3ZlcnNlYXNfZXJwL3B1YmxpYy9zdXBwZXJfYWRtaW4vYWlyLXRpY2tldCI7fXM6NjoiX2ZsYXNoIjthOjI6e3M6Mzoib2xkIjthOjA6e31zOjM6Im5ldyI7YTowOnt9fXM6NTA6ImxvZ2luX3dlYl81OWJhMzZhZGRjMmIyZjk0MDE1ODBmMDE0YzdmNThlYTRlMzA5ODlkIjtpOjE7fQ==', 1750049389),
('QI3qDFDWF73FnGECWrqQxDHhZ0aXqbYuLm4ICq9j', NULL, '192.168.0.1', 'Mozilla/5.0 (Windows NT 10.0; Win64; x64) AppleWebKit/537.36 (KHTML, like Gecko) Chrome/137.0.0.0 Safari/537.36', 'YToyOntzOjY6Il90b2tlbiI7czo0MDoiNWxXQ0gxS2ZJVk1zYkY1djJDY202bXZDZXhtb09LcmluQ09MRHZwMiI7czo2OiJfZmxhc2giO2E6Mjp7czozOiJvbGQiO2E6MDp7fXM6MzoibmV3IjthOjA6e319fQ==', 1750063751),
('t71DdqeHO6GJxfLYAIfmUA7u7DSJvzcdHozr8Wok', NULL, '192.168.0.1', 'Mozilla/5.0 (Windows NT 10.0; Win64; x64) AppleWebKit/537.36 (KHTML, like Gecko) Chrome/137.0.0.0 Safari/537.36 Edg/137.0.0.0', 'YTozOntzOjY6Il90b2tlbiI7czo0MDoiQlVBMVk1UWI3SWVFNnlIc3V3T2dFYzNEUUZBcEE2T0tZSjRkMkFhNyI7czo5OiJfcHJldmlvdXMiO2E6MTp7czozOiJ1cmwiO3M6NTQ6Imh0dHA6Ly90ZWNoLWF1dG9tYXRpb25iZC5jb20vb3ZlcnNlYXNfZXJwL3B1YmxpYy9sb2dpbiI7fXM6NjoiX2ZsYXNoIjthOjI6e3M6Mzoib2xkIjthOjA6e31zOjM6Im5ldyI7YTowOnt9fX0=', 1750073757),
('VHVUGfbUb07g2o9q5LOMU4beBkuLOOe2QWDiMG0A', NULL, '192.168.0.1', 'Mozilla/5.0 AppleWebKit/537.36 (KHTML, like Gecko; compatible; bingbot/2.0; +http://www.bing.com/bingbot.htm) Chrome/116.0.1938.76 Safari/537.36', 'YTozOntzOjY6Il90b2tlbiI7czo0MDoibldXN2ZuU3p2em14MGlpbmpNd3lvalZWaEFuWjJXVm1kWW5hTE9yOSI7czo5OiJfcHJldmlvdXMiO2E6MTp7czozOiJ1cmwiO3M6NTQ6Imh0dHA6Ly90ZWNoLWF1dG9tYXRpb25iZC5jb20vb3ZlcnNlYXNfZXJwL3B1YmxpYy9sb2dpbiI7fXM6NjoiX2ZsYXNoIjthOjI6e3M6Mzoib2xkIjthOjA6e31zOjM6Im5ldyI7YTowOnt9fX0=', 1750051440),
('VmzUK5k3XF8mCIoXMY2Hclf6JmC0QPkZ0xYCX83S', 8, '192.168.0.1', 'Mozilla/5.0 (Windows NT 10.0; Win64; x64) AppleWebKit/537.36 (KHTML, like Gecko) Chrome/137.0.0.0 Safari/537.36', 'YTo0OntzOjY6Il90b2tlbiI7czo0MDoiaVpnekRod2lFb3V2TFZCazcyMFZ6Tk1jY1JwRjFjSmd5dmY3ZWROUyI7czo5OiJfcHJldmlvdXMiO2E6MTp7czozOiJ1cmwiO3M6NTQ6Imh0dHA6Ly90ZWNoLWF1dG9tYXRpb25iZC5jb20vb3ZlcnNlYXNfZXJwL3B1YmxpYy9hZG1pbiI7fXM6NjoiX2ZsYXNoIjthOjI6e3M6Mzoib2xkIjthOjA6e31zOjM6Im5ldyI7YTowOnt9fXM6NTA6ImxvZ2luX3dlYl81OWJhMzZhZGRjMmIyZjk0MDE1ODBmMDE0YzdmNThlYTRlMzA5ODlkIjtpOjg7fQ==', 1750075034),
('vNspRmuba19qkDtknaGhoVXmORTLwJYxco1eBuFX', NULL, '192.168.0.1', 'Mozilla/5.0 AppleWebKit/537.36 (KHTML, like Gecko; compatible; bingbot/2.0; +http://www.bing.com/bingbot.htm) Chrome/116.0.1938.76 Safari/537.36', 'YTo0OntzOjY6Il90b2tlbiI7czo0MDoialVZNFM1eTgxNGE2SXBxSldZcUtIb0h0cVV1ODJFNUhmdm1JaXowbyI7czozOiJ1cmwiO2E6MTp7czo4OiJpbnRlbmRlZCI7czo3MjoiaHR0cDovL3RlY2gtYXV0b21hdGlvbmJkLmNvbS9vdmVyc2Vhc19lcnAvcHVibGljL3N1cHBlcl9hZG1pbi9haXItdGlja2V0Ijt9czo5OiJfcHJldmlvdXMiO2E6MTp7czozOiJ1cmwiO3M6NTQ6Imh0dHA6Ly90ZWNoLWF1dG9tYXRpb25iZC5jb20vb3ZlcnNlYXNfZXJwL3B1YmxpYy9sb2dpbiI7fXM6NjoiX2ZsYXNoIjthOjI6e3M6Mzoib2xkIjthOjA6e31zOjM6Im5ldyI7YTowOnt9fX0=', 1750072945),
('WFm6NAuNeDa3fqUbeY1vwHeinItho1CB4ewQa1X3', NULL, '192.168.0.1', 'Mozilla/5.0 (Windows NT 10.0; Win64; x64) AppleWebKit/537.36 (KHTML, like Gecko) Chrome/137.0.0.0 Safari/537.36', 'YTozOntzOjY6Il90b2tlbiI7czo0MDoiQUdvWHFVMDNkU0NmN2JhMUZwamNuWklVUjB3ajZUM3VFVUpXSXM1VCI7czo5OiJfcHJldmlvdXMiO2E6MTp7czozOiJ1cmwiO3M6Njk6Imh0dHA6Ly90ZWNoLWF1dG9tYXRpb25iZC5jb20vb3ZlcnNlYXNfZXJwL3B1YmxpYy9haXJ0aWNrZXRzL2xvY2F0aW9ucyI7fXM6NjoiX2ZsYXNoIjthOjI6e3M6Mzoib2xkIjthOjA6e31zOjM6Im5ldyI7YTowOnt9fX0=', 1750063751);

-- --------------------------------------------------------

--
-- Table structure for table `states`
--

CREATE TABLE `states` (
  `id` bigint UNSIGNED NOT NULL,
  `country_id` bigint UNSIGNED NOT NULL,
  `name` varchar(255) COLLATE utf8mb4_unicode_ci NOT NULL,
  `code` varchar(255) COLLATE utf8mb4_unicode_ci DEFAULT NULL COMMENT 'state code',
  `status` enum('Active','Inactive') COLLATE utf8mb4_unicode_ci NOT NULL DEFAULT 'Active',
  `user_id` bigint UNSIGNED NOT NULL,
  `created_at` timestamp NULL DEFAULT NULL,
  `updated_at` timestamp NULL DEFAULT NULL
) ENGINE=InnoDB DEFAULT CHARSET=utf8mb4 COLLATE=utf8mb4_unicode_ci;

--
-- Dumping data for table `states`
--

INSERT INTO `states` (`id`, `country_id`, `name`, `code`, `status`, `user_id`, `created_at`, `updated_at`) VALUES
(1, 1, 'Dhaka', NULL, 'Active', 1, '2025-04-13 01:30:18', '2025-04-13 01:30:18'),
(2, 1, 'Bogura', NULL, 'Active', 1, '2025-04-13 02:56:36', '2025-04-13 02:56:36');

-- --------------------------------------------------------

--
-- Table structure for table `thanas`
--

CREATE TABLE `thanas` (
  `id` bigint UNSIGNED NOT NULL,
  `district_id` bigint UNSIGNED NOT NULL,
  `code` char(3) COLLATE utf8mb4_unicode_ci NOT NULL COMMENT 'Thana code',
  `name` varchar(255) COLLATE utf8mb4_unicode_ci NOT NULL COMMENT 'Police Station Name',
  `status` enum('Active','Inactive') COLLATE utf8mb4_unicode_ci NOT NULL DEFAULT 'Active',
  `user_id` bigint UNSIGNED NOT NULL,
  `created_at` timestamp NULL DEFAULT NULL,
  `updated_at` timestamp NULL DEFAULT NULL
) ENGINE=InnoDB DEFAULT CHARSET=utf8mb4 COLLATE=utf8mb4_unicode_ci;

--
-- Dumping data for table `thanas`
--

INSERT INTO `thanas` (`id`, `district_id`, `code`, `name`, `status`, `user_id`, `created_at`, `updated_at`) VALUES
(1, 2, 'POL', 'Pallobi', 'Active', 1, '2025-04-08 23:07:00', '2025-04-08 23:07:15'),
(2, 3, 'NSP', 'Narayanganj Sadar Model', 'Active', 1, '2025-05-14 12:35:41', '2025-05-17 00:16:50'),
(3, 3, 'FPS', 'Fatullah Model', 'Active', 1, '2025-05-14 12:36:07', '2025-05-17 00:17:28'),
(4, 3, 'SPS', 'Siddhirganj', 'Active', 1, '2025-05-14 12:36:34', '2025-05-17 00:17:46'),
(5, 3, 'BPS', 'Bandar', 'Active', 1, '2025-05-14 12:36:56', '2025-05-17 00:17:56'),
(6, 3, 'RPS', 'Rupganj', 'Active', 1, '2025-05-14 12:37:16', '2025-05-17 00:17:16'),
(7, 3, 'SPS', 'Sonargaon', 'Active', 1, '2025-05-14 12:37:43', '2025-05-17 00:18:05'),
(8, 3, 'APS', 'Araihazar', 'Active', 1, '2025-05-14 12:38:06', '2025-05-17 00:18:15'),
(9, 52, 'CDP', 'Chandpur Sadar', 'Active', 1, '2025-05-14 23:25:04', '2025-05-14 23:25:04'),
(10, 52, 'CDP', 'Faridganj', 'Active', 1, '2025-05-14 23:26:41', '2025-05-14 23:26:41'),
(11, 52, 'CDP', 'Haim Char', 'Active', 1, '2025-05-14 23:30:29', '2025-05-14 23:30:29'),
(12, 52, 'CDP', 'Hajiganj', 'Active', 1, '2025-05-14 23:31:32', '2025-05-14 23:31:32'),
(13, 52, 'CDP', 'Kachua', 'Active', 1, '2025-05-14 23:32:32', '2025-05-14 23:32:32'),
(14, 52, 'CDP', 'Matlab Dakshin', 'Active', 1, '2025-05-14 23:33:28', '2025-05-14 23:33:28'),
(15, 52, 'CDP', 'Matlab Uttar', 'Active', 1, '2025-05-14 23:34:50', '2025-05-14 23:34:50'),
(16, 52, 'CDP', 'Shahrasti', 'Active', 1, '2025-05-14 23:36:15', '2025-05-14 23:36:15'),
(17, 2, 'ABD', 'Adabor', 'Active', 1, '2025-05-17 00:01:21', '2025-05-17 00:01:21'),
(18, 2, 'BDD', 'Badda', 'Active', 1, '2025-05-17 00:01:48', '2025-05-17 00:01:48'),
(19, 2, 'BNN', 'Banani', 'Active', 1, '2025-05-17 00:02:10', '2025-05-17 00:02:10'),
(20, 2, 'BNS', 'Bangshal', 'Active', 1, '2025-05-17 00:02:32', '2025-05-17 00:02:32'),
(21, 2, 'BMD', 'Bimanbandar', 'Active', 1, '2025-05-17 00:02:51', '2025-05-17 00:02:51'),
(22, 2, 'CTM', 'Cantonment', 'Active', 1, '2025-05-17 00:03:08', '2025-05-17 00:03:08'),
(23, 2, 'CKB', 'Chalkbazar', 'Active', 1, '2025-05-17 00:03:32', '2025-05-17 00:03:32'),
(24, 2, 'DKK', 'Dakshin Khan', 'Active', 1, '2025-05-17 00:03:52', '2025-05-17 00:03:52'),
(25, 2, 'DRS', 'Darus-Salam', 'Active', 1, '2025-05-17 00:04:18', '2025-05-17 00:04:18'),
(26, 2, 'DMR', 'Demra', 'Active', 1, '2025-05-17 00:04:37', '2025-05-17 00:04:37'),
(27, 2, 'DNM', 'Dhanmondi', 'Active', 1, '2025-05-17 00:05:01', '2025-05-17 00:05:01'),
(28, 2, 'GND', 'Gandaria', 'Active', 1, '2025-05-17 00:05:17', '2025-05-17 00:05:17'),
(29, 2, 'GLS', 'Gulshan', 'Active', 1, '2025-05-17 00:05:34', '2025-05-17 00:05:34'),
(30, 2, 'HZB', 'Hazaribag', 'Active', 1, '2025-05-17 00:05:50', '2025-05-17 00:05:50'),
(31, 2, 'JTB', 'Jattrabari', 'Active', 1, '2025-05-17 00:06:06', '2025-05-17 00:06:06'),
(32, 2, 'KFR', 'Kafrul', 'Active', 1, '2025-05-17 00:06:20', '2025-05-17 00:06:20'),
(33, 2, 'KLB', 'Kalabagan', 'Active', 1, '2025-05-17 00:06:38', '2025-05-17 00:06:38'),
(34, 2, 'KMR', 'Kamrangirchar', 'Active', 1, '2025-05-17 00:06:56', '2025-05-17 00:06:56'),
(35, 2, 'KLG', 'Khilgaon', 'Active', 1, '2025-05-17 00:07:10', '2025-05-17 00:07:10'),
(36, 2, 'KLK', 'Khilkhet', 'Active', 1, '2025-05-17 00:07:25', '2025-05-17 00:07:25'),
(37, 2, 'KDM', 'Kodomtali', 'Active', 1, '2025-05-17 00:07:38', '2025-05-17 00:07:38'),
(38, 2, 'KTW', 'Kotwali', 'Active', 1, '2025-05-17 00:07:55', '2025-05-17 00:07:55'),
(39, 2, 'LLB', 'Lalbagh', 'Active', 1, '2025-05-17 00:08:13', '2025-05-17 00:08:13'),
(40, 2, 'MRP', 'Mirpur Model', 'Active', 1, '2025-05-17 00:08:34', '2025-05-17 00:08:34'),
(41, 2, 'MMD', 'Mohammadpur', 'Active', 1, '2025-05-17 00:08:49', '2025-05-17 00:08:49'),
(42, 2, 'MTJ', 'Motijheel', 'Active', 1, '2025-05-17 00:09:04', '2025-05-17 00:09:04'),
(43, 2, 'MGD', 'Mugda', 'Active', 1, '2025-05-17 00:09:19', '2025-05-17 00:09:19'),
(44, 2, 'NMK', 'New Market', 'Active', 1, '2025-05-17 00:09:37', '2025-05-17 00:09:37'),
(45, 2, 'PLB', 'Pallabi', 'Active', 1, '2025-05-17 00:09:52', '2025-05-17 00:09:52'),
(46, 2, 'PLT', 'Paltan', 'Active', 1, '2025-05-17 00:10:08', '2025-05-17 00:10:08'),
(47, 2, 'RMN', 'Ramna', 'Active', 1, '2025-05-17 00:10:23', '2025-05-17 00:10:23'),
(48, 2, 'RMP', 'Rampura', 'Active', 1, '2025-05-17 00:10:35', '2025-05-17 00:10:35'),
(49, 2, 'RPN', 'Rupnagar', 'Active', 1, '2025-05-17 00:10:54', '2025-05-17 00:10:54'),
(50, 2, 'SBJ', 'Sabujbag', 'Active', 1, '2025-05-17 00:11:11', '2025-05-17 00:11:11'),
(51, 2, 'SHA', 'Shah Ali', 'Active', 1, '2025-05-17 00:11:29', '2025-05-17 00:11:29'),
(52, 2, 'SHB', 'Shahbag', 'Active', 1, '2025-05-17 00:11:44', '2025-05-17 00:11:44'),
(53, 2, 'SJN', 'Shahjahanpur', 'Active', 1, '2025-05-17 00:12:15', '2025-05-17 00:12:15'),
(54, 2, 'STR', 'Sutrapur', 'Active', 1, '2025-05-17 00:12:30', '2025-05-17 00:12:30'),
(55, 2, 'SYM', 'Shyampur', 'Active', 1, '2025-05-17 00:12:47', '2025-05-17 00:12:47'),
(56, 2, 'SBN', 'Sher-e-Bangla Nagar', 'Active', 1, '2025-05-17 00:13:04', '2025-05-17 00:13:04'),
(57, 2, 'TGI', 'Tejgaon Industrial', 'Active', 1, '2025-05-17 00:13:23', '2025-05-17 00:13:23'),
(58, 2, 'TJG', 'Tejgaon', 'Active', 1, '2025-05-17 00:13:43', '2025-05-17 00:13:43'),
(59, 2, 'TRG', 'Turag', 'Active', 1, '2025-05-17 00:13:58', '2025-05-17 00:13:58'),
(60, 2, 'UTE', 'Uttara East', 'Active', 1, '2025-05-17 00:14:15', '2025-05-17 00:14:15'),
(61, 2, 'UTW', 'Uttara West', 'Active', 1, '2025-05-17 00:14:31', '2025-05-17 00:14:31'),
(62, 2, 'UTK', 'Uttar Khan', 'Active', 1, '2025-05-17 00:15:04', '2025-05-17 00:15:04'),
(63, 2, 'BST', 'Basantek', 'Active', 1, '2025-05-17 00:15:24', '2025-05-17 00:15:24'),
(64, 2, 'VTR', 'Vatara', 'Active', 1, '2025-05-17 00:15:41', '2025-05-17 00:15:41'),
(65, 2, 'WRI', 'Wari', 'Active', 1, '2025-05-17 00:15:57', '2025-05-17 00:15:57'),
(66, 4, 'MDP', 'Madaripur Sadar Upazila', 'Active', 1, '2025-05-18 02:12:46', '2025-05-18 02:12:46'),
(67, 5, 'MDP', 'Shibchar Upazila', 'Active', 1, '2025-05-18 02:13:51', '2025-05-18 02:13:51'),
(68, 5, 'MDP', 'Kalkini Upazila', 'Active', 1, '2025-05-18 02:15:12', '2025-05-18 02:15:12'),
(69, 5, 'MDP', 'Rajoir Upazila', 'Active', 1, '2025-05-18 02:15:53', '2025-05-18 02:15:53'),
(70, 4, 'FDP', 'Rajoir Upazila', 'Active', 1, '2025-05-18 02:22:15', '2025-05-18 02:22:15'),
(71, 4, 'FDP', 'Madhukhali', 'Active', 1, '2025-05-18 02:23:27', '2025-05-18 02:23:27'),
(72, 4, 'FDP', 'Boalmari', 'Active', 1, '2025-05-18 02:24:11', '2025-05-18 02:24:11'),
(73, 4, 'FDP', 'Alfadanga', 'Active', 1, '2025-05-18 02:25:30', '2025-05-18 02:25:30'),
(74, 4, 'FDP', 'Saltha', 'Active', 1, '2025-05-18 02:26:10', '2025-05-18 02:26:10'),
(75, 4, 'FDP', 'Nagarkanda', 'Active', 1, '2025-05-18 02:28:38', '2025-05-18 02:28:38'),
(76, 4, 'FDP', 'Bhanga', 'Active', 1, '2025-05-18 02:29:09', '2025-05-18 02:29:09'),
(77, 4, 'FDP', 'Sadarpur', 'Active', 1, '2025-05-18 02:29:45', '2025-05-18 02:29:45'),
(79, 4, 'FDP', 'Charabhadrasan', 'Active', 1, '2025-05-18 02:34:10', '2025-05-18 02:34:10'),
(80, 6, 'MUD', 'Lohajang Upazila', 'Active', 1, '2025-05-18 22:10:12', '2025-05-18 22:10:12'),
(81, 6, 'MUD', 'Sreenagar Upazila', 'Active', 1, '2025-05-18 22:11:32', '2025-05-18 22:11:32'),
(82, 6, 'MUD', 'Munshiganj Sadar Upazila', 'Active', 1, '2025-05-18 22:12:14', '2025-05-18 22:12:14'),
(83, 6, 'MUD', 'Sirajdikhan Upazila', 'Active', 1, '2025-05-18 22:13:15', '2025-05-18 22:13:15'),
(84, 6, 'MUD', 'Tongibari Upazila', 'Active', 1, '2025-05-18 22:13:50', '2025-05-18 22:13:50'),
(85, 6, 'MDP', 'Gazaria Upazila', 'Active', 1, '2025-05-18 22:14:31', '2025-05-18 22:14:31'),
(86, 7, 'GPD', 'Gopalganj Sadar', 'Active', 1, '2025-05-19 02:40:42', '2025-05-19 02:40:42'),
(87, 7, 'GPD', 'Tungipara', 'Active', 1, '2025-05-19 02:41:26', '2025-05-19 02:41:26'),
(88, 7, 'GPD', 'Kotalipara', 'Active', 1, '2025-05-19 02:42:08', '2025-05-19 02:42:08'),
(89, 7, 'GPD', 'Kashiani', 'Active', 1, '2025-05-19 02:42:36', '2025-05-19 02:42:36'),
(90, 7, 'GPD', 'Muksudpur', 'Active', 1, '2025-05-19 02:43:14', '2025-05-19 02:43:14'),
(91, 8, 'CHD', 'Rangunia', 'Active', 1, '2025-05-19 02:51:43', '2025-05-19 02:51:43'),
(92, 8, 'CHD', 'Sitakunda', 'Active', 1, '2025-05-19 02:53:53', '2025-05-19 02:53:53'),
(93, 8, 'CHD', 'Boalkhali', 'Active', 1, '2025-05-19 02:54:30', '2025-05-19 02:54:30'),
(94, 8, 'CHD', 'Anwara', 'Active', 1, '2025-05-19 02:55:19', '2025-05-19 02:55:19'),
(95, 8, 'CHD', 'Chandanaish', 'Active', 1, '2025-05-19 02:55:57', '2025-05-19 02:55:57'),
(96, 8, 'CHD', 'Satkania', 'Active', 1, '2025-05-19 02:56:30', '2025-05-19 02:56:30'),
(97, 8, 'CHD', 'Mirsarai', 'Active', 1, '2025-05-19 02:57:12', '2025-05-19 02:57:12'),
(98, 8, 'CHD', 'Patiya', 'Active', 1, '2025-05-19 02:58:08', '2025-05-19 02:58:08'),
(99, 8, 'CHD', 'Sandwip', 'Active', 1, '2025-05-19 02:58:32', '2025-05-19 02:58:32'),
(100, 8, 'CHD', 'Banshkhali', 'Active', 1, '2025-05-19 02:58:57', '2025-05-19 02:58:57'),
(101, 8, 'CHD', 'Lohagara', 'Active', 1, '2025-05-19 02:59:27', '2025-05-19 02:59:27'),
(102, 8, 'CHD', 'Hathazari', 'Active', 1, '2025-05-19 02:59:59', '2025-05-19 02:59:59'),
(103, 8, 'CHD', 'Fatikchari', 'Active', 1, '2025-05-19 03:00:40', '2025-05-19 03:00:40'),
(104, 8, 'CHD', 'Raozan', 'Active', 1, '2025-05-19 03:01:31', '2025-05-19 03:01:31'),
(105, 8, 'CHD', 'Karnaphuli', 'Active', 1, '2025-05-19 03:02:27', '2025-05-19 03:02:27'),
(106, 9, 'COX', 'Cox\'s Bazar Sadar,', 'Active', 1, '2025-05-19 03:04:31', '2025-05-19 03:20:33'),
(107, 9, 'COX', 'Chakaria', 'Active', 1, '2025-05-19 03:05:16', '2025-05-19 03:05:50'),
(108, 9, 'COX', 'Kutubdia', 'Active', 1, '2025-05-19 03:16:41', '2025-05-19 03:16:41'),
(109, 9, 'COX', 'Ukhiya', 'Active', 1, '2025-05-19 03:17:06', '2025-05-19 03:17:06'),
(110, 9, 'COX', 'Maheshkhali', 'Active', 1, '2025-05-19 03:17:39', '2025-05-19 03:17:39'),
(111, 9, 'COX', 'Pekua', 'Active', 1, '2025-05-19 03:18:08', '2025-05-19 03:18:08'),
(112, 9, 'COX', 'Ramu', 'Active', 1, '2025-05-19 03:18:44', '2025-05-19 03:18:44'),
(113, 9, 'COX', 'Teknaf', 'Active', 1, '2025-05-19 03:19:11', '2025-05-19 03:19:11'),
(114, 9, 'COX', 'Eidgah', 'Active', 1, '2025-05-19 03:21:26', '2025-05-19 03:21:26'),
(115, 10, 'FAD', 'Chhagalnaiya', 'Active', 1, '2025-05-19 03:24:47', '2025-05-19 03:24:47'),
(116, 10, 'FAD', 'Feni Sadar', 'Active', 1, '2025-05-19 03:25:38', '2025-05-19 03:25:38'),
(117, 10, 'FAD', 'Sonagazi', 'Active', 1, '2025-05-19 03:26:03', '2025-05-19 03:26:03'),
(118, 10, 'FAD', 'Fulgazi', 'Active', 1, '2025-05-19 03:26:34', '2025-05-19 03:26:34'),
(119, 10, 'FAD', 'Parshuram', 'Active', 1, '2025-05-19 03:26:53', '2025-05-19 03:26:53'),
(120, 10, 'FAD', 'Daganbhuiyan', 'Active', 1, '2025-05-19 03:27:28', '2025-05-19 03:27:28'),
(121, 11, 'CMD', 'Debidwar', 'Active', 1, '2025-05-19 03:30:40', '2025-05-19 03:30:40'),
(122, 11, 'CMD', 'Barura', 'Active', 1, '2025-05-19 03:31:32', '2025-05-19 03:31:32'),
(123, 11, 'CMD', 'Brahmanpara', 'Active', 1, '2025-05-19 03:32:07', '2025-05-19 03:32:07'),
(124, 11, 'CMD', 'Chandina', 'Active', 1, '2025-05-19 03:32:52', '2025-05-19 03:32:52'),
(125, 11, 'CMD', 'Chauddagram', 'Active', 1, '2025-05-19 03:35:11', '2025-05-19 03:35:11'),
(126, 11, 'CMD', 'Daudkandi', 'Active', 1, '2025-05-19 03:38:42', '2025-05-19 03:38:42'),
(127, 11, 'CMD', 'Homna', 'Active', 1, '2025-05-19 03:47:37', '2025-05-19 03:47:37'),
(128, 11, 'CMD', 'Laksam', 'Active', 1, '2025-05-19 03:48:20', '2025-05-19 03:48:20'),
(129, 11, 'CMD', 'Muradnagar', 'Active', 1, '2025-05-19 03:48:48', '2025-05-19 03:48:48'),
(130, 11, 'CMD', 'Nangalkot', 'Active', 1, '2025-05-19 03:49:34', '2025-05-19 03:49:34'),
(131, 11, 'CMD', 'Comilla', 'Active', 1, '2025-05-19 03:50:13', '2025-05-19 03:50:13'),
(132, 11, 'CMD', 'Meghna', 'Active', 1, '2025-05-19 03:50:38', '2025-05-19 03:50:38'),
(133, 11, 'CMD', 'Manoharganj', 'Active', 1, '2025-05-19 03:51:30', '2025-05-19 03:51:30'),
(134, 11, 'CMD', 'Sadar South', 'Active', 1, '2025-05-19 03:53:17', '2025-05-19 03:53:17'),
(135, 11, 'CMD', 'Titas', 'Active', 1, '2025-05-19 03:53:55', '2025-05-19 03:53:55'),
(136, 11, 'CMD', 'Burichang', 'Active', 1, '2025-05-19 03:54:19', '2025-05-19 03:54:19'),
(137, 11, 'CMD', 'Lalmai', 'Active', 1, '2025-05-19 03:54:46', '2025-05-19 03:54:46'),
(138, 12, 'LAD', 'Lakshmipur Sadar', 'Active', 1, '2025-05-19 03:57:21', '2025-05-19 03:57:21'),
(139, 12, 'LAD', 'Kamalnagar', 'Active', 1, '2025-05-19 03:58:13', '2025-05-19 03:58:13'),
(140, 12, 'LAD', 'Raipur', 'Active', 1, '2025-05-19 03:58:46', '2025-05-19 03:58:46'),
(141, 12, 'LAD', 'Ramgati', 'Active', 1, '2025-05-19 03:59:20', '2025-05-19 03:59:20'),
(142, 12, 'LAD', 'Ramganj', 'Active', 1, '2025-05-19 03:59:50', '2025-05-19 03:59:50'),
(143, 12, 'LAD', 'Chandraganj', 'Active', 1, '2025-05-19 04:00:20', '2025-05-19 04:00:20'),
(144, 13, 'RAD', 'Poba', 'Active', 1, '2025-05-19 04:05:33', '2025-05-19 04:05:33'),
(145, 13, 'RAD', 'Durgapur', 'Active', 1, '2025-05-19 04:05:58', '2025-05-19 04:05:58'),
(146, 13, 'RAD', 'Bagha', 'Active', 1, '2025-05-19 04:07:15', '2025-05-19 04:07:15'),
(147, 13, 'RAD', 'Godagari', 'Active', 1, '2025-05-19 04:07:54', '2025-05-19 04:07:54'),
(148, 13, 'RAD', 'Mohanpur', 'Active', 1, '2025-05-19 04:08:36', '2025-05-19 04:08:36'),
(149, 13, 'RAD', 'Charghat', 'Active', 1, '2025-05-19 04:09:04', '2025-05-19 04:09:04'),
(150, 13, 'RAD', 'Puthia', 'Active', 1, '2025-05-19 04:09:27', '2025-05-19 04:09:27'),
(151, 13, 'RAD', 'Tanore', 'Active', 1, '2025-05-19 04:09:53', '2025-05-19 04:09:53'),
(152, 13, 'RAD', 'Bagmara', 'Active', 1, '2025-05-19 04:10:22', '2025-05-19 04:10:22'),
(153, 14, 'BOD', 'Bogra Sadar,', 'Active', 1, '2025-05-19 04:12:35', '2025-05-19 04:12:35'),
(154, 14, 'BOD', 'Sariakandi', 'Active', 1, '2025-05-19 04:13:44', '2025-05-19 04:13:44'),
(155, 14, 'BOD', 'Kahalu', 'Active', 1, '2025-05-19 04:29:28', '2025-05-19 04:29:28'),
(156, 14, 'BOD', 'Shahjahanpur', 'Active', 1, '2025-05-19 04:31:22', '2025-05-19 04:31:22'),
(157, 14, 'BOD', 'Dupchachia', 'Active', 1, '2025-05-19 04:31:53', '2025-05-19 04:31:53'),
(158, 14, 'BOD', 'Adamdighi', 'Active', 1, '2025-05-19 04:32:25', '2025-05-19 04:32:25'),
(159, 14, 'BOD', 'Dhunat', 'Active', 1, '2025-05-19 04:33:25', '2025-05-19 04:33:25'),
(160, 14, 'BOD', 'Gabtoli', 'Active', 1, '2025-05-19 04:35:58', '2025-05-19 04:35:58'),
(162, 14, 'BOD', 'Nandigram', 'Active', 1, '2025-05-19 04:37:06', '2025-05-19 04:37:06'),
(163, 14, 'BOD', 'Sonatala', 'Active', 1, '2025-05-19 04:37:55', '2025-05-19 04:37:55'),
(164, 14, 'BOD', 'Sherpur', 'Active', 1, '2025-05-19 04:38:33', '2025-05-19 04:38:33'),
(165, 14, 'BOD', 'Shibganj', 'Active', 1, '2025-05-19 04:38:55', '2025-05-19 04:38:55'),
(166, 15, 'NAD', 'Mahadevpur', 'Active', 1, '2025-05-22 02:49:42', '2025-05-22 02:49:42'),
(167, 15, 'NAD', 'Badalgachhi', 'Active', 1, '2025-05-22 02:50:40', '2025-05-22 02:50:40'),
(168, 15, 'NAD', 'Patnitala', 'Active', 1, '2025-05-22 02:51:07', '2025-05-22 02:51:07'),
(169, 15, 'NAD', 'Dhamoirhat', 'Active', 1, '2025-05-22 06:16:46', '2025-05-22 06:16:46'),
(170, 15, 'NAD', 'Neamatpur', 'Active', 1, '2025-05-22 06:17:24', '2025-05-22 06:17:24'),
(171, 15, 'NAD', 'Manda', 'Active', 1, '2025-05-22 06:17:53', '2025-05-22 06:17:53'),
(172, 15, 'NAD', 'Atrai', 'Active', 1, '2025-05-22 06:18:24', '2025-05-22 06:18:24'),
(173, 15, 'NAD', 'Raninagar', 'Active', 1, '2025-05-22 06:18:54', '2025-05-22 06:18:54'),
(174, 15, 'NAD', 'Naogaon Sadar', 'Active', 1, '2025-05-22 06:19:39', '2025-05-22 06:19:39'),
(175, 15, 'NAD', 'Porsha', 'Active', 1, '2025-05-22 06:20:17', '2025-05-22 06:20:17'),
(176, 15, 'NAD', 'Sapahar', 'Active', 1, '2025-05-22 06:20:46', '2025-05-22 06:20:46'),
(177, 16, 'PAD', 'Pabna Sadar', 'Active', 1, '2025-05-29 03:13:27', '2025-05-29 03:13:27'),
(178, 16, 'PAD', 'Sujanagar', 'Active', 1, '2025-05-29 03:14:05', '2025-05-29 03:14:05'),
(179, 16, 'PAD', 'Ishwardi', 'Active', 1, '2025-05-29 03:14:49', '2025-05-29 03:14:49'),
(180, 16, 'PAD', 'Atgharia', 'Active', 1, '2025-05-29 03:15:15', '2025-05-29 03:15:15'),
(181, 16, 'PAD', 'Chatmohar', 'Active', 1, '2025-05-29 03:15:42', '2025-05-29 03:15:42'),
(182, 16, 'PAD', 'Santhia', 'Active', 1, '2025-05-29 03:16:11', '2025-05-29 03:16:11'),
(183, 16, 'PAD', 'Bhangura', 'Active', 1, '2025-05-29 03:16:50', '2025-05-29 03:16:50'),
(184, 16, 'PAD', 'The fence', 'Active', 1, '2025-05-29 03:17:23', '2025-05-29 03:17:23'),
(185, 16, 'PAD', 'Faridpur Upazila', 'Active', 1, '2025-05-29 03:18:23', '2025-05-29 03:18:23'),
(186, 17, 'JHS', 'Joypurhat Sadar', 'Active', 1, '2025-05-29 05:02:30', '2025-05-29 05:02:30'),
(187, 17, 'AKP', 'Akkelpur', 'Active', 1, '2025-05-29 05:02:55', '2025-05-29 05:02:55'),
(188, 17, 'KLI', 'Kalai', 'Active', 1, '2025-05-29 05:03:16', '2025-05-29 05:03:16'),
(189, 17, 'PBI', 'Panch Bibi', 'Active', 1, '2025-05-29 05:03:59', '2025-05-29 05:03:59'),
(190, 17, 'KHL', 'Khetlal', 'Active', 1, '2025-05-29 05:04:47', '2025-05-29 05:04:47'),
(191, 18, 'KNS', 'Khulna Sadar', 'Active', 1, '2025-05-29 05:05:42', '2025-05-29 05:05:42'),
(192, 18, 'SDG', 'Sonadanga', 'Active', 1, '2025-05-29 05:08:59', '2025-05-29 05:08:59'),
(193, 18, 'DLP', 'Daulatpur', 'Active', 1, '2025-05-29 05:09:20', '2025-05-29 05:09:20'),
(194, 18, 'PHT', 'Phultola', 'Active', 1, '2025-05-29 05:10:57', '2025-05-29 05:10:57'),
(195, 16, 'DMR', 'Dumuria', 'Active', 1, '2025-05-29 05:11:43', '2025-05-29 05:11:43'),
(196, 18, 'TRK', 'Terokhada', 'Active', 1, '2025-05-29 05:12:24', '2025-05-29 05:12:24'),
(197, 18, 'DGL', 'Degholia', 'Active', 1, '2025-05-29 05:12:50', '2025-05-29 05:12:50'),
(198, 18, 'RPS', 'Rupsha', 'Active', 1, '2025-05-29 05:13:24', '2025-05-29 05:13:24'),
(199, 18, 'BTG', 'Bhatiaghata', 'Active', 1, '2025-05-29 05:13:48', '2025-05-29 05:13:48'),
(200, 18, 'DKP', 'Dakop', 'Active', 1, '2025-05-29 05:14:06', '2025-05-29 05:14:06'),
(201, 18, 'KIR', 'Koira', 'Active', 1, '2025-05-29 05:14:24', '2025-05-29 05:14:24'),
(202, 19, 'BAD', 'Bagerhat Sadar', 'Active', 1, '2025-05-31 07:10:49', '2025-05-31 07:10:49'),
(203, 19, 'BAD', 'Sharankhola', 'Active', 1, '2025-05-31 07:11:25', '2025-05-31 07:11:25'),
(204, 19, 'BAD', 'Rampal', 'Active', 1, '2025-05-31 07:11:56', '2025-05-31 07:11:56'),
(205, 19, 'BAD', 'Morrelganj', 'Active', 1, '2025-05-31 07:12:25', '2025-05-31 07:12:25'),
(206, 19, 'BAD', 'Mollahat', 'Active', 1, '2025-05-31 07:13:03', '2025-05-31 07:13:03'),
(207, 19, 'BAD', 'Kachua', 'Active', 1, '2025-05-31 07:13:41', '2025-05-31 07:13:41'),
(208, 19, 'BAD', 'Fakirhat', 'Active', 1, '2025-05-31 07:14:32', '2025-05-31 07:14:32'),
(209, 19, 'BAD', 'Mongla', 'Active', 1, '2025-05-31 07:15:09', '2025-05-31 07:15:09'),
(210, 19, 'BAD', 'Chitalmari', 'Active', 1, '2025-05-31 07:15:52', '2025-05-31 07:15:52'),
(211, 20, 'SAD', 'Hope', 'Active', 1, '2025-05-31 07:18:16', '2025-05-31 07:18:16'),
(212, 20, 'SAD', 'Debhata', 'Active', 1, '2025-05-31 07:18:40', '2025-05-31 07:18:40'),
(213, 20, 'SAD', 'Kolaroa', 'Active', 1, '2025-05-31 07:19:18', '2025-05-31 07:19:18'),
(214, 20, 'SAD', 'Satkhira Sadar', 'Active', 1, '2025-05-31 07:19:48', '2025-05-31 07:19:48'),
(215, 20, 'SAD', 'Shyamnagar', 'Active', 1, '2025-05-31 07:20:29', '2025-05-31 07:20:29'),
(216, 20, 'SAD', 'Lock', 'Active', 1, '2025-05-31 07:21:23', '2025-05-31 07:22:36'),
(217, 20, 'SAD', 'Kaliganj', 'Active', 1, '2025-05-31 07:22:18', '2025-05-31 07:22:18'),
(219, 21, 'JED', 'Manirampur', 'Active', 1, '2025-05-31 07:29:33', '2025-05-31 07:29:33'),
(220, 21, 'JAD', 'Abhaynagar', 'Active', 1, '2025-05-31 07:30:23', '2025-05-31 07:30:23'),
(221, 21, 'JAD', 'Bagharpara', 'Active', 1, '2025-05-31 07:30:51', '2025-05-31 07:30:51'),
(222, 21, 'JAD', 'Chaugachha', 'Active', 1, '2025-05-31 07:31:19', '2025-05-31 07:31:19'),
(223, 21, 'JAD', 'Jhikargachha', 'Active', 1, '2025-05-31 07:31:52', '2025-05-31 07:31:52'),
(224, 21, 'JAD', 'Keshabpur', 'Active', 1, '2025-05-31 07:32:18', '2025-05-31 07:32:18'),
(225, 21, 'JAD', 'Jessore Sadar', 'Active', 1, '2025-05-31 07:32:51', '2025-05-31 07:32:51'),
(226, 21, 'JAD', 'Sharsha', 'Active', 1, '2025-05-31 07:33:25', '2025-05-31 07:33:25'),
(227, 22, 'BRD', 'Barisal Sadar', 'Active', 1, '2025-05-31 07:39:14', '2025-05-31 07:39:14'),
(228, 22, 'BRD', 'Bakerganj', 'Active', 1, '2025-05-31 07:39:48', '2025-05-31 07:39:48'),
(229, 22, 'BRD', 'Gournadi', 'Active', 1, '2025-05-31 07:40:24', '2025-05-31 07:40:24'),
(230, 22, 'BRD', 'Agailjhara', 'Active', 1, '2025-05-31 07:41:09', '2025-05-31 07:41:09'),
(231, 22, 'BRD', 'Banaripara', 'Active', 1, '2025-05-31 07:42:27', '2025-05-31 07:42:27'),
(232, 22, 'BRD', 'Muladi', 'Active', 1, '2025-05-31 07:44:28', '2025-05-31 07:44:28'),
(233, 22, 'BRD', 'Mehendiganj', 'Active', 1, '2025-05-31 07:45:27', '2025-05-31 07:45:27'),
(234, 22, 'BRD', 'Babuganj', 'Active', 1, '2025-05-31 07:46:23', '2025-05-31 07:46:23'),
(235, 22, 'BRD', 'Wazirpur,', 'Active', 1, '2025-05-31 07:47:45', '2025-05-31 07:47:45'),
(236, 22, 'BRD', 'Hijla', 'Active', 1, '2025-05-31 07:49:11', '2025-05-31 07:50:21'),
(237, 23, 'BHD', 'Bhola Sadar', 'Active', 1, '2025-05-31 07:52:50', '2025-05-31 07:52:50'),
(238, 23, 'BHD', 'Daulatkhan', 'Active', 1, '2025-05-31 07:54:19', '2025-05-31 07:54:19'),
(239, 23, 'BHD', 'Manpura', 'Active', 1, '2025-05-31 07:56:17', '2025-05-31 07:56:17'),
(240, 23, 'BHD', 'Charfashion', 'Active', 1, '2025-05-31 07:57:18', '2025-05-31 07:57:18'),
(241, 23, 'BHD', 'Tazumuddin', 'Active', 1, '2025-05-31 07:58:05', '2025-05-31 07:58:05'),
(242, 23, 'BHD', 'Borhan Uddin', 'Active', 1, '2025-05-31 08:10:16', '2025-05-31 08:10:16'),
(243, 23, 'BHD', 'Lalmohan', 'Active', 1, '2025-05-31 08:10:54', '2025-05-31 08:10:54'),
(244, 24, 'PAD', 'Lalmohan', 'Active', 1, '2025-05-31 08:13:30', '2025-05-31 08:13:30'),
(245, 24, 'PAD', 'Dumki', 'Active', 1, '2025-05-31 08:14:11', '2025-05-31 08:14:11'),
(246, 24, 'PAD', 'Dashmina', 'Active', 1, '2025-05-31 08:14:38', '2025-05-31 08:14:38'),
(247, 24, 'PAD', 'Baufal', 'Active', 1, '2025-05-31 08:15:12', '2025-05-31 08:15:12'),
(248, 24, 'PAD', 'Mirzaganj', 'Active', 1, '2025-05-31 08:15:51', '2025-05-31 08:15:51'),
(249, 24, 'PAD', 'Galachipa', 'Active', 1, '2025-05-31 08:16:21', '2025-05-31 08:16:21'),
(250, 24, 'PAD', 'Kalapara', 'Active', 1, '2025-05-31 08:16:44', '2025-05-31 08:16:44'),
(251, 24, 'PAD', 'Rangabali', 'Active', 1, '2025-05-31 08:17:15', '2025-05-31 08:17:15'),
(252, 25, 'JHD', 'Jhalokati Sadar', 'Active', 1, '2025-05-31 08:19:17', '2025-05-31 08:19:17'),
(253, 25, 'JHD', 'Plumbing', 'Active', 1, '2025-05-31 08:19:58', '2025-05-31 08:19:58'),
(254, 25, 'JHD', 'Kathalia', 'Active', 1, '2025-05-31 08:20:46', '2025-05-31 08:20:46'),
(255, 25, 'JHD', 'Rajapur', 'Active', 1, '2025-05-31 08:21:18', '2025-05-31 08:21:18'),
(256, 26, 'SYD', 'Sylhet Sadar', 'Active', 1, '2025-05-31 08:22:59', '2025-05-31 08:22:59'),
(257, 26, 'SYD', 'Balaganj', 'Active', 1, '2025-05-31 08:24:04', '2025-05-31 08:24:04'),
(258, 26, 'SYD', 'Fenchuganj', 'Active', 1, '2025-05-31 08:24:59', '2025-05-31 08:24:59'),
(259, 26, 'SYD', 'Golapganj', 'Active', 1, '2025-05-31 08:25:37', '2025-05-31 08:25:37'),
(260, 26, 'SYD', 'Gowainghat', 'Active', 1, '2025-05-31 08:26:11', '2025-05-31 08:30:39'),
(261, 26, 'SYD', 'Beanibazar', 'Active', 1, '2025-05-31 08:26:40', '2025-05-31 08:26:40'),
(262, 26, 'SYD', 'Kanaighat', 'Active', 1, '2025-05-31 08:27:13', '2025-05-31 08:27:13'),
(263, 26, 'SYD', 'Zakiganj', 'Active', 1, '2025-05-31 08:27:40', '2025-05-31 08:27:40'),
(264, 26, 'SYD', 'Vishwanath', 'Active', 1, '2025-05-31 08:28:07', '2025-05-31 08:28:07'),
(265, 26, 'SYD', 'Companiganj', 'Active', 1, '2025-05-31 08:28:33', '2025-05-31 08:28:33'),
(266, 26, 'SYD', 'Jaintapur', 'Active', 1, '2025-05-31 08:28:59', '2025-05-31 08:28:59'),
(267, 26, 'SYD', 'South Surma', 'Active', 1, '2025-05-31 08:29:40', '2025-05-31 08:29:40'),
(268, 26, 'SYD', 'Osmani', 'Active', 1, '2025-05-31 08:30:21', '2025-05-31 08:30:21'),
(269, 27, 'MBD', 'Moulvibazar Sadar', 'Active', 1, '2025-06-04 02:35:01', '2025-06-04 02:35:01'),
(270, 27, 'MBD', 'SreeMangal', 'Active', 1, '2025-06-04 02:35:35', '2025-06-04 02:35:35'),
(271, 27, 'MBD', 'Kulaura', 'Active', 1, '2025-06-04 02:36:14', '2025-06-04 02:36:14'),
(272, 27, 'MBD', 'Kamalganj', 'Active', 1, '2025-06-04 02:36:59', '2025-06-04 02:36:59'),
(273, 27, 'MBD', 'Juri', 'Active', 1, '2025-06-04 02:37:32', '2025-06-04 02:37:32'),
(274, 27, 'MBD', 'Barlekha', 'Active', 1, '2025-06-04 02:38:02', '2025-06-04 02:38:02'),
(275, 27, 'MBD', 'Rajnagar', 'Active', 1, '2025-06-04 02:39:01', '2025-06-04 02:39:01'),
(276, 28, 'HAD', 'Habiganj Sadar Upazila', 'Active', 1, '2025-06-04 02:42:45', '2025-06-04 02:42:45'),
(277, 28, 'HAD', 'Lakhai Upazila', 'Active', 1, '2025-06-04 02:43:24', '2025-06-04 02:43:24'),
(278, 28, 'HAD', 'Madhabpur Upazila', 'Active', 1, '2025-06-04 02:44:05', '2025-06-04 02:44:05'),
(279, 28, 'HAD', 'Nabiganj Upazila', 'Active', 1, '2025-06-04 02:44:57', '2025-06-04 02:44:57'),
(280, 28, 'HAD', 'Chunarughat Upazila', 'Active', 1, '2025-06-04 02:45:44', '2025-06-04 02:45:44'),
(281, 28, 'HAD', 'Baniachang Upazila', 'Active', 1, '2025-06-04 02:46:19', '2025-06-04 02:46:19'),
(282, 28, 'HAD', 'Bahubal Upazila', 'Active', 1, '2025-06-04 02:47:05', '2025-06-04 02:47:05'),
(283, 28, 'HAD', 'Ajmiriganj Upazila', 'Active', 1, '2025-06-04 02:47:59', '2025-06-04 02:47:59'),
(284, 29, 'SUD', 'Sunamganj Sadar', 'Active', 1, '2025-06-04 02:52:43', '2025-06-04 02:52:43'),
(285, 29, 'SUD', 'Chhatak', 'Active', 1, '2025-06-04 02:53:26', '2025-06-04 02:53:26'),
(286, 29, 'SUD', 'Jagannathpur', 'Active', 1, '2025-06-04 02:54:01', '2025-06-04 02:54:01'),
(287, 29, 'SUD', 'Dowarabazar', 'Active', 1, '2025-06-04 02:54:33', '2025-06-04 02:54:33'),
(288, 29, 'SUD', 'South Sunamganj', 'Active', 1, '2025-06-04 02:55:04', '2025-06-04 02:55:04'),
(289, 29, 'SUD', 'Vishwambharpur', 'Active', 1, '2025-06-04 02:55:38', '2025-06-04 02:55:38'),
(290, 29, 'SUD', 'Tahirpur', 'Active', 1, '2025-06-04 02:59:46', '2025-06-04 02:59:46'),
(291, 29, 'SUD', 'Shallah', 'Active', 1, '2025-06-04 03:00:12', '2025-06-04 03:00:12'),
(292, 29, 'SUD', 'Dharmapasha', 'Active', 1, '2025-06-04 03:00:59', '2025-06-04 03:00:59'),
(293, 29, 'SUD', 'Jamalganj', 'Active', 1, '2025-06-04 03:01:54', '2025-06-04 03:01:54'),
(294, 29, 'SUD', 'Dirai', 'Active', 1, '2025-06-04 03:02:26', '2025-06-04 03:02:26'),
(295, 30, 'RAD', 'Rangpur Sadar', 'Active', 1, '2025-06-04 03:05:03', '2025-06-04 03:05:03'),
(296, 30, 'RAD', 'Gangachara', 'Active', 1, '2025-06-04 03:05:32', '2025-06-04 03:05:32'),
(297, 30, 'RAD', 'Badarganj', 'Active', 1, '2025-06-04 03:06:03', '2025-06-04 03:06:03'),
(298, 30, 'RAD', 'Pirganj', 'Active', 1, '2025-06-04 03:06:41', '2025-06-04 03:06:41'),
(299, 30, 'RAD', 'Mithapukur', 'Active', 1, '2025-06-04 03:07:08', '2025-06-04 03:07:08'),
(300, 30, 'RAD', 'Taraganj', 'Active', 1, '2025-06-04 03:07:54', '2025-06-04 03:07:54'),
(301, 30, 'RAD', 'Kaunia', 'Active', 1, '2025-06-04 03:09:16', '2025-06-04 03:09:16'),
(302, 30, 'RAD', 'Pirgachha', 'Active', 1, '2025-06-04 03:10:02', '2025-06-04 03:10:02'),
(303, 31, 'KUD', 'Kurigram Sadar,', 'Active', 1, '2025-06-04 03:12:39', '2025-06-04 03:12:39'),
(304, 31, 'KUD', 'Rajarhat', 'Active', 1, '2025-06-04 03:13:10', '2025-06-04 03:13:10'),
(305, 31, 'KUD', 'Ulipur', 'Active', 1, '2025-06-04 03:13:40', '2025-06-04 03:13:40'),
(306, 31, 'KUD', 'Nageshwari', 'Active', 1, '2025-06-04 03:14:12', '2025-06-04 03:14:12'),
(307, 31, 'KUD', 'Bhurungamari', 'Active', 1, '2025-06-04 03:15:01', '2025-06-04 03:15:01'),
(308, 31, 'KUD', 'Roumari', 'Active', 1, '2025-06-04 03:15:27', '2025-06-04 03:15:27'),
(309, 31, 'KUD', 'Phulbari', 'Active', 1, '2025-06-04 03:15:52', '2025-06-04 03:15:52'),
(310, 31, 'KUD', 'Chilmari', 'Active', 1, '2025-06-04 03:16:14', '2025-06-04 03:16:14'),
(311, 31, 'KUD', 'Char Rajibpur', 'Active', 1, '2025-06-04 03:16:41', '2025-06-04 03:16:41'),
(312, 32, 'DID', 'Dinajpur Sadar', 'Active', 1, '2025-06-04 03:18:25', '2025-06-04 03:18:25'),
(313, 32, 'DID', 'Nawabganj', 'Active', 1, '2025-06-04 03:18:51', '2025-06-04 03:18:51'),
(314, 32, 'DID', 'Birampur', 'Active', 1, '2025-06-04 03:19:34', '2025-06-04 03:19:34'),
(315, 32, 'DID', 'Phulbari', 'Active', 1, '2025-06-04 03:19:59', '2025-06-04 03:19:59'),
(316, 32, 'DID', 'Birgunj', 'Active', 1, '2025-06-04 03:20:23', '2025-06-04 03:20:23'),
(317, 32, 'DID', 'Horses', 'Active', 1, '2025-06-04 03:20:52', '2025-06-04 03:20:52'),
(318, 32, 'DID', 'Hakimpur', 'Active', 1, '2025-06-04 03:21:17', '2025-06-04 03:21:17'),
(319, 32, 'DID', 'Parbatipur', 'Active', 1, '2025-06-04 03:21:44', '2025-06-04 03:21:44'),
(320, 32, 'DID', 'Bochaganj', 'Active', 1, '2025-06-04 03:22:07', '2025-06-04 03:22:07'),
(321, 32, 'DID', 'Kaharol', 'Active', 1, '2025-06-04 03:22:39', '2025-06-04 03:22:39'),
(322, 32, 'DID', 'Khansama', 'Active', 1, '2025-06-04 03:23:08', '2025-06-04 03:23:08'),
(323, 32, 'DID', 'Rare', 'Active', 1, '2025-06-04 03:23:30', '2025-06-04 03:23:30'),
(324, 32, 'DID', 'Chirirbandar', 'Active', 1, '2025-06-04 03:24:01', '2025-06-04 03:24:01'),
(325, 33, 'THD', 'Thakurgaon Sadar,', 'Active', 1, '2025-06-04 03:27:07', '2025-06-04 03:27:07'),
(326, 33, 'THD', 'Haripur', 'Active', 1, '2025-06-04 03:27:32', '2025-06-04 03:27:32'),
(327, 33, 'THD', 'Pirganj', 'Active', 1, '2025-06-04 03:28:11', '2025-06-04 03:28:11'),
(328, 33, 'THD', 'Ranisankail', 'Active', 1, '2025-06-04 03:28:34', '2025-06-04 03:28:34'),
(329, 33, 'THD', 'Baliadangi', 'Active', 1, '2025-06-04 03:28:58', '2025-06-04 03:28:58'),
(330, 34, 'LAD', 'Lalmonirhat Sadar', 'Active', 1, '2025-06-04 03:30:55', '2025-06-04 03:30:55'),
(331, 34, 'LAD', 'Hatibandha', 'Active', 1, '2025-06-04 03:31:25', '2025-06-04 03:31:25'),
(332, 34, 'LAD', 'Patgram', 'Active', 1, '2025-06-04 03:32:32', '2025-06-04 03:32:32'),
(333, 34, 'LAD', 'Kaliganj', 'Active', 1, '2025-06-04 03:32:58', '2025-06-04 03:32:58'),
(334, 34, 'LAD', 'Aditmari', 'Active', 1, '2025-06-04 03:34:04', '2025-06-04 03:34:04'),
(335, 35, 'MYD', 'Mymensingh Sadar', 'Active', 1, '2025-06-04 03:47:11', '2025-06-04 03:47:11'),
(336, 35, 'MYD', 'Phulbaria', 'Active', 1, '2025-06-04 03:48:02', '2025-06-04 03:48:02'),
(337, 35, 'MYD', 'Trishal', 'Active', 1, '2025-06-04 03:49:23', '2025-06-04 03:49:23'),
(338, 35, 'MYD', 'Bear', 'Active', 1, '2025-06-04 03:50:04', '2025-06-04 03:50:04'),
(339, 35, 'MYD', 'Haluaghat', 'Active', 1, '2025-06-04 03:51:51', '2025-06-04 03:51:51'),
(340, 35, 'MYD', 'Ishwarganj', 'Active', 1, '2025-06-04 03:53:05', '2025-06-04 03:53:05'),
(341, 35, 'MYD', 'Nandail', 'Active', 1, '2025-06-04 03:54:15', '2025-06-04 03:54:15'),
(342, 35, 'MYD', 'Gauripur', 'Active', 1, '2025-06-04 03:55:40', '2025-06-04 03:55:40'),
(343, 35, 'MYD', 'Gafargaon', 'Active', 1, '2025-06-04 03:56:41', '2025-06-04 03:56:41'),
(344, 35, 'MYD', 'Pearl', 'Active', 1, '2025-06-04 03:57:59', '2025-06-04 03:57:59'),
(345, 35, 'MYD', 'Dhobaura', 'Active', 1, '2025-06-04 03:59:57', '2025-06-04 03:59:57'),
(346, 35, 'MYD', 'Phulpur', 'Active', 1, '2025-06-04 04:00:54', '2025-06-04 04:00:54'),
(347, 35, 'MYD', 'Tarakanda', 'Active', 1, '2025-06-04 04:01:34', '2025-06-04 04:01:34'),
(348, 36, 'JAD', 'Jamalpur Sadar,', 'Active', 1, '2025-06-04 04:04:50', '2025-06-04 04:04:50'),
(349, 36, 'JAD', 'Islampur', 'Active', 1, '2025-06-04 04:05:43', '2025-06-04 04:05:43'),
(350, 36, 'JAD', 'Sarishabari', 'Active', 1, '2025-06-04 04:06:05', '2025-06-04 04:06:05'),
(351, 36, 'JAD', 'Dewanganj', 'Active', 1, '2025-06-04 04:06:32', '2025-06-04 04:06:32'),
(352, 36, 'JAD', 'Melandah', 'Active', 1, '2025-06-04 04:07:05', '2025-06-04 04:07:05'),
(353, 36, 'JAD', 'Madarganj', 'Active', 1, '2025-06-04 04:07:37', '2025-06-04 04:07:37'),
(354, 36, 'JAD', 'Bakshiganj', 'Active', 1, '2025-06-04 04:08:01', '2025-06-04 04:08:01'),
(355, 37, 'NED', 'Netrokona', 'Active', 1, '2025-06-16 00:19:13', '2025-06-16 00:19:13'),
(356, 37, 'NED', 'Barhatta', 'Active', 1, '2025-06-16 00:19:45', '2025-06-16 00:19:45'),
(357, 37, 'NED', 'Madan', 'Active', 1, '2025-06-16 00:20:27', '2025-06-16 00:20:27'),
(358, 37, 'NED', 'Mohanganj', 'Active', 1, '2025-06-16 00:20:54', '2025-06-16 00:20:54'),
(359, 37, 'NED', 'Purbadhala', 'Active', 1, '2025-06-16 00:21:33', '2025-06-16 00:21:33'),
(360, 37, 'NED', 'Khaliajuri', 'Active', 1, '2025-06-16 00:21:56', '2025-06-16 00:21:56'),
(361, 37, 'NED', 'Kalmakanda', 'Active', 1, '2025-06-16 00:22:58', '2025-06-16 00:22:58'),
(362, 37, 'NED', 'Durgapur', 'Active', 1, '2025-06-16 00:23:39', '2025-06-16 00:23:39'),
(364, 37, 'NED', 'Kendua', 'Active', 1, '2025-06-16 00:24:17', '2025-06-16 00:24:17'),
(365, 37, 'NED', 'Atpara', 'Active', 1, '2025-06-16 00:25:31', '2025-06-16 00:25:31'),
(366, 43, 'GAD', 'Gazipur Sadar', 'Active', 1, '2025-06-16 00:27:48', '2025-06-16 00:27:48'),
(367, 43, 'GAD', 'Kapasia', 'Active', 1, '2025-06-16 00:28:37', '2025-06-16 00:28:37'),
(368, 43, 'GAD', 'Kaliganj', 'Active', 1, '2025-06-16 00:29:57', '2025-06-16 00:29:57'),
(369, 43, 'GAD', 'Kaliakoir', 'Active', 1, '2025-06-16 00:30:28', '2025-06-16 00:30:28'),
(370, 43, 'GAD', 'Sreepur', 'Active', 1, '2025-06-16 00:31:13', '2025-06-16 00:31:13');

-- --------------------------------------------------------

--
-- Table structure for table `users`
--

CREATE TABLE `users` (
  `id` bigint UNSIGNED NOT NULL,
  `company_id` bigint UNSIGNED DEFAULT NULL,
  `username` varchar(255) COLLATE utf8mb4_unicode_ci DEFAULT NULL,
  `name` varchar(255) CHARACTER SET utf8mb4 COLLATE utf8mb4_unicode_ci NOT NULL,
  `role` varchar(255) COLLATE utf8mb4_unicode_ci DEFAULT NULL,
  `email` varchar(255) CHARACTER SET utf8mb4 COLLATE utf8mb4_unicode_ci NOT NULL,
  `email_verified_at` timestamp NULL DEFAULT NULL,
  `password` varchar(255) CHARACTER SET utf8mb4 COLLATE utf8mb4_unicode_ci NOT NULL,
  `remember_token` varchar(100) CHARACTER SET utf8mb4 COLLATE utf8mb4_unicode_ci DEFAULT NULL,
  `isActive` int NOT NULL DEFAULT '1',
  `created_at` timestamp NULL DEFAULT NULL,
  `updated_at` timestamp NULL DEFAULT NULL
) ENGINE=InnoDB DEFAULT CHARSET=utf8mb4 COLLATE=utf8mb4_unicode_ci;

--
-- Dumping data for table `users`
--

INSERT INTO `users` (`id`, `company_id`, `username`, `name`, `role`, `email`, `email_verified_at`, `password`, `remember_token`, `isActive`, `created_at`, `updated_at`) VALUES
(1, NULL, NULL, 'Ibrahim Hossain', 'supper_admin', 'admin@gmail.com', NULL, '$2y$12$ztlsipZdspKeMnOzPgr/Y.SzZocNgyxa.lgqsXWjtcB./1Hv7sksq', NULL, 1, '2025-03-15 15:51:07', '2025-03-21 02:35:13'),
(7, 6, 'CMP111', 'saurov', 'admin', 'admin@hotelroyal.com', NULL, '$2y$12$3n8FFOavWqZaP94v1rz9ZuIsrD/kGIJb2s26y2FTWgSHR5rOu/nZ2', NULL, 1, '2025-03-21 02:25:13', '2025-04-12 06:34:56'),
(8, 7, 'CMP112', 'Ibrahim', 'admin', 'info@mahfuza.com', NULL, '$2y$12$p5RroDCtq1zJ2lP1cc2yv.ejCygH4WL/ucIChrjw0lLlofb7.WvSG', NULL, 1, '2025-03-21 02:29:57', '2025-04-12 02:42:57'),
(9, 8, 'CMP113', 'Kobir', NULL, 'fatema@gmail.com', NULL, '$2y$12$zLKl/ACJEvC.s/PJZoYOSuoWXqeumCkg8i6wVLOgp1cEhW8lXlFMy', NULL, 1, '2025-03-23 05:10:45', '2025-03-29 10:50:23'),
(10, 9, 'CMP114', 'Md. Ibrahim Khalil', NULL, 'admin4@gmail.com', NULL, '$2y$12$QULn618Mru2x.CX4dSRbR.Mm95JMm9rVtwmVC4m26ThWq8KFhUN32', NULL, 0, '2025-04-05 22:19:52', '2025-04-12 03:54:58'),
(19, 7, 'EMP112003', 'Jamal Melton', 'Accounts', 'pyre@mailinator.com', NULL, '$2y$12$3L5BuQepoV9H76MGi9xCKuLisxmLZKwkeZ1FnHm1BzOzBqtEe8WtO', NULL, 1, '2025-05-06 23:23:03', '2025-05-06 23:23:03'),
(28, 7, 'EMP112005', 'Quincy Soto', 'Full Access', 'lutokagozo@mailinator.com', NULL, '$2y$12$jhf7DGQeQyHAr8gKS/DhqelKIKJOvu5HNCfvK/hYEsefugmEh9S8W', NULL, 1, '2025-05-08 01:05:27', '2025-05-08 01:05:27'),
(29, 7, 'EMP112006', 'SHARIFUL ISLAM', 'Reservation', 'mukul1cse@gmai.com', NULL, '$2y$12$rgvrFshN6DsFm3DfA9.mIenN9Es/LGsuNlKgKhpAceI7kRro5CwuO', NULL, 1, '2025-05-10 23:22:41', '2025-05-10 23:22:41'),
(30, 7, 'EMP112007', 'RESMA AKTER', 'Reservation', 'imrunnahar17@gmail.com', NULL, '$2y$12$191BPC9kZK/DXhG5Q5nvX.ef4jSCuz5kw8r73e7DZGoXy7Dak/yoG', NULL, 1, '2025-05-10 23:54:05', '2025-05-10 23:54:05'),
(31, 7, 'EMP112008', 'Md. Mehedi Hasan', 'Accounts', 'hasanmehedi001@gmail.com', NULL, '$2y$12$PfWXcfg0WaM848qATdSJPuopHxvp28Qk.Pm2GUFioniT7GxiiC7iO', NULL, 1, '2025-05-11 06:59:31', '2025-05-11 06:59:31'),
(37, 10, 'CMP115', 'Md. Saykat Mahmod', 'admin', 'saykatmohd@yahoo.com', NULL, '$2y$12$p5RroDCtq1zJ2lP1cc2yv.ejCygH4WL/ucIChrjw0lLlofb7.WvSG', NULL, 1, '2025-05-26 01:42:30', '2025-05-26 01:44:59'),
(39, 12, 'CMP116', 'Resma Akter', 'admin', 'resmaakter@gmail.com', NULL, '$2y$12$JmmcU7IxneboqwWu8iopCu4m1O5P13w7.v.buDMGqcHsparK3VoIS', NULL, 1, '2025-06-04 06:29:50', '2025-06-04 06:33:23'),
(40, 7, 'EMP112009', 'Musaddika Ela', 'Marketing', 'musaddikaela@gmail.com', NULL, '$2y$12$MuJlGphBFzX6U9P49SowCuPjSkMAVE6KrUywNucUIPo9CXL.b0ikK', NULL, 1, '2025-06-12 23:13:53', '2025-06-12 23:13:53'),
(41, 7, 'EMP112010', 'Md Yousuf', '4th Class', 'yousur@gmail.com', NULL, '$2y$12$9vs7B6fBDhTQQhvqNw2yZu0.q1PQaK3org//9kFNDnLRPKteIiiI6', NULL, 1, '2025-06-12 23:18:18', '2025-06-12 23:18:18');

-- --------------------------------------------------------

--
-- Table structure for table `work_permits`
--

CREATE TABLE `work_permits` (
  `id` bigint UNSIGNED NOT NULL,
  `name` varchar(255) COLLATE utf8mb4_unicode_ci NOT NULL,
  `salary` decimal(10,2) NOT NULL,
  `code` text CHARACTER SET utf8mb4 COLLATE utf8mb4_unicode_ci,
  `image` text COLLATE utf8mb4_unicode_ci,
  `expire_date` date DEFAULT NULL,
  `continent_id` bigint UNSIGNED NOT NULL,
  `country_id` bigint UNSIGNED NOT NULL,
  `status` enum('Active','Inactive') COLLATE utf8mb4_unicode_ci NOT NULL DEFAULT 'Active',
  `user_id` bigint UNSIGNED NOT NULL,
  `created_at` timestamp NULL DEFAULT NULL,
  `updated_at` timestamp NULL DEFAULT NULL
) ENGINE=InnoDB DEFAULT CHARSET=utf8mb4 COLLATE=utf8mb4_unicode_ci;

--
-- Dumping data for table `work_permits`
--

INSERT INTO `work_permits` (`id`, `name`, `salary`, `code`, `image`, `expire_date`, `continent_id`, `country_id`, `status`, `user_id`, `created_at`, `updated_at`) VALUES
(11, 'hotel room boy', '1800.00', 'C-80', 'work_permits/gqqLrFVKMDcPZnTEU5OZ1G8mlw39o9QN3et0ldt8.jpg', '2025-12-31', 17, 34, 'Active', 1, '2025-04-10 10:06:40', '2025-05-12 23:36:02'),
(12, 'Market cleaner', '1800.00', 'C-80', 'work_permits/6TdE851ocaqg7RyEELARQvXaNJQ95to5ajcPmN1I.jpg', '2025-12-31', 17, 34, 'Active', 1, '2025-04-10 10:08:41', '2025-05-12 23:36:35'),
(13, 'labor', '1600.00', 'C-60', 'work_permits/wIJwrLC9dVMTIVK6aFLUDVlhVSxIuQXUeFVC4bWH.jpg', '2025-12-31', 17, 34, 'Active', 1, '2025-04-10 10:15:18', '2025-05-12 23:36:58'),
(14, 'Electrician,plumber,PlumberMason,Carpenter', '1600.00', 'C-60', 'work_permits/GA2JZJHQ75obZisj0ta1qyjQdiXvHWWh6JIYQ9AG.jpg', '2026-12-31', 17, 34, 'Active', 1, '2025-04-10 10:21:47', '2025-05-13 00:09:47'),
(15, 'Labor', '1400.00', 'C-60', 'work_permits/QYVPWvvFzS1GL9mRZsEb0UuQmNJXWv1ZjUOnzbQ0.jpg', '2025-12-31', 17, 34, 'Active', 1, '2025-04-10 10:25:29', '2025-05-13 00:14:37'),
(16, 'Free visa', '0.00', 'C-50', 'work_permits/F2FosxFn4mX8yebjREsB4LrOmX3kLOuo6oQL0pbg.jpg', '2025-12-31', 17, 34, 'Active', 1, '2025-04-10 10:27:09', '2025-05-13 00:13:56'),
(17, 'Indoor Cleaner ( ++)', '1400.00', 'C-50', 'work_permits/mWtTErl7hVNdyUFOs7jl5pKtfkP49wUxbSwT0FWj.jpg', '2025-12-31', 17, 33, 'Active', 1, '2025-04-10 10:30:18', '2025-05-22 06:49:02'),
(18, 'Night club', '1500.00', 'C-40', 'work_permits/fviyJwSugW8487XnRRD6cgwR09AEof33Sv6ML2ZX.jpg', '0025-12-31', 17, 33, 'Active', 1, '2025-04-10 10:32:31', '2025-05-12 23:44:32'),
(19, 'free visa', '0.00', 'C-90', 'work_permits/mYZciS8O9T1fS4TXNw3V0qHSbIkj11HEH0dwVBCN.jpg', '2025-12-31', 17, 33, 'Active', 1, '2025-04-10 10:34:01', '2025-05-12 23:45:10'),
(20, 'Factory worker', '1200.00', 'C-50', 'work_permits/TSX2QZCW51Yf5k4FYj3Ug1xuroq3mNKkuX9KNaSL.jpg', '2025-12-31', 17, 33, 'Active', 1, '2025-04-10 10:35:21', '2025-05-12 23:46:14'),
(21, 'Compani labor', '1200.00', 'C-50', 'work_permits/lRZfpWwAIFfarfrdHZDUVorfLYDs0LtC7kzGvXbJ.jpg', '2025-12-31', 17, 33, 'Active', 1, '2025-04-10 10:37:55', '2025-05-12 23:46:46'),
(22, 'Indoor&Outdoor cleaner', '900.00', 'C-40', 'work_permits/JdT0P5LK4xZ7gAVVr8t88DREmhOwLFzfQLmQlxLg.jpg', '2025-12-31', 17, 35, 'Active', 1, '2025-04-10 10:40:45', '2025-05-12 23:47:23'),
(23, 'Mason', '1150.00', 'B-70', 'work_permits/4MY2F4M9Jl6UAnMCcqS6QNB5zObcSjredoLxIC09.jpg', '2025-12-31', 17, 35, 'Active', 1, '2025-04-10 10:42:27', '2025-05-12 23:47:58'),
(24, 'Strim Fixer', '1050.00', 'B-70', 'work_permits/FKnHTFIJG4UfbEBL33eYJfRVoTyYURfBJl9s5HLf.jpg', '2025-12-31', 17, 35, 'Active', 1, '2025-04-10 10:44:26', '2025-05-12 23:48:57'),
(25, 'Indoor lady cleaner', '900.00', 'A-70', 'work_permits/OhB3KMT40i1rcTcUmWnzMdy2tyreHFJH0VWIlKAq.jpg', '2025-12-31', 17, 35, 'Active', 1, '2025-04-10 10:49:31', '2025-05-12 23:49:52'),
(26, 'House Maid', '1200.00', 'Free', 'work_permits/ofsReV9tGXYDJScY3cLzaUEmcWkOuyPaDfuzFN0s.jpg', '2025-12-31', 17, 33, 'Active', 1, '2025-04-10 11:00:02', '2025-05-12 23:50:30'),
(27, 'Agriculture, Factory Worker, Constriction Labour', '500.00', 'H-50', 'work_permits/iWyW1iCIS8clSTVTAmuGkX0jyqU3KqFQ08xKYE1m.jpg', '2025-12-31', 18, 38, 'Active', 1, '2025-04-12 01:04:13', '2025-05-28 04:51:43'),
(28, 'Olive garden worker', '800.00', 'V-00', 'work_permits/9wwbVsCheHCpwUl0wylXXTGrHfJqjvTopwcPyJAB.jpg', '2025-12-31', 18, 37, 'Active', 1, '2025-04-12 01:21:58', '2025-05-12 23:51:49'),
(29, 'Constraction', '600.00', 'H-00', 'work_permits/hmf1UdEZUPQnfiwdkuMt5XeLJqjRepC9L41gOhdX.jpg', '2025-12-31', 18, 39, 'Active', 1, '2025-04-12 01:23:22', '2025-05-12 23:52:25'),
(30, 'House Maid', '200.00', 'Free', 'work_permits/Yp9j04QjGAKSkt7I9NybY77dRXQTQuRtQdIiy7vK.jpg', '2025-12-31', 17, 36, 'Active', 1, '2025-04-12 02:17:15', '2025-05-12 23:53:13'),
(31, 'Asembly Fither', '80000.00', 'F-75', 'work_permits/UEepHbr1PuZnstQ2ma068ka68j7aObuLpCzQ69Um.jpg', '2025-12-31', 24, 40, 'Active', 1, '2025-05-06 04:25:13', '2025-05-12 23:53:44'),
(32, 'Factory worker', '80000.00', 'F-50', 'work_permits/446b1ksP6pjneSmLS2fRWE8Cw4RYy1jRbpxDTVTM.jpg', '2025-12-31', 24, 40, 'Active', 1, '2025-05-06 04:31:11', '2025-05-12 23:56:16'),
(33, 'Oparator', '80000.00', 'F-50', 'work_permits/Y6Z9jd0LG45DlduaItW0paRAM0GOIXhc7iURSAUt.jpg', '2025-12-31', 24, 40, 'Active', 1, '2025-05-06 04:40:39', '2025-05-12 23:57:03'),
(34, 'pam garden worker', '1700.00', 'D-00', 'work_permits/KsgAw2USpjaQ9hBCF0eedOBjr0V6tId3vhNlFlVO.jpg', '2025-12-31', 17, 41, 'Active', 1, '2025-05-06 04:48:16', '2025-05-12 23:57:44'),
(35, 'Factory worker', '2200.00', 'D-50', 'work_permits/JPTpu15QexslAeV0TknrvVLozd1aZzcGykhnuqSg.jpg', '2025-12-31', 17, 41, 'Active', 1, '2025-05-06 04:50:41', '2025-05-12 23:59:04'),
(36, 'working in the date palm garden', '1600.00', 'B-90', 'work_permits/vEDOpoHXWzFaHcxHRpxo6470r0Rapj7xxhJ2eyGh.jpg', '2025-12-31', 17, 33, 'Active', 1, '2025-05-08 06:38:42', '2025-05-13 00:05:04'),
(38, 'Constraction labar', '1300.00', 'C-50', 'work_permits/3IIUtZ4W2S29dGRUoX7GEsfKToMNsxLFWk6Mep5y.jpg', '2025-12-03', 17, 33, 'Active', 1, '2025-05-27 00:58:27', '2025-05-27 00:58:27');

--
-- Indexes for dumped tables
--

--
-- Indexes for table `agents`
--
ALTER TABLE `agents`
  ADD PRIMARY KEY (`id`),
  ADD KEY `agents_company_id_foreign` (`company_id`),
  ADD KEY `agents_branch_id_foreign` (`branch_id`),
  ADD KEY `agents_country_id_foreign` (`country_id`),
  ADD KEY `agents_division_id_foreign` (`division_id`),
  ADD KEY `agents_district_id_foreign` (`district_id`),
  ADD KEY `agents_thana_id_foreign` (`thana_id`),
  ADD KEY `agents_employee_id_foreign` (`employee_id`),
  ADD KEY `agents_user_id_foreign` (`user_id`);

--
-- Indexes for table `airline_offices`
--
ALTER TABLE `airline_offices`
  ADD PRIMARY KEY (`id`),
  ADD KEY `airline_offices_user_id_foreign` (`user_id`),
  ADD KEY `airline_offices_company_id_foreign` (`company_id`);

--
-- Indexes for table `air_tickets`
--
ALTER TABLE `air_tickets`
  ADD PRIMARY KEY (`id`),
  ADD KEY `air_tickets_air_ticket_file_id_foreign` (`air_ticket_file_id`);

--
-- Indexes for table `air_ticket_files`
--
ALTER TABLE `air_ticket_files`
  ADD PRIMARY KEY (`id`);

--
-- Indexes for table `asign_job_to_offices`
--
ALTER TABLE `asign_job_to_offices`
  ADD PRIMARY KEY (`id`),
  ADD KEY `asign_job_to_offices_proces_office_id_foreign` (`proces_office_id`),
  ADD KEY `asign_job_to_offices_process_category_id_foreign` (`process_category_id`),
  ADD KEY `asign_job_to_offices_job_category_id_foreign` (`job_category_id`),
  ADD KEY `asign_job_to_offices_job_list_id_foreign` (`job_list_id`),
  ADD KEY `asign_job_to_offices_user_id_foreign` (`user_id`),
  ADD KEY `asign_job_to_offices_company_id_foreign` (`company_id`);

--
-- Indexes for table `branches`
--
ALTER TABLE `branches`
  ADD PRIMARY KEY (`id`),
  ADD KEY `branches_company_id_foreign` (`company_id`),
  ADD KEY `branches_user_id_foreign` (`user_id`);

--
-- Indexes for table `cache`
--
ALTER TABLE `cache`
  ADD PRIMARY KEY (`key`);

--
-- Indexes for table `cache_locks`
--
ALTER TABLE `cache_locks`
  ADD PRIMARY KEY (`key`);

--
-- Indexes for table `candidate_types`
--
ALTER TABLE `candidate_types`
  ADD PRIMARY KEY (`id`),
  ADD KEY `candidate_types_user_id_foreign` (`user_id`),
  ADD KEY `candidate_types_company_id_foreign` (`company_id`);

--
-- Indexes for table `companies`
--
ALTER TABLE `companies`
  ADD PRIMARY KEY (`id`),
  ADD UNIQUE KEY `companies_email_unique` (`email`),
  ADD UNIQUE KEY `companies_owner_email_unique` (`owner_email`),
  ADD UNIQUE KEY `companies_nid_no_unique` (`nid_no`),
  ADD KEY `companies_company_name_index` (`company_name`),
  ADD KEY `companies_company_code_index` (`company_code`);

--
-- Indexes for table `continents`
--
ALTER TABLE `continents`
  ADD PRIMARY KEY (`id`),
  ADD KEY `continents_user_id_foreign` (`user_id`);

--
-- Indexes for table `countries`
--
ALTER TABLE `countries`
  ADD PRIMARY KEY (`id`),
  ADD KEY `countries_continent_id_foreign` (`continent_id`),
  ADD KEY `countries_user_id_foreign` (`user_id`);

--
-- Indexes for table `currencies`
--
ALTER TABLE `currencies`
  ADD PRIMARY KEY (`id`),
  ADD KEY `currencies_country_id_foreign` (`country_id`),
  ADD KEY `currencies_user_id_foreign` (`user_id`);

--
-- Indexes for table `delegates`
--
ALTER TABLE `delegates`
  ADD PRIMARY KEY (`id`),
  ADD KEY `delegates_company_id_foreign` (`company_id`),
  ADD KEY `delegates_branch_id_foreign` (`branch_id`),
  ADD KEY `delegates_country_id_foreign` (`country_id`),
  ADD KEY `delegates_agent_id_foreign` (`agent_id`),
  ADD KEY `delegates_employee_id_foreign` (`employee_id`),
  ADD KEY `delegates_user_id_foreign` (`user_id`);

--
-- Indexes for table `delegate_offices`
--
ALTER TABLE `delegate_offices`
  ADD PRIMARY KEY (`id`),
  ADD KEY `delegate_offices_company_id_foreign` (`company_id`),
  ADD KEY `delegate_offices_branch_id_foreign` (`branch_id`),
  ADD KEY `delegate_offices_delegate_id_foreign` (`delegate_id`),
  ADD KEY `delegate_offices_user_id_foreign` (`user_id`);

--
-- Indexes for table `departments`
--
ALTER TABLE `departments`
  ADD PRIMARY KEY (`id`),
  ADD KEY `departments_company_id_foreign` (`company_id`),
  ADD KEY `departments_user_id_foreign` (`user_id`);

--
-- Indexes for table `designations`
--
ALTER TABLE `designations`
  ADD PRIMARY KEY (`id`),
  ADD KEY `designations_company_id_foreign` (`company_id`),
  ADD KEY `designations_user_id_foreign` (`user_id`);

--
-- Indexes for table `districts`
--
ALTER TABLE `districts`
  ADD PRIMARY KEY (`id`),
  ADD KEY `districts_division_id_foreign` (`division_id`),
  ADD KEY `districts_user_id_foreign` (`user_id`);

--
-- Indexes for table `divisions`
--
ALTER TABLE `divisions`
  ADD PRIMARY KEY (`id`),
  ADD KEY `divisions_country_id_foreign` (`country_id`),
  ADD KEY `divisions_user_id_foreign` (`user_id`);

--
-- Indexes for table `employees`
--
ALTER TABLE `employees`
  ADD PRIMARY KEY (`id`),
  ADD KEY `employees_company_id_foreign` (`company_id`),
  ADD KEY `employees_branch_id_foreign` (`branch_id`),
  ADD KEY `employees_role_id_foreign` (`role_id`),
  ADD KEY `employees_department_id_foreign` (`department_id`),
  ADD KEY `employees_designation_id_foreign` (`designation_id`),
  ADD KEY `employees_roster_id_foreign` (`roster_id`),
  ADD KEY `employees_user_id_foreign` (`user_id`);

--
-- Indexes for table `failed_jobs`
--
ALTER TABLE `failed_jobs`
  ADD PRIMARY KEY (`id`),
  ADD UNIQUE KEY `failed_jobs_uuid_unique` (`uuid`);

--
-- Indexes for table `hazz_umrahs`
--
ALTER TABLE `hazz_umrahs`
  ADD PRIMARY KEY (`id`);

--
-- Indexes for table `holidays`
--
ALTER TABLE `holidays`
  ADD PRIMARY KEY (`id`),
  ADD KEY `holidays_company_id_foreign` (`company_id`),
  ADD KEY `holidays_user_id_foreign` (`user_id`);

--
-- Indexes for table `hotspots`
--
ALTER TABLE `hotspots`
  ADD PRIMARY KEY (`id`),
  ADD KEY `hotspots_company_id_foreign` (`company_id`),
  ADD KEY `hotspots_branch_id_foreign` (`branch_id`),
  ADD KEY `hotspots_mikrotik_device_id_foreign` (`mikrotik_device_id`),
  ADD KEY `hotspots_user_id_foreign` (`user_id`);

--
-- Indexes for table `jobs`
--
ALTER TABLE `jobs`
  ADD PRIMARY KEY (`id`),
  ADD KEY `jobs_queue_index` (`queue`);

--
-- Indexes for table `job_batches`
--
ALTER TABLE `job_batches`
  ADD PRIMARY KEY (`id`);

--
-- Indexes for table `job_categories`
--
ALTER TABLE `job_categories`
  ADD PRIMARY KEY (`id`),
  ADD KEY `job_categories_user_id_foreign` (`user_id`),
  ADD KEY `job_categories_company_id_foreign` (`company_id`),
  ADD KEY `job_categories_process_category_id_foreign` (`process_category_id`);

--
-- Indexes for table `job_lists`
--
ALTER TABLE `job_lists`
  ADD PRIMARY KEY (`id`),
  ADD KEY `job_lists_user_id_foreign` (`user_id`),
  ADD KEY `job_lists_company_id_foreign` (`company_id`),
  ADD KEY `job_lists_job_category_id_foreign` (`job_category_id`);

--
-- Indexes for table `mac_addresses`
--
ALTER TABLE `mac_addresses`
  ADD PRIMARY KEY (`id`),
  ADD KEY `mac_addresses_company_id_foreign` (`company_id`),
  ADD KEY `mac_addresses_branch_id_foreign` (`branch_id`),
  ADD KEY `mac_addresses_mikrotik_device_id_foreign` (`mikrotik_device_id`),
  ADD KEY `mac_addresses_user_id_foreign` (`user_id`);

--
-- Indexes for table `migrations`
--
ALTER TABLE `migrations`
  ADD PRIMARY KEY (`id`);

--
-- Indexes for table `mikrotik_devices`
--
ALTER TABLE `mikrotik_devices`
  ADD PRIMARY KEY (`id`),
  ADD KEY `mikrotik_devices_company_id_foreign` (`company_id`),
  ADD KEY `mikrotik_devices_branch_id_foreign` (`branch_id`),
  ADD KEY `mikrotik_devices_user_id_foreign` (`user_id`);

--
-- Indexes for table `model_has_permissions`
--
ALTER TABLE `model_has_permissions`
  ADD PRIMARY KEY (`permission_id`,`model_id`,`model_type`),
  ADD KEY `model_has_permissions_model_id_model_type_index` (`model_id`,`model_type`);

--
-- Indexes for table `model_has_roles`
--
ALTER TABLE `model_has_roles`
  ADD PRIMARY KEY (`role_id`,`model_id`,`model_type`),
  ADD KEY `model_has_roles_model_id_model_type_index` (`model_id`,`model_type`);

--
-- Indexes for table `password_reset_tokens`
--
ALTER TABLE `password_reset_tokens`
  ADD PRIMARY KEY (`email`);

--
-- Indexes for table `permissions`
--
ALTER TABLE `permissions`
  ADD PRIMARY KEY (`id`),
  ADD UNIQUE KEY `permissions_name_guard_name_unique` (`name`,`guard_name`);

--
-- Indexes for table `post_offices`
--
ALTER TABLE `post_offices`
  ADD PRIMARY KEY (`id`),
  ADD KEY `post_offices_district_id_foreign` (`district_id`),
  ADD KEY `post_offices_user_id_foreign` (`user_id`);

--
-- Indexes for table `process_categories`
--
ALTER TABLE `process_categories`
  ADD PRIMARY KEY (`id`),
  ADD KEY `process_categories_user_id_foreign` (`user_id`),
  ADD KEY `process_categories_company_id_foreign` (`company_id`);

--
-- Indexes for table `process_offices`
--
ALTER TABLE `process_offices`
  ADD PRIMARY KEY (`id`),
  ADD KEY `process_offices_user_id_foreign` (`user_id`),
  ADD KEY `process_offices_company_id_foreign` (`company_id`);

--
-- Indexes for table `process_steps`
--
ALTER TABLE `process_steps`
  ADD PRIMARY KEY (`id`),
  ADD KEY `process_steps_user_id_foreign` (`user_id`),
  ADD KEY `process_steps_company_id_foreign` (`company_id`);

--
-- Indexes for table `roles`
--
ALTER TABLE `roles`
  ADD PRIMARY KEY (`id`),
  ADD UNIQUE KEY `roles_name_guard_name_unique` (`name`,`guard_name`),
  ADD KEY `roles_company_id_foreign` (`company_id`),
  ADD KEY `roles_user_id_foreign` (`user_id`);

--
-- Indexes for table `role_has_permissions`
--
ALTER TABLE `role_has_permissions`
  ADD PRIMARY KEY (`permission_id`,`role_id`),
  ADD KEY `role_has_permissions_role_id_foreign` (`role_id`);

--
-- Indexes for table `rosters`
--
ALTER TABLE `rosters`
  ADD PRIMARY KEY (`id`),
  ADD KEY `rosters_company_id_foreign` (`company_id`),
  ADD KEY `rosters_user_id_foreign` (`user_id`);

--
-- Indexes for table `sessions`
--
ALTER TABLE `sessions`
  ADD PRIMARY KEY (`id`),
  ADD KEY `sessions_user_id_index` (`user_id`),
  ADD KEY `sessions_last_activity_index` (`last_activity`);

--
-- Indexes for table `states`
--
ALTER TABLE `states`
  ADD PRIMARY KEY (`id`),
  ADD KEY `states_country_id_foreign` (`country_id`),
  ADD KEY `states_user_id_foreign` (`user_id`);

--
-- Indexes for table `thanas`
--
ALTER TABLE `thanas`
  ADD PRIMARY KEY (`id`),
  ADD KEY `thanas_district_id_foreign` (`district_id`),
  ADD KEY `thanas_user_id_foreign` (`user_id`);

--
-- Indexes for table `users`
--
ALTER TABLE `users`
  ADD PRIMARY KEY (`id`),
  ADD UNIQUE KEY `users_email_unique` (`email`),
  ADD KEY `users_company_id_foreign` (`company_id`);

--
-- Indexes for table `work_permits`
--
ALTER TABLE `work_permits`
  ADD PRIMARY KEY (`id`),
  ADD KEY `work_permits_continent_id_foreign` (`continent_id`),
  ADD KEY `work_permits_country_id_foreign` (`country_id`),
  ADD KEY `work_permits_user_id_foreign` (`user_id`);

--
-- AUTO_INCREMENT for dumped tables
--

--
-- AUTO_INCREMENT for table `agents`
--
ALTER TABLE `agents`
  MODIFY `id` bigint UNSIGNED NOT NULL AUTO_INCREMENT, AUTO_INCREMENT=7;

--
-- AUTO_INCREMENT for table `airline_offices`
--
ALTER TABLE `airline_offices`
  MODIFY `id` bigint UNSIGNED NOT NULL AUTO_INCREMENT, AUTO_INCREMENT=5;

--
-- AUTO_INCREMENT for table `air_tickets`
--
ALTER TABLE `air_tickets`
  MODIFY `id` bigint UNSIGNED NOT NULL AUTO_INCREMENT, AUTO_INCREMENT=3751;

--
-- AUTO_INCREMENT for table `air_ticket_files`
--
ALTER TABLE `air_ticket_files`
  MODIFY `id` bigint UNSIGNED NOT NULL AUTO_INCREMENT, AUTO_INCREMENT=92;

--
-- AUTO_INCREMENT for table `asign_job_to_offices`
--
ALTER TABLE `asign_job_to_offices`
  MODIFY `id` bigint UNSIGNED NOT NULL AUTO_INCREMENT, AUTO_INCREMENT=3;

--
-- AUTO_INCREMENT for table `branches`
--
ALTER TABLE `branches`
  MODIFY `id` bigint UNSIGNED NOT NULL AUTO_INCREMENT, AUTO_INCREMENT=11;

--
-- AUTO_INCREMENT for table `candidate_types`
--
ALTER TABLE `candidate_types`
  MODIFY `id` bigint UNSIGNED NOT NULL AUTO_INCREMENT, AUTO_INCREMENT=12;

--
-- AUTO_INCREMENT for table `companies`
--
ALTER TABLE `companies`
  MODIFY `id` bigint UNSIGNED NOT NULL AUTO_INCREMENT, AUTO_INCREMENT=13;

--
-- AUTO_INCREMENT for table `continents`
--
ALTER TABLE `continents`
  MODIFY `id` bigint UNSIGNED NOT NULL AUTO_INCREMENT, AUTO_INCREMENT=25;

--
-- AUTO_INCREMENT for table `countries`
--
ALTER TABLE `countries`
  MODIFY `id` bigint UNSIGNED NOT NULL AUTO_INCREMENT, AUTO_INCREMENT=42;

--
-- AUTO_INCREMENT for table `currencies`
--
ALTER TABLE `currencies`
  MODIFY `id` bigint UNSIGNED NOT NULL AUTO_INCREMENT, AUTO_INCREMENT=2;

--
-- AUTO_INCREMENT for table `delegates`
--
ALTER TABLE `delegates`
  MODIFY `id` bigint UNSIGNED NOT NULL AUTO_INCREMENT, AUTO_INCREMENT=8;

--
-- AUTO_INCREMENT for table `delegate_offices`
--
ALTER TABLE `delegate_offices`
  MODIFY `id` bigint UNSIGNED NOT NULL AUTO_INCREMENT, AUTO_INCREMENT=6;

--
-- AUTO_INCREMENT for table `departments`
--
ALTER TABLE `departments`
  MODIFY `id` bigint UNSIGNED NOT NULL AUTO_INCREMENT, AUTO_INCREMENT=12;

--
-- AUTO_INCREMENT for table `designations`
--
ALTER TABLE `designations`
  MODIFY `id` bigint UNSIGNED NOT NULL AUTO_INCREMENT, AUTO_INCREMENT=14;

--
-- AUTO_INCREMENT for table `districts`
--
ALTER TABLE `districts`
  MODIFY `id` bigint UNSIGNED NOT NULL AUTO_INCREMENT, AUTO_INCREMENT=71;

--
-- AUTO_INCREMENT for table `divisions`
--
ALTER TABLE `divisions`
  MODIFY `id` bigint UNSIGNED NOT NULL AUTO_INCREMENT, AUTO_INCREMENT=13;

--
-- AUTO_INCREMENT for table `employees`
--
ALTER TABLE `employees`
  MODIFY `id` bigint UNSIGNED NOT NULL AUTO_INCREMENT, AUTO_INCREMENT=43;

--
-- AUTO_INCREMENT for table `failed_jobs`
--
ALTER TABLE `failed_jobs`
  MODIFY `id` bigint UNSIGNED NOT NULL AUTO_INCREMENT;

--
-- AUTO_INCREMENT for table `hazz_umrahs`
--
ALTER TABLE `hazz_umrahs`
  MODIFY `id` bigint UNSIGNED NOT NULL AUTO_INCREMENT, AUTO_INCREMENT=8;

--
-- AUTO_INCREMENT for table `holidays`
--
ALTER TABLE `holidays`
  MODIFY `id` bigint UNSIGNED NOT NULL AUTO_INCREMENT, AUTO_INCREMENT=4;

--
-- AUTO_INCREMENT for table `hotspots`
--
ALTER TABLE `hotspots`
  MODIFY `id` bigint UNSIGNED NOT NULL AUTO_INCREMENT, AUTO_INCREMENT=13;

--
-- AUTO_INCREMENT for table `jobs`
--
ALTER TABLE `jobs`
  MODIFY `id` bigint UNSIGNED NOT NULL AUTO_INCREMENT;

--
-- AUTO_INCREMENT for table `job_categories`
--
ALTER TABLE `job_categories`
  MODIFY `id` bigint UNSIGNED NOT NULL AUTO_INCREMENT, AUTO_INCREMENT=14;

--
-- AUTO_INCREMENT for table `job_lists`
--
ALTER TABLE `job_lists`
  MODIFY `id` bigint UNSIGNED NOT NULL AUTO_INCREMENT, AUTO_INCREMENT=3;

--
-- AUTO_INCREMENT for table `mac_addresses`
--
ALTER TABLE `mac_addresses`
  MODIFY `id` bigint UNSIGNED NOT NULL AUTO_INCREMENT, AUTO_INCREMENT=20;

--
-- AUTO_INCREMENT for table `migrations`
--
ALTER TABLE `migrations`
  MODIFY `id` int UNSIGNED NOT NULL AUTO_INCREMENT, AUTO_INCREMENT=96;

--
-- AUTO_INCREMENT for table `mikrotik_devices`
--
ALTER TABLE `mikrotik_devices`
  MODIFY `id` bigint UNSIGNED NOT NULL AUTO_INCREMENT, AUTO_INCREMENT=19;

--
-- AUTO_INCREMENT for table `permissions`
--
ALTER TABLE `permissions`
  MODIFY `id` bigint UNSIGNED NOT NULL AUTO_INCREMENT, AUTO_INCREMENT=5;

--
-- AUTO_INCREMENT for table `post_offices`
--
ALTER TABLE `post_offices`
  MODIFY `id` bigint UNSIGNED NOT NULL AUTO_INCREMENT, AUTO_INCREMENT=509;

--
-- AUTO_INCREMENT for table `process_categories`
--
ALTER TABLE `process_categories`
  MODIFY `id` bigint UNSIGNED NOT NULL AUTO_INCREMENT, AUTO_INCREMENT=11;

--
-- AUTO_INCREMENT for table `process_offices`
--
ALTER TABLE `process_offices`
  MODIFY `id` bigint UNSIGNED NOT NULL AUTO_INCREMENT, AUTO_INCREMENT=4;

--
-- AUTO_INCREMENT for table `process_steps`
--
ALTER TABLE `process_steps`
  MODIFY `id` bigint UNSIGNED NOT NULL AUTO_INCREMENT, AUTO_INCREMENT=22;

--
-- AUTO_INCREMENT for table `roles`
--
ALTER TABLE `roles`
  MODIFY `id` bigint UNSIGNED NOT NULL AUTO_INCREMENT, AUTO_INCREMENT=13;

--
-- AUTO_INCREMENT for table `rosters`
--
ALTER TABLE `rosters`
  MODIFY `id` bigint UNSIGNED NOT NULL AUTO_INCREMENT, AUTO_INCREMENT=6;

--
-- AUTO_INCREMENT for table `states`
--
ALTER TABLE `states`
  MODIFY `id` bigint UNSIGNED NOT NULL AUTO_INCREMENT, AUTO_INCREMENT=3;

--
-- AUTO_INCREMENT for table `thanas`
--
ALTER TABLE `thanas`
  MODIFY `id` bigint UNSIGNED NOT NULL AUTO_INCREMENT, AUTO_INCREMENT=371;

--
-- AUTO_INCREMENT for table `users`
--
ALTER TABLE `users`
  MODIFY `id` bigint UNSIGNED NOT NULL AUTO_INCREMENT, AUTO_INCREMENT=42;

--
-- AUTO_INCREMENT for table `work_permits`
--
ALTER TABLE `work_permits`
  MODIFY `id` bigint UNSIGNED NOT NULL AUTO_INCREMENT, AUTO_INCREMENT=39;

--
-- Constraints for dumped tables
--

--
-- Constraints for table `agents`
--
ALTER TABLE `agents`
  ADD CONSTRAINT `agents_branch_id_foreign` FOREIGN KEY (`branch_id`) REFERENCES `branches` (`id`) ON DELETE RESTRICT ON UPDATE CASCADE,
  ADD CONSTRAINT `agents_company_id_foreign` FOREIGN KEY (`company_id`) REFERENCES `companies` (`id`) ON DELETE RESTRICT ON UPDATE CASCADE,
  ADD CONSTRAINT `agents_country_id_foreign` FOREIGN KEY (`country_id`) REFERENCES `countries` (`id`) ON DELETE RESTRICT ON UPDATE CASCADE,
  ADD CONSTRAINT `agents_district_id_foreign` FOREIGN KEY (`district_id`) REFERENCES `districts` (`id`) ON DELETE RESTRICT ON UPDATE CASCADE,
  ADD CONSTRAINT `agents_division_id_foreign` FOREIGN KEY (`division_id`) REFERENCES `divisions` (`id`) ON DELETE RESTRICT ON UPDATE CASCADE,
  ADD CONSTRAINT `agents_employee_id_foreign` FOREIGN KEY (`employee_id`) REFERENCES `employees` (`id`) ON DELETE RESTRICT ON UPDATE CASCADE,
  ADD CONSTRAINT `agents_thana_id_foreign` FOREIGN KEY (`thana_id`) REFERENCES `thanas` (`id`) ON DELETE RESTRICT ON UPDATE CASCADE,
  ADD CONSTRAINT `agents_user_id_foreign` FOREIGN KEY (`user_id`) REFERENCES `users` (`id`) ON UPDATE CASCADE;

--
-- Constraints for table `airline_offices`
--
ALTER TABLE `airline_offices`
  ADD CONSTRAINT `airline_offices_company_id_foreign` FOREIGN KEY (`company_id`) REFERENCES `companies` (`id`) ON DELETE RESTRICT ON UPDATE CASCADE,
  ADD CONSTRAINT `airline_offices_user_id_foreign` FOREIGN KEY (`user_id`) REFERENCES `users` (`id`) ON UPDATE CASCADE;

--
-- Constraints for table `air_tickets`
--
ALTER TABLE `air_tickets`
  ADD CONSTRAINT `air_tickets_air_ticket_file_id_foreign` FOREIGN KEY (`air_ticket_file_id`) REFERENCES `air_ticket_files` (`id`) ON DELETE CASCADE ON UPDATE CASCADE;

--
-- Constraints for table `asign_job_to_offices`
--
ALTER TABLE `asign_job_to_offices`
  ADD CONSTRAINT `asign_job_to_offices_company_id_foreign` FOREIGN KEY (`company_id`) REFERENCES `companies` (`id`) ON DELETE RESTRICT ON UPDATE CASCADE,
  ADD CONSTRAINT `asign_job_to_offices_job_category_id_foreign` FOREIGN KEY (`job_category_id`) REFERENCES `job_categories` (`id`) ON DELETE RESTRICT ON UPDATE CASCADE,
  ADD CONSTRAINT `asign_job_to_offices_job_list_id_foreign` FOREIGN KEY (`job_list_id`) REFERENCES `job_lists` (`id`) ON DELETE RESTRICT ON UPDATE CASCADE,
  ADD CONSTRAINT `asign_job_to_offices_proces_office_id_foreign` FOREIGN KEY (`proces_office_id`) REFERENCES `process_offices` (`id`) ON DELETE RESTRICT ON UPDATE CASCADE,
  ADD CONSTRAINT `asign_job_to_offices_process_category_id_foreign` FOREIGN KEY (`process_category_id`) REFERENCES `process_categories` (`id`) ON DELETE RESTRICT ON UPDATE CASCADE,
  ADD CONSTRAINT `asign_job_to_offices_user_id_foreign` FOREIGN KEY (`user_id`) REFERENCES `users` (`id`) ON UPDATE CASCADE;

--
-- Constraints for table `branches`
--
ALTER TABLE `branches`
  ADD CONSTRAINT `branches_company_id_foreign` FOREIGN KEY (`company_id`) REFERENCES `companies` (`id`) ON DELETE RESTRICT ON UPDATE CASCADE,
  ADD CONSTRAINT `branches_user_id_foreign` FOREIGN KEY (`user_id`) REFERENCES `users` (`id`) ON UPDATE CASCADE;

--
-- Constraints for table `candidate_types`
--
ALTER TABLE `candidate_types`
  ADD CONSTRAINT `candidate_types_company_id_foreign` FOREIGN KEY (`company_id`) REFERENCES `companies` (`id`) ON DELETE RESTRICT ON UPDATE CASCADE,
  ADD CONSTRAINT `candidate_types_user_id_foreign` FOREIGN KEY (`user_id`) REFERENCES `users` (`id`) ON UPDATE CASCADE;

--
-- Constraints for table `continents`
--
ALTER TABLE `continents`
  ADD CONSTRAINT `continents_user_id_foreign` FOREIGN KEY (`user_id`) REFERENCES `users` (`id`) ON UPDATE CASCADE;

--
-- Constraints for table `countries`
--
ALTER TABLE `countries`
  ADD CONSTRAINT `countries_continent_id_foreign` FOREIGN KEY (`continent_id`) REFERENCES `continents` (`id`) ON DELETE RESTRICT ON UPDATE CASCADE,
  ADD CONSTRAINT `countries_user_id_foreign` FOREIGN KEY (`user_id`) REFERENCES `users` (`id`) ON UPDATE CASCADE;

--
-- Constraints for table `currencies`
--
ALTER TABLE `currencies`
  ADD CONSTRAINT `currencies_country_id_foreign` FOREIGN KEY (`country_id`) REFERENCES `countries` (`id`) ON DELETE RESTRICT ON UPDATE CASCADE,
  ADD CONSTRAINT `currencies_user_id_foreign` FOREIGN KEY (`user_id`) REFERENCES `users` (`id`) ON UPDATE CASCADE;

--
-- Constraints for table `delegates`
--
ALTER TABLE `delegates`
  ADD CONSTRAINT `delegates_agent_id_foreign` FOREIGN KEY (`agent_id`) REFERENCES `agents` (`id`) ON DELETE RESTRICT ON UPDATE CASCADE,
  ADD CONSTRAINT `delegates_branch_id_foreign` FOREIGN KEY (`branch_id`) REFERENCES `branches` (`id`) ON DELETE RESTRICT ON UPDATE CASCADE,
  ADD CONSTRAINT `delegates_company_id_foreign` FOREIGN KEY (`company_id`) REFERENCES `companies` (`id`) ON DELETE RESTRICT ON UPDATE CASCADE,
  ADD CONSTRAINT `delegates_country_id_foreign` FOREIGN KEY (`country_id`) REFERENCES `countries` (`id`) ON DELETE RESTRICT ON UPDATE CASCADE,
  ADD CONSTRAINT `delegates_employee_id_foreign` FOREIGN KEY (`employee_id`) REFERENCES `employees` (`id`) ON DELETE RESTRICT ON UPDATE CASCADE,
  ADD CONSTRAINT `delegates_user_id_foreign` FOREIGN KEY (`user_id`) REFERENCES `users` (`id`) ON UPDATE CASCADE;

--
-- Constraints for table `delegate_offices`
--
ALTER TABLE `delegate_offices`
  ADD CONSTRAINT `delegate_offices_branch_id_foreign` FOREIGN KEY (`branch_id`) REFERENCES `branches` (`id`) ON DELETE RESTRICT ON UPDATE CASCADE,
  ADD CONSTRAINT `delegate_offices_company_id_foreign` FOREIGN KEY (`company_id`) REFERENCES `companies` (`id`) ON DELETE RESTRICT ON UPDATE CASCADE,
  ADD CONSTRAINT `delegate_offices_delegate_id_foreign` FOREIGN KEY (`delegate_id`) REFERENCES `delegates` (`id`) ON DELETE RESTRICT ON UPDATE CASCADE,
  ADD CONSTRAINT `delegate_offices_user_id_foreign` FOREIGN KEY (`user_id`) REFERENCES `users` (`id`) ON UPDATE CASCADE;

--
-- Constraints for table `departments`
--
ALTER TABLE `departments`
  ADD CONSTRAINT `departments_company_id_foreign` FOREIGN KEY (`company_id`) REFERENCES `companies` (`id`) ON DELETE RESTRICT ON UPDATE CASCADE,
  ADD CONSTRAINT `departments_user_id_foreign` FOREIGN KEY (`user_id`) REFERENCES `users` (`id`) ON UPDATE CASCADE;

--
-- Constraints for table `designations`
--
ALTER TABLE `designations`
  ADD CONSTRAINT `designations_company_id_foreign` FOREIGN KEY (`company_id`) REFERENCES `companies` (`id`) ON DELETE RESTRICT ON UPDATE CASCADE,
  ADD CONSTRAINT `designations_user_id_foreign` FOREIGN KEY (`user_id`) REFERENCES `users` (`id`) ON UPDATE CASCADE;

--
-- Constraints for table `districts`
--
ALTER TABLE `districts`
  ADD CONSTRAINT `districts_division_id_foreign` FOREIGN KEY (`division_id`) REFERENCES `divisions` (`id`) ON DELETE RESTRICT ON UPDATE CASCADE,
  ADD CONSTRAINT `districts_user_id_foreign` FOREIGN KEY (`user_id`) REFERENCES `users` (`id`) ON UPDATE CASCADE;

--
-- Constraints for table `divisions`
--
ALTER TABLE `divisions`
  ADD CONSTRAINT `divisions_country_id_foreign` FOREIGN KEY (`country_id`) REFERENCES `countries` (`id`) ON DELETE RESTRICT ON UPDATE CASCADE,
  ADD CONSTRAINT `divisions_user_id_foreign` FOREIGN KEY (`user_id`) REFERENCES `users` (`id`) ON UPDATE CASCADE;

--
-- Constraints for table `employees`
--
ALTER TABLE `employees`
  ADD CONSTRAINT `employees_branch_id_foreign` FOREIGN KEY (`branch_id`) REFERENCES `branches` (`id`) ON DELETE RESTRICT ON UPDATE CASCADE,
  ADD CONSTRAINT `employees_company_id_foreign` FOREIGN KEY (`company_id`) REFERENCES `companies` (`id`) ON DELETE RESTRICT ON UPDATE CASCADE,
  ADD CONSTRAINT `employees_department_id_foreign` FOREIGN KEY (`department_id`) REFERENCES `departments` (`id`) ON DELETE RESTRICT ON UPDATE CASCADE,
  ADD CONSTRAINT `employees_designation_id_foreign` FOREIGN KEY (`designation_id`) REFERENCES `designations` (`id`) ON DELETE RESTRICT ON UPDATE CASCADE,
  ADD CONSTRAINT `employees_role_id_foreign` FOREIGN KEY (`role_id`) REFERENCES `roles` (`id`) ON DELETE RESTRICT ON UPDATE CASCADE,
  ADD CONSTRAINT `employees_roster_id_foreign` FOREIGN KEY (`roster_id`) REFERENCES `rosters` (`id`) ON DELETE RESTRICT ON UPDATE CASCADE,
  ADD CONSTRAINT `employees_user_id_foreign` FOREIGN KEY (`user_id`) REFERENCES `users` (`id`) ON UPDATE CASCADE;

--
-- Constraints for table `holidays`
--
ALTER TABLE `holidays`
  ADD CONSTRAINT `holidays_company_id_foreign` FOREIGN KEY (`company_id`) REFERENCES `companies` (`id`) ON DELETE RESTRICT ON UPDATE CASCADE,
  ADD CONSTRAINT `holidays_user_id_foreign` FOREIGN KEY (`user_id`) REFERENCES `users` (`id`) ON UPDATE CASCADE;

--
-- Constraints for table `hotspots`
--
ALTER TABLE `hotspots`
  ADD CONSTRAINT `hotspots_branch_id_foreign` FOREIGN KEY (`branch_id`) REFERENCES `branches` (`id`) ON DELETE RESTRICT ON UPDATE CASCADE,
  ADD CONSTRAINT `hotspots_company_id_foreign` FOREIGN KEY (`company_id`) REFERENCES `companies` (`id`) ON DELETE RESTRICT ON UPDATE CASCADE,
  ADD CONSTRAINT `hotspots_mikrotik_device_id_foreign` FOREIGN KEY (`mikrotik_device_id`) REFERENCES `mikrotik_devices` (`id`) ON DELETE RESTRICT ON UPDATE CASCADE,
  ADD CONSTRAINT `hotspots_user_id_foreign` FOREIGN KEY (`user_id`) REFERENCES `users` (`id`) ON UPDATE CASCADE;

--
-- Constraints for table `job_categories`
--
ALTER TABLE `job_categories`
  ADD CONSTRAINT `job_categories_company_id_foreign` FOREIGN KEY (`company_id`) REFERENCES `companies` (`id`) ON DELETE RESTRICT ON UPDATE CASCADE,
  ADD CONSTRAINT `job_categories_process_category_id_foreign` FOREIGN KEY (`process_category_id`) REFERENCES `process_categories` (`id`) ON DELETE RESTRICT ON UPDATE CASCADE,
  ADD CONSTRAINT `job_categories_user_id_foreign` FOREIGN KEY (`user_id`) REFERENCES `users` (`id`) ON UPDATE CASCADE;

--
-- Constraints for table `job_lists`
--
ALTER TABLE `job_lists`
  ADD CONSTRAINT `job_lists_company_id_foreign` FOREIGN KEY (`company_id`) REFERENCES `companies` (`id`) ON DELETE RESTRICT ON UPDATE CASCADE,
  ADD CONSTRAINT `job_lists_job_category_id_foreign` FOREIGN KEY (`job_category_id`) REFERENCES `job_categories` (`id`) ON DELETE RESTRICT ON UPDATE CASCADE,
  ADD CONSTRAINT `job_lists_user_id_foreign` FOREIGN KEY (`user_id`) REFERENCES `users` (`id`) ON UPDATE CASCADE;

--
-- Constraints for table `mac_addresses`
--
ALTER TABLE `mac_addresses`
  ADD CONSTRAINT `mac_addresses_branch_id_foreign` FOREIGN KEY (`branch_id`) REFERENCES `branches` (`id`) ON DELETE RESTRICT ON UPDATE CASCADE,
  ADD CONSTRAINT `mac_addresses_company_id_foreign` FOREIGN KEY (`company_id`) REFERENCES `companies` (`id`) ON DELETE RESTRICT ON UPDATE CASCADE,
  ADD CONSTRAINT `mac_addresses_mikrotik_device_id_foreign` FOREIGN KEY (`mikrotik_device_id`) REFERENCES `mikrotik_devices` (`id`) ON DELETE RESTRICT ON UPDATE CASCADE,
  ADD CONSTRAINT `mac_addresses_user_id_foreign` FOREIGN KEY (`user_id`) REFERENCES `users` (`id`) ON UPDATE CASCADE;

--
-- Constraints for table `mikrotik_devices`
--
ALTER TABLE `mikrotik_devices`
  ADD CONSTRAINT `mikrotik_devices_branch_id_foreign` FOREIGN KEY (`branch_id`) REFERENCES `branches` (`id`) ON DELETE RESTRICT ON UPDATE CASCADE,
  ADD CONSTRAINT `mikrotik_devices_company_id_foreign` FOREIGN KEY (`company_id`) REFERENCES `companies` (`id`) ON DELETE RESTRICT ON UPDATE CASCADE,
  ADD CONSTRAINT `mikrotik_devices_user_id_foreign` FOREIGN KEY (`user_id`) REFERENCES `users` (`id`) ON UPDATE CASCADE;

--
-- Constraints for table `model_has_permissions`
--
ALTER TABLE `model_has_permissions`
  ADD CONSTRAINT `model_has_permissions_permission_id_foreign` FOREIGN KEY (`permission_id`) REFERENCES `permissions` (`id`) ON DELETE CASCADE;

--
-- Constraints for table `model_has_roles`
--
ALTER TABLE `model_has_roles`
  ADD CONSTRAINT `model_has_roles_role_id_foreign` FOREIGN KEY (`role_id`) REFERENCES `roles` (`id`) ON DELETE CASCADE;

--
-- Constraints for table `post_offices`
--
ALTER TABLE `post_offices`
  ADD CONSTRAINT `post_offices_district_id_foreign` FOREIGN KEY (`district_id`) REFERENCES `districts` (`id`) ON DELETE RESTRICT ON UPDATE CASCADE,
  ADD CONSTRAINT `post_offices_user_id_foreign` FOREIGN KEY (`user_id`) REFERENCES `users` (`id`) ON UPDATE CASCADE;

--
-- Constraints for table `process_categories`
--
ALTER TABLE `process_categories`
  ADD CONSTRAINT `process_categories_company_id_foreign` FOREIGN KEY (`company_id`) REFERENCES `companies` (`id`) ON DELETE RESTRICT ON UPDATE CASCADE,
  ADD CONSTRAINT `process_categories_user_id_foreign` FOREIGN KEY (`user_id`) REFERENCES `users` (`id`) ON UPDATE CASCADE;

--
-- Constraints for table `process_offices`
--
ALTER TABLE `process_offices`
  ADD CONSTRAINT `process_offices_company_id_foreign` FOREIGN KEY (`company_id`) REFERENCES `companies` (`id`) ON DELETE RESTRICT ON UPDATE CASCADE,
  ADD CONSTRAINT `process_offices_user_id_foreign` FOREIGN KEY (`user_id`) REFERENCES `users` (`id`) ON UPDATE CASCADE;

--
-- Constraints for table `process_steps`
--
ALTER TABLE `process_steps`
  ADD CONSTRAINT `process_steps_company_id_foreign` FOREIGN KEY (`company_id`) REFERENCES `companies` (`id`) ON DELETE RESTRICT ON UPDATE CASCADE,
  ADD CONSTRAINT `process_steps_user_id_foreign` FOREIGN KEY (`user_id`) REFERENCES `users` (`id`) ON UPDATE CASCADE;

--
-- Constraints for table `roles`
--
ALTER TABLE `roles`
  ADD CONSTRAINT `roles_company_id_foreign` FOREIGN KEY (`company_id`) REFERENCES `companies` (`id`) ON DELETE RESTRICT ON UPDATE CASCADE,
  ADD CONSTRAINT `roles_user_id_foreign` FOREIGN KEY (`user_id`) REFERENCES `users` (`id`) ON UPDATE CASCADE;

--
-- Constraints for table `role_has_permissions`
--
ALTER TABLE `role_has_permissions`
  ADD CONSTRAINT `role_has_permissions_permission_id_foreign` FOREIGN KEY (`permission_id`) REFERENCES `permissions` (`id`) ON DELETE CASCADE,
  ADD CONSTRAINT `role_has_permissions_role_id_foreign` FOREIGN KEY (`role_id`) REFERENCES `roles` (`id`) ON DELETE CASCADE;

--
-- Constraints for table `rosters`
--
ALTER TABLE `rosters`
  ADD CONSTRAINT `rosters_company_id_foreign` FOREIGN KEY (`company_id`) REFERENCES `companies` (`id`) ON DELETE RESTRICT ON UPDATE CASCADE,
  ADD CONSTRAINT `rosters_user_id_foreign` FOREIGN KEY (`user_id`) REFERENCES `users` (`id`) ON UPDATE CASCADE;

--
-- Constraints for table `states`
--
ALTER TABLE `states`
  ADD CONSTRAINT `states_country_id_foreign` FOREIGN KEY (`country_id`) REFERENCES `countries` (`id`) ON DELETE RESTRICT ON UPDATE CASCADE,
  ADD CONSTRAINT `states_user_id_foreign` FOREIGN KEY (`user_id`) REFERENCES `users` (`id`) ON UPDATE CASCADE;

--
-- Constraints for table `thanas`
--
ALTER TABLE `thanas`
  ADD CONSTRAINT `thanas_district_id_foreign` FOREIGN KEY (`district_id`) REFERENCES `districts` (`id`) ON DELETE RESTRICT ON UPDATE CASCADE,
  ADD CONSTRAINT `thanas_user_id_foreign` FOREIGN KEY (`user_id`) REFERENCES `users` (`id`) ON UPDATE CASCADE;

--
-- Constraints for table `users`
--
ALTER TABLE `users`
  ADD CONSTRAINT `users_company_id_foreign` FOREIGN KEY (`company_id`) REFERENCES `companies` (`id`) ON DELETE CASCADE ON UPDATE CASCADE;

--
-- Constraints for table `work_permits`
--
ALTER TABLE `work_permits`
  ADD CONSTRAINT `work_permits_continent_id_foreign` FOREIGN KEY (`continent_id`) REFERENCES `continents` (`id`) ON DELETE RESTRICT ON UPDATE CASCADE,
  ADD CONSTRAINT `work_permits_country_id_foreign` FOREIGN KEY (`country_id`) REFERENCES `countries` (`id`) ON DELETE RESTRICT ON UPDATE CASCADE,
  ADD CONSTRAINT `work_permits_user_id_foreign` FOREIGN KEY (`user_id`) REFERENCES `users` (`id`) ON DELETE RESTRICT ON UPDATE CASCADE;
COMMIT;

/*!40101 SET CHARACTER_SET_CLIENT=@OLD_CHARACTER_SET_CLIENT */;
/*!40101 SET CHARACTER_SET_RESULTS=@OLD_CHARACTER_SET_RESULTS */;
/*!40101 SET COLLATION_CONNECTION=@OLD_COLLATION_CONNECTION */;
